One or more browsers which are configured in the project's Browserslist configuration will be ignored as ES5 output is not supported by the Angular CLI.
Ignored browsers: node 26.7.0, node 24.19.0, node 22.23.0, op_mini all
- Generating browser application bundles (phase: setup)...
    Components styles sourcemaps are not generated when styles optimization is enabled.
✔ Browser application bundle generation complete.
✔ Browser application bundle generation complete.

./src/app/features/tasks/task/task.component.scss?ngResource - Warning: Module Warning (from ./node_modules/@angular-devkit/build-angular/node_modules/sass-loader/dist/cjs.js):
Deprecation This operation is parsed as:

    $task-is-done-dim-opacity + 0.1

but you may have intended it to mean:

    $task-is-done-dim-opacity (+0.1)

Add a space after + to clarify that it's meant to be a binary operation, or wrap
it in parentheses to make it a unary operation. This will be an error in future
versions of Sass.

More info and automated migrator: https://sass-lang.com/d/strict-unary

null

./src/app/ui/duration/input-duration-slider/input-duration-slider.component.scss?ngResource - Warning: Module Warning (from ./node_modules/@angular-devkit/build-angular/node_modules/sass-loader/dist/cjs.js):
Deprecation This operation is parsed as:

    -$this-handle-size / 2 + $this-circle-width / 2

but you may have intended it to mean:

    -$this-handle-size / 2 (+$this-circle-width / 2)

Add a space after + to clarify that it's meant to be a binary operation, or wrap
it in parentheses to make it a unary operation. This will be an error in future
versions of Sass.

More info and automated migrator: https://sass-lang.com/d/strict-unary

null

Warning: /Users/jacksm5pro/dev/open-source/versionless/.versionless/stage/angular-super-productivity-v2-13-15-u18b/app/node_modules/ng2-dragula/fesm2022/ng2-dragula.mjs depends on 'dragula'. CommonJS or AMD dependencies can cause optimization bailouts.
For more info see: https://angular.io/guide/build#configuring-commonjs-dependencies

Warning: /Users/jacksm5pro/dev/open-source/versionless/.versionless/stage/angular-super-productivity-v2-13-15-u18b/app/src/app/core/error-handler/global-error-handler.class.ts depends on 'stacktrace-js'. CommonJS or AMD dependencies can cause optimization bailouts.
For more info see: https://angular.io/guide/build#configuring-commonjs-dependencies

Warning: /Users/jacksm5pro/dev/open-source/versionless/.versionless/stage/angular-super-productivity-v2-13-15-u18b/app/src/app/core/language/language.service.ts depends on 'moment'. CommonJS or AMD dependencies can cause optimization bailouts.
For more info see: https://angular.io/guide/build#configuring-commonjs-dependencies

Warning: /Users/jacksm5pro/dev/open-source/versionless/.versionless/stage/angular-super-productivity-v2-13-15-u18b/app/src/app/core/persistence/database.service.ts depends on 'localforage'. CommonJS or AMD dependencies can cause optimization bailouts.
For more info see: https://angular.io/guide/build#configuring-commonjs-dependencies

Warning: /Users/jacksm5pro/dev/open-source/versionless/.versionless/stage/angular-super-productivity-v2-13-15-u18b/app/src/app/features/reminder/reminder.service.ts depends on 'throttle-debounce'. CommonJS or AMD dependencies can cause optimization bailouts.
For more info see: https://angular.io/guide/build#configuring-commonjs-dependencies

Warning: /Users/jacksm5pro/dev/open-source/versionless/.versionless/stage/angular-super-productivity-v2-13-15-u18b/app/src/app/ui/pipes/jira-to-markdown.pipe.ts depends on 'jira2md'. CommonJS or AMD dependencies can cause optimization bailouts.
For more info see: https://angular.io/guide/build#configuring-commonjs-dependencies

Warning: /Users/jacksm5pro/dev/open-source/versionless/.versionless/stage/angular-super-productivity-v2-13-15-u18b/app/src/app/util/download.ts depends on 'file-saver'. CommonJS or AMD dependencies can cause optimization bailouts.
For more info see: https://angular.io/guide/build#configuring-commonjs-dependencies

Warning: ▲ [WARNING] Comments in CSS use "/* ... */" instead of "//" [js-comment-in-css]

    /Users/jacksm5pro/dev/open-source/versionless/.versionless/stage/angular-super-productivity-v2-13-15-u18b/app/src/app/app.component.scss:2:18:
      2 │ /******/ (() => { // webpackBootstrap
        ╵                   ~~



Warning: ▲ [WARNING] Comments in CSS use "/* ... */" instead of "//" [js-comment-in-css]

    /Users/jacksm5pro/dev/open-source/versionless/.versionless/stage/angular-super-productivity-v2-13-15-u18b/app/src/app/app.component.scss:15:10:
      15 │ /******/  // startup
         ╵           ~~



Warning: ▲ [WARNING] Comments in CSS use "/* ... */" instead of "//" [js-comment-in-css]

    /Users/jacksm5pro/dev/open-source/versionless/.versionless/stage/angular-super-productivity-v2-13-15-u18b/app/src/app/app.component.scss:16:10:
      16 │ /******/  // Load entry module and return exports
         ╵           ~~



Warning: ▲ [WARNING] Comments in CSS use "/* ... */" instead of "//" [js-comment-in-css]

    /Users/jacksm5pro/dev/open-source/versionless/.versionless/stage/angular-super-productivity-v2-13-15-u18b/app/src/app/app.component.scss:17:10:
      17 │ /******/  // This entry module doesn't tell about it's top-level d...
         ╵           ~~



Warning: ▲ [WARNING] Comments in CSS use "/* ... */" instead of "//" [js-comment-in-css]

    /Users/jacksm5pro/dev/open-source/versionless/.versionless/stage/angular-super-productivity-v2-13-15-u18b/app/src/app/core-ui/main-header/main-header.component.scss:2:18:
      2 │ /******/ (() => { // webpackBootstrap
        ╵                   ~~



Warning: ▲ [WARNING] Comments in CSS use "/* ... */" instead of "//" [js-comment-in-css]

    /Users/jacksm5pro/dev/open-source/versionless/.versionless/stage/angular-super-productivity-v2-13-15-u18b/app/src/app/core-ui/main-header/main-header.component.scss:15:10:
      15 │ /******/  // startup
         ╵           ~~



Warning: ▲ [WARNING] Comments in CSS use "/* ... */" instead of "//" [js-comment-in-css]

    /Users/jacksm5pro/dev/open-source/versionless/.versionless/stage/angular-super-productivity-v2-13-15-u18b/app/src/app/core-ui/main-header/main-header.component.scss:16:10:
      16 │ /******/  // Load entry module and return exports
         ╵           ~~



Warning: ▲ [WARNING] Comments in CSS use "/* ... */" instead of "//" [js-comment-in-css]

    /Users/jacksm5pro/dev/open-source/versionless/.versionless/stage/angular-super-productivity-v2-13-15-u18b/app/src/app/core-ui/main-header/main-header.component.scss:17:10:
      17 │ /******/  // This entry module doesn't tell about it's top-level d...
         ╵           ~~



Warning: ▲ [WARNING] Comments in CSS use "/* ... */" instead of "//" [js-comment-in-css]

    /Users/jacksm5pro/dev/open-source/versionless/.versionless/stage/angular-super-productivity-v2-13-15-u18b/app/src/app/core-ui/side-nav/side-nav.component.scss:2:18:
      2 │ /******/ (() => { // webpackBootstrap
        ╵                   ~~



Warning: ▲ [WARNING] Comments in CSS use "/* ... */" instead of "//" [js-comment-in-css]

    /Users/jacksm5pro/dev/open-source/versionless/.versionless/stage/angular-super-productivity-v2-13-15-u18b/app/src/app/core-ui/side-nav/side-nav.component.scss:15:10:
      15 │ /******/  // startup
         ╵           ~~



Warning: ▲ [WARNING] Comments in CSS use "/* ... */" instead of "//" [js-comment-in-css]

    /Users/jacksm5pro/dev/open-source/versionless/.versionless/stage/angular-super-productivity-v2-13-15-u18b/app/src/app/core-ui/side-nav/side-nav.component.scss:16:10:
      16 │ /******/  // Load entry module and return exports
         ╵           ~~



Warning: ▲ [WARNING] Comments in CSS use "/* ... */" instead of "//" [js-comment-in-css]

    /Users/jacksm5pro/dev/open-source/versionless/.versionless/stage/angular-super-productivity-v2-13-15-u18b/app/src/app/core-ui/side-nav/side-nav.component.scss:17:10:
      17 │ /******/  // This entry module doesn't tell about it's top-level d...
         ╵           ~~



Warning: ▲ [WARNING] Comments in CSS use "/* ... */" instead of "//" [js-comment-in-css]

    /Users/jacksm5pro/dev/open-source/versionless/.versionless/stage/angular-super-productivity-v2-13-15-u18b/app/src/app/core/banner/banner/banner.component.scss:2:18:
      2 │ /******/ (() => { // webpackBootstrap
        ╵                   ~~



Warning: ▲ [WARNING] Comments in CSS use "/* ... */" instead of "//" [js-comment-in-css]

    /Users/jacksm5pro/dev/open-source/versionless/.versionless/stage/angular-super-productivity-v2-13-15-u18b/app/src/app/core/banner/banner/banner.component.scss:15:10:
      15 │ /******/  // startup
         ╵           ~~



Warning: ▲ [WARNING] Comments in CSS use "/* ... */" instead of "//" [js-comment-in-css]

    /Users/jacksm5pro/dev/open-source/versionless/.versionless/stage/angular-super-productivity-v2-13-15-u18b/app/src/app/core/banner/banner/banner.component.scss:16:10:
      16 │ /******/  // Load entry module and return exports
         ╵           ~~



Warning: ▲ [WARNING] Comments in CSS use "/* ... */" instead of "//" [js-comment-in-css]

    /Users/jacksm5pro/dev/open-source/versionless/.versionless/stage/angular-super-productivity-v2-13-15-u18b/app/src/app/core/banner/banner/banner.component.scss:17:10:
      17 │ /******/  // This entry module doesn't tell about it's top-level d...
         ╵           ~~



Warning: ▲ [WARNING] Comments in CSS use "/* ... */" instead of "//" [js-comment-in-css]

    /Users/jacksm5pro/dev/open-source/versionless/.versionless/stage/angular-super-productivity-v2-13-15-u18b/app/src/app/core/snack/snack-custom/snack-custom.component.scss:2:18:
      2 │ /******/ (() => { // webpackBootstrap
        ╵                   ~~



Warning: ▲ [WARNING] Comments in CSS use "/* ... */" instead of "//" [js-comment-in-css]

    /Users/jacksm5pro/dev/open-source/versionless/.versionless/stage/angular-super-productivity-v2-13-15-u18b/app/src/app/core/snack/snack-custom/snack-custom.component.scss:15:10:
      15 │ /******/  // startup
         ╵           ~~



Warning: ▲ [WARNING] Comments in CSS use "/* ... */" instead of "//" [js-comment-in-css]

    /Users/jacksm5pro/dev/open-source/versionless/.versionless/stage/angular-super-productivity-v2-13-15-u18b/app/src/app/core/snack/snack-custom/snack-custom.component.scss:16:10:
      16 │ /******/  // Load entry module and return exports
         ╵           ~~



Warning: ▲ [WARNING] Comments in CSS use "/* ... */" instead of "//" [js-comment-in-css]

    /Users/jacksm5pro/dev/open-source/versionless/.versionless/stage/angular-super-productivity-v2-13-15-u18b/app/src/app/core/snack/snack-custom/snack-custom.component.scss:17:10:
      17 │ /******/  // This entry module doesn't tell about it's top-level d...
         ╵           ~~



Warning: ▲ [WARNING] Comments in CSS use "/* ... */" instead of "//" [js-comment-in-css]

    /Users/jacksm5pro/dev/open-source/versionless/.versionless/stage/angular-super-productivity-v2-13-15-u18b/app/src/app/features/attachment/attachment-list/attachment-list.component.scss:2:18:
      2 │ /******/ (() => { // webpackBootstrap
        ╵                   ~~



Warning: ▲ [WARNING] Comments in CSS use "/* ... */" instead of "//" [js-comment-in-css]

    /Users/jacksm5pro/dev/open-source/versionless/.versionless/stage/angular-super-productivity-v2-13-15-u18b/app/src/app/features/attachment/attachment-list/attachment-list.component.scss:15:10:
      15 │ /******/  // startup
         ╵           ~~



Warning: ▲ [WARNING] Comments in CSS use "/* ... */" instead of "//" [js-comment-in-css]

    /Users/jacksm5pro/dev/open-source/versionless/.versionless/stage/angular-super-productivity-v2-13-15-u18b/app/src/app/features/attachment/attachment-list/attachment-list.component.scss:16:10:
      16 │ /******/  // Load entry module and return exports
         ╵           ~~



Warning: ▲ [WARNING] Comments in CSS use "/* ... */" instead of "//" [js-comment-in-css]

    /Users/jacksm5pro/dev/open-source/versionless/.versionless/stage/angular-super-productivity-v2-13-15-u18b/app/src/app/features/attachment/attachment-list/attachment-list.component.scss:17:10:
      17 │ /******/  // This entry module doesn't tell about it's top-level d...
         ╵           ~~



Warning: ▲ [WARNING] Comments in CSS use "/* ... */" instead of "//" [js-comment-in-css]

    /Users/jacksm5pro/dev/open-source/versionless/.versionless/stage/angular-super-productivity-v2-13-15-u18b/app/src/app/features/bookmark/bookmark-bar/bookmark-bar.component.scss:2:18:
      2 │ /******/ (() => { // webpackBootstrap
        ╵                   ~~



Warning: ▲ [WARNING] Comments in CSS use "/* ... */" instead of "//" [js-comment-in-css]

    /Users/jacksm5pro/dev/open-source/versionless/.versionless/stage/angular-super-productivity-v2-13-15-u18b/app/src/app/features/bookmark/bookmark-bar/bookmark-bar.component.scss:15:10:
      15 │ /******/  // startup
         ╵           ~~



Warning: ▲ [WARNING] Comments in CSS use "/* ... */" instead of "//" [js-comment-in-css]

    /Users/jacksm5pro/dev/open-source/versionless/.versionless/stage/angular-super-productivity-v2-13-15-u18b/app/src/app/features/bookmark/bookmark-bar/bookmark-bar.component.scss:16:10:
      16 │ /******/  // Load entry module and return exports
         ╵           ~~



Warning: ▲ [WARNING] Comments in CSS use "/* ... */" instead of "//" [js-comment-in-css]

    /Users/jacksm5pro/dev/open-source/versionless/.versionless/stage/angular-super-productivity-v2-13-15-u18b/app/src/app/features/bookmark/bookmark-bar/bookmark-bar.component.scss:17:10:
      17 │ /******/  // This entry module doesn't tell about it's top-level d...
         ╵           ~~



Warning: ▲ [WARNING] Comments in CSS use "/* ... */" instead of "//" [js-comment-in-css]

    /Users/jacksm5pro/dev/open-source/versionless/.versionless/stage/angular-super-productivity-v2-13-15-u18b/app/src/app/features/config/config-form/config-form.component.scss:2:18:
      2 │ /******/ (() => { // webpackBootstrap
        ╵                   ~~



Warning: ▲ [WARNING] Comments in CSS use "/* ... */" instead of "//" [js-comment-in-css]

    /Users/jacksm5pro/dev/open-source/versionless/.versionless/stage/angular-super-productivity-v2-13-15-u18b/app/src/app/features/config/config-form/config-form.component.scss:15:10:
      15 │ /******/  // startup
         ╵           ~~



Warning: ▲ [WARNING] Comments in CSS use "/* ... */" instead of "//" [js-comment-in-css]

    /Users/jacksm5pro/dev/open-source/versionless/.versionless/stage/angular-super-productivity-v2-13-15-u18b/app/src/app/features/config/config-form/config-form.component.scss:16:10:
      16 │ /******/  // Load entry module and return exports
         ╵           ~~



Warning: ▲ [WARNING] Comments in CSS use "/* ... */" instead of "//" [js-comment-in-css]

    /Users/jacksm5pro/dev/open-source/versionless/.versionless/stage/angular-super-productivity-v2-13-15-u18b/app/src/app/features/config/config-form/config-form.component.scss:17:10:
      17 │ /******/  // This entry module doesn't tell about it's top-level d...
         ╵           ~~



Warning: ▲ [WARNING] Comments in CSS use "/* ... */" instead of "//" [js-comment-in-css]

    /Users/jacksm5pro/dev/open-source/versionless/.versionless/stage/angular-super-productivity-v2-13-15-u18b/app/src/app/features/config/config-section/config-section.component.scss:2:18:
      2 │ /******/ (() => { // webpackBootstrap
        ╵                   ~~



Warning: ▲ [WARNING] Comments in CSS use "/* ... */" instead of "//" [js-comment-in-css]

    /Users/jacksm5pro/dev/open-source/versionless/.versionless/stage/angular-super-productivity-v2-13-15-u18b/app/src/app/features/config/config-section/config-section.component.scss:15:10:
      15 │ /******/  // startup
         ╵           ~~



Warning: ▲ [WARNING] Comments in CSS use "/* ... */" instead of "//" [js-comment-in-css]

    /Users/jacksm5pro/dev/open-source/versionless/.versionless/stage/angular-super-productivity-v2-13-15-u18b/app/src/app/features/config/config-section/config-section.component.scss:16:10:
      16 │ /******/  // Load entry module and return exports
         ╵           ~~



Warning: ▲ [WARNING] Comments in CSS use "/* ... */" instead of "//" [js-comment-in-css]

    /Users/jacksm5pro/dev/open-source/versionless/.versionless/stage/angular-super-productivity-v2-13-15-u18b/app/src/app/features/config/config-section/config-section.component.scss:17:10:
      17 │ /******/  // This entry module doesn't tell about it's top-level d...
         ╵           ~~



Warning: ▲ [WARNING] Comments in CSS use "/* ... */" instead of "//" [js-comment-in-css]

    /Users/jacksm5pro/dev/open-source/versionless/.versionless/stage/angular-super-productivity-v2-13-15-u18b/app/src/app/features/google/google-sync-cfg/google-sync-cfg.component.scss:2:18:
      2 │ /******/ (() => { // webpackBootstrap
        ╵                   ~~



Warning: ▲ [WARNING] Comments in CSS use "/* ... */" instead of "//" [js-comment-in-css]

    /Users/jacksm5pro/dev/open-source/versionless/.versionless/stage/angular-super-productivity-v2-13-15-u18b/app/src/app/features/google/google-sync-cfg/google-sync-cfg.component.scss:15:10:
      15 │ /******/  // startup
         ╵           ~~



Warning: ▲ [WARNING] Comments in CSS use "/* ... */" instead of "//" [js-comment-in-css]

    /Users/jacksm5pro/dev/open-source/versionless/.versionless/stage/angular-super-productivity-v2-13-15-u18b/app/src/app/features/google/google-sync-cfg/google-sync-cfg.component.scss:16:10:
      16 │ /******/  // Load entry module and return exports
         ╵           ~~



Warning: ▲ [WARNING] Comments in CSS use "/* ... */" instead of "//" [js-comment-in-css]

    /Users/jacksm5pro/dev/open-source/versionless/.versionless/stage/angular-super-productivity-v2-13-15-u18b/app/src/app/features/google/google-sync-cfg/google-sync-cfg.component.scss:17:10:
      17 │ /******/  // This entry module doesn't tell about it's top-level d...
         ╵           ~~



Warning: ▲ [WARNING] Comments in CSS use "/* ... */" instead of "//" [js-comment-in-css]

    /Users/jacksm5pro/dev/open-source/versionless/.versionless/stage/angular-super-productivity-v2-13-15-u18b/app/src/app/features/issue/github/github-issue/github-issue-content/github-issue-content.component.scss:2:18:
      2 │ /******/ (() => { // webpackBootstrap
        ╵                   ~~



Warning: ▲ [WARNING] Comments in CSS use "/* ... */" instead of "//" [js-comment-in-css]

    /Users/jacksm5pro/dev/open-source/versionless/.versionless/stage/angular-super-productivity-v2-13-15-u18b/app/src/app/features/issue/github/github-issue/github-issue-content/github-issue-content.component.scss:15:10:
      15 │ /******/  // startup
         ╵           ~~



Warning: ▲ [WARNING] Comments in CSS use "/* ... */" instead of "//" [js-comment-in-css]

    /Users/jacksm5pro/dev/open-source/versionless/.versionless/stage/angular-super-productivity-v2-13-15-u18b/app/src/app/features/issue/github/github-issue/github-issue-content/github-issue-content.component.scss:16:10:
      16 │ /******/  // Load entry module and return exports
         ╵           ~~



Warning: ▲ [WARNING] Comments in CSS use "/* ... */" instead of "//" [js-comment-in-css]

    /Users/jacksm5pro/dev/open-source/versionless/.versionless/stage/angular-super-productivity-v2-13-15-u18b/app/src/app/features/issue/github/github-issue/github-issue-content/github-issue-content.component.scss:17:10:
      17 │ /******/  // This entry module doesn't tell about it's top-level d...
         ╵           ~~



Warning: ▲ [WARNING] Comments in CSS use "/* ... */" instead of "//" [js-comment-in-css]

    /Users/jacksm5pro/dev/open-source/versionless/.versionless/stage/angular-super-productivity-v2-13-15-u18b/app/src/app/features/issue/jira/jira-cfg-stepper/jira-cfg-stepper.component.scss:2:18:
      2 │ /******/ (() => { // webpackBootstrap
        ╵                   ~~



Warning: ▲ [WARNING] Comments in CSS use "/* ... */" instead of "//" [js-comment-in-css]

    /Users/jacksm5pro/dev/open-source/versionless/.versionless/stage/angular-super-productivity-v2-13-15-u18b/app/src/app/features/issue/jira/jira-cfg-stepper/jira-cfg-stepper.component.scss:15:10:
      15 │ /******/  // startup
         ╵           ~~



Warning: ▲ [WARNING] Comments in CSS use "/* ... */" instead of "//" [js-comment-in-css]

    /Users/jacksm5pro/dev/open-source/versionless/.versionless/stage/angular-super-productivity-v2-13-15-u18b/app/src/app/features/issue/jira/jira-cfg-stepper/jira-cfg-stepper.component.scss:16:10:
      16 │ /******/  // Load entry module and return exports
         ╵           ~~



Warning: ▲ [WARNING] Comments in CSS use "/* ... */" instead of "//" [js-comment-in-css]

    /Users/jacksm5pro/dev/open-source/versionless/.versionless/stage/angular-super-productivity-v2-13-15-u18b/app/src/app/features/issue/jira/jira-cfg-stepper/jira-cfg-stepper.component.scss:17:10:
      17 │ /******/  // This entry module doesn't tell about it's top-level d...
         ╵           ~~



Warning: ▲ [WARNING] Comments in CSS use "/* ... */" instead of "//" [js-comment-in-css]

    /Users/jacksm5pro/dev/open-source/versionless/.versionless/stage/angular-super-productivity-v2-13-15-u18b/app/src/app/features/issue/jira/jira-cfg/jira-cfg.component.scss:2:18:
      2 │ /******/ (() => { // webpackBootstrap
        ╵                   ~~



Warning: ▲ [WARNING] Comments in CSS use "/* ... */" instead of "//" [js-comment-in-css]

    /Users/jacksm5pro/dev/open-source/versionless/.versionless/stage/angular-super-productivity-v2-13-15-u18b/app/src/app/features/issue/jira/jira-cfg/jira-cfg.component.scss:15:10:
      15 │ /******/  // startup
         ╵           ~~



Warning: ▲ [WARNING] Comments in CSS use "/* ... */" instead of "//" [js-comment-in-css]

    /Users/jacksm5pro/dev/open-source/versionless/.versionless/stage/angular-super-productivity-v2-13-15-u18b/app/src/app/features/issue/jira/jira-cfg/jira-cfg.component.scss:16:10:
      16 │ /******/  // Load entry module and return exports
         ╵           ~~



Warning: ▲ [WARNING] Comments in CSS use "/* ... */" instead of "//" [js-comment-in-css]

    /Users/jacksm5pro/dev/open-source/versionless/.versionless/stage/angular-super-productivity-v2-13-15-u18b/app/src/app/features/issue/jira/jira-cfg/jira-cfg.component.scss:17:10:
      17 │ /******/  // This entry module doesn't tell about it's top-level d...
         ╵           ~~



Warning: ▲ [WARNING] Comments in CSS use "/* ... */" instead of "//" [js-comment-in-css]

    /Users/jacksm5pro/dev/open-source/versionless/.versionless/stage/angular-super-productivity-v2-13-15-u18b/app/src/app/features/issue/jira/jira-issue/jira-issue-content/jira-issue-content.component.scss:2:18:
      2 │ /******/ (() => { // webpackBootstrap
        ╵                   ~~



Warning: ▲ [WARNING] Comments in CSS use "/* ... */" instead of "//" [js-comment-in-css]

    /Users/jacksm5pro/dev/open-source/versionless/.versionless/stage/angular-super-productivity-v2-13-15-u18b/app/src/app/features/issue/jira/jira-issue/jira-issue-content/jira-issue-content.component.scss:15:10:
      15 │ /******/  // startup
         ╵           ~~



Warning: ▲ [WARNING] Comments in CSS use "/* ... */" instead of "//" [js-comment-in-css]

    /Users/jacksm5pro/dev/open-source/versionless/.versionless/stage/angular-super-productivity-v2-13-15-u18b/app/src/app/features/issue/jira/jira-issue/jira-issue-content/jira-issue-content.component.scss:16:10:
      16 │ /******/  // Load entry module and return exports
         ╵           ~~



Warning: ▲ [WARNING] Comments in CSS use "/* ... */" instead of "//" [js-comment-in-css]

    /Users/jacksm5pro/dev/open-source/versionless/.versionless/stage/angular-super-productivity-v2-13-15-u18b/app/src/app/features/issue/jira/jira-issue/jira-issue-content/jira-issue-content.component.scss:17:10:
      17 │ /******/  // This entry module doesn't tell about it's top-level d...
         ╵           ~~



Warning: ▲ [WARNING] Comments in CSS use "/* ... */" instead of "//" [js-comment-in-css]

    /Users/jacksm5pro/dev/open-source/versionless/.versionless/stage/angular-super-productivity-v2-13-15-u18b/app/src/app/features/metric/evaluation-sheet/evaluation-sheet.component.scss:2:18:
      2 │ /******/ (() => { // webpackBootstrap
        ╵                   ~~



Warning: ▲ [WARNING] Comments in CSS use "/* ... */" instead of "//" [js-comment-in-css]

    /Users/jacksm5pro/dev/open-source/versionless/.versionless/stage/angular-super-productivity-v2-13-15-u18b/app/src/app/features/metric/evaluation-sheet/evaluation-sheet.component.scss:15:10:
      15 │ /******/  // startup
         ╵           ~~



Warning: ▲ [WARNING] Comments in CSS use "/* ... */" instead of "//" [js-comment-in-css]

    /Users/jacksm5pro/dev/open-source/versionless/.versionless/stage/angular-super-productivity-v2-13-15-u18b/app/src/app/features/metric/evaluation-sheet/evaluation-sheet.component.scss:16:10:
      16 │ /******/  // Load entry module and return exports
         ╵           ~~



Warning: ▲ [WARNING] Comments in CSS use "/* ... */" instead of "//" [js-comment-in-css]

    /Users/jacksm5pro/dev/open-source/versionless/.versionless/stage/angular-super-productivity-v2-13-15-u18b/app/src/app/features/metric/evaluation-sheet/evaluation-sheet.component.scss:17:10:
      17 │ /******/  // This entry module doesn't tell about it's top-level d...
         ╵           ~~



Warning: ▲ [WARNING] Comments in CSS use "/* ... */" instead of "//" [js-comment-in-css]

    /Users/jacksm5pro/dev/open-source/versionless/.versionless/stage/angular-super-productivity-v2-13-15-u18b/app/src/app/features/metric/improvement-banner/improvement-banner.component.scss:2:18:
      2 │ /******/ (() => { // webpackBootstrap
        ╵                   ~~



Warning: ▲ [WARNING] Comments in CSS use "/* ... */" instead of "//" [js-comment-in-css]

    /Users/jacksm5pro/dev/open-source/versionless/.versionless/stage/angular-super-productivity-v2-13-15-u18b/app/src/app/features/metric/improvement-banner/improvement-banner.component.scss:15:10:
      15 │ /******/  // startup
         ╵           ~~



Warning: ▲ [WARNING] Comments in CSS use "/* ... */" instead of "//" [js-comment-in-css]

    /Users/jacksm5pro/dev/open-source/versionless/.versionless/stage/angular-super-productivity-v2-13-15-u18b/app/src/app/features/metric/improvement-banner/improvement-banner.component.scss:16:10:
      16 │ /******/  // Load entry module and return exports
         ╵           ~~



Warning: ▲ [WARNING] Comments in CSS use "/* ... */" instead of "//" [js-comment-in-css]

    /Users/jacksm5pro/dev/open-source/versionless/.versionless/stage/angular-super-productivity-v2-13-15-u18b/app/src/app/features/metric/improvement-banner/improvement-banner.component.scss:17:10:
      17 │ /******/  // This entry module doesn't tell about it's top-level d...
         ╵           ~~



Warning: ▲ [WARNING] Comments in CSS use "/* ... */" instead of "//" [js-comment-in-css]

    /Users/jacksm5pro/dev/open-source/versionless/.versionless/stage/angular-super-productivity-v2-13-15-u18b/app/src/app/features/metric/metric.component.scss:2:18:
      2 │ /******/ (() => { // webpackBootstrap
        ╵                   ~~



Warning: ▲ [WARNING] Comments in CSS use "/* ... */" instead of "//" [js-comment-in-css]

    /Users/jacksm5pro/dev/open-source/versionless/.versionless/stage/angular-super-productivity-v2-13-15-u18b/app/src/app/features/metric/metric.component.scss:15:10:
      15 │ /******/  // startup
         ╵           ~~



Warning: ▲ [WARNING] Comments in CSS use "/* ... */" instead of "//" [js-comment-in-css]

    /Users/jacksm5pro/dev/open-source/versionless/.versionless/stage/angular-super-productivity-v2-13-15-u18b/app/src/app/features/metric/metric.component.scss:16:10:
      16 │ /******/  // Load entry module and return exports
         ╵           ~~



Warning: ▲ [WARNING] Comments in CSS use "/* ... */" instead of "//" [js-comment-in-css]

    /Users/jacksm5pro/dev/open-source/versionless/.versionless/stage/angular-super-productivity-v2-13-15-u18b/app/src/app/features/metric/metric.component.scss:17:10:
      17 │ /******/  // This entry module doesn't tell about it's top-level d...
         ╵           ~~



Warning: ▲ [WARNING] Comments in CSS use "/* ... */" instead of "//" [js-comment-in-css]

    /Users/jacksm5pro/dev/open-source/versionless/.versionless/stage/angular-super-productivity-v2-13-15-u18b/app/src/app/features/note/dialog-add-note/dialog-add-note.component.scss:2:18:
      2 │ /******/ (() => { // webpackBootstrap
        ╵                   ~~



Warning: ▲ [WARNING] Comments in CSS use "/* ... */" instead of "//" [js-comment-in-css]

    /Users/jacksm5pro/dev/open-source/versionless/.versionless/stage/angular-super-productivity-v2-13-15-u18b/app/src/app/features/note/dialog-add-note/dialog-add-note.component.scss:15:10:
      15 │ /******/  // startup
         ╵           ~~



Warning: ▲ [WARNING] Comments in CSS use "/* ... */" instead of "//" [js-comment-in-css]

    /Users/jacksm5pro/dev/open-source/versionless/.versionless/stage/angular-super-productivity-v2-13-15-u18b/app/src/app/features/note/dialog-add-note/dialog-add-note.component.scss:16:10:
      16 │ /******/  // Load entry module and return exports
         ╵           ~~



Warning: ▲ [WARNING] Comments in CSS use "/* ... */" instead of "//" [js-comment-in-css]

    /Users/jacksm5pro/dev/open-source/versionless/.versionless/stage/angular-super-productivity-v2-13-15-u18b/app/src/app/features/note/dialog-add-note/dialog-add-note.component.scss:17:10:
      17 │ /******/  // This entry module doesn't tell about it's top-level d...
         ╵           ~~



Warning: ▲ [WARNING] Comments in CSS use "/* ... */" instead of "//" [js-comment-in-css]

    /Users/jacksm5pro/dev/open-source/versionless/.versionless/stage/angular-super-productivity-v2-13-15-u18b/app/src/app/features/note/dialog-view-note-reminder/dialog-view-note-reminder.component.scss:2:18:
      2 │ /******/ (() => { // webpackBootstrap
        ╵                   ~~



Warning: ▲ [WARNING] Comments in CSS use "/* ... */" instead of "//" [js-comment-in-css]

    /Users/jacksm5pro/dev/open-source/versionless/.versionless/stage/angular-super-productivity-v2-13-15-u18b/app/src/app/features/note/dialog-view-note-reminder/dialog-view-note-reminder.component.scss:15:10:
      15 │ /******/  // startup
         ╵           ~~



Warning: ▲ [WARNING] Comments in CSS use "/* ... */" instead of "//" [js-comment-in-css]

    /Users/jacksm5pro/dev/open-source/versionless/.versionless/stage/angular-super-productivity-v2-13-15-u18b/app/src/app/features/note/dialog-view-note-reminder/dialog-view-note-reminder.component.scss:16:10:
      16 │ /******/  // Load entry module and return exports
         ╵           ~~



Warning: ▲ [WARNING] Comments in CSS use "/* ... */" instead of "//" [js-comment-in-css]

    /Users/jacksm5pro/dev/open-source/versionless/.versionless/stage/angular-super-productivity-v2-13-15-u18b/app/src/app/features/note/dialog-view-note-reminder/dialog-view-note-reminder.component.scss:17:10:
      17 │ /******/  // This entry module doesn't tell about it's top-level d...
         ╵           ~~



Warning: ▲ [WARNING] Comments in CSS use "/* ... */" instead of "//" [js-comment-in-css]

    /Users/jacksm5pro/dev/open-source/versionless/.versionless/stage/angular-super-productivity-v2-13-15-u18b/app/src/app/features/note/note/note.component.scss:2:18:
      2 │ /******/ (() => { // webpackBootstrap
        ╵                   ~~



Warning: ▲ [WARNING] Comments in CSS use "/* ... */" instead of "//" [js-comment-in-css]

    /Users/jacksm5pro/dev/open-source/versionless/.versionless/stage/angular-super-productivity-v2-13-15-u18b/app/src/app/features/note/note/note.component.scss:15:10:
      15 │ /******/  // startup
         ╵           ~~



Warning: ▲ [WARNING] Comments in CSS use "/* ... */" instead of "//" [js-comment-in-css]

    /Users/jacksm5pro/dev/open-source/versionless/.versionless/stage/angular-super-productivity-v2-13-15-u18b/app/src/app/features/note/note/note.component.scss:16:10:
      16 │ /******/  // Load entry module and return exports
         ╵           ~~



Warning: ▲ [WARNING] Comments in CSS use "/* ... */" instead of "//" [js-comment-in-css]

    /Users/jacksm5pro/dev/open-source/versionless/.versionless/stage/angular-super-productivity-v2-13-15-u18b/app/src/app/features/note/note/note.component.scss:17:10:
      17 │ /******/  // This entry module doesn't tell about it's top-level d...
         ╵           ~~



Warning: ▲ [WARNING] Comments in CSS use "/* ... */" instead of "//" [js-comment-in-css]

    /Users/jacksm5pro/dev/open-source/versionless/.versionless/stage/angular-super-productivity-v2-13-15-u18b/app/src/app/features/note/notes/notes.component.scss:2:18:
      2 │ /******/ (() => { // webpackBootstrap
        ╵                   ~~



Warning: ▲ [WARNING] Comments in CSS use "/* ... */" instead of "//" [js-comment-in-css]

    /Users/jacksm5pro/dev/open-source/versionless/.versionless/stage/angular-super-productivity-v2-13-15-u18b/app/src/app/features/note/notes/notes.component.scss:15:10:
      15 │ /******/  // startup
         ╵           ~~



Warning: ▲ [WARNING] Comments in CSS use "/* ... */" instead of "//" [js-comment-in-css]

    /Users/jacksm5pro/dev/open-source/versionless/.versionless/stage/angular-super-productivity-v2-13-15-u18b/app/src/app/features/note/notes/notes.component.scss:16:10:
      16 │ /******/  // Load entry module and return exports
         ╵           ~~



Warning: ▲ [WARNING] Comments in CSS use "/* ... */" instead of "//" [js-comment-in-css]

    /Users/jacksm5pro/dev/open-source/versionless/.versionless/stage/angular-super-productivity-v2-13-15-u18b/app/src/app/features/note/notes/notes.component.scss:17:10:
      17 │ /******/  // This entry module doesn't tell about it's top-level d...
         ╵           ~~



Warning: ▲ [WARNING] Comments in CSS use "/* ... */" instead of "//" [js-comment-in-css]

    /Users/jacksm5pro/dev/open-source/versionless/.versionless/stage/angular-super-productivity-v2-13-15-u18b/app/src/app/features/procrastination/procrastination.component.scss:2:18:
      2 │ /******/ (() => { // webpackBootstrap
        ╵                   ~~



Warning: ▲ [WARNING] Comments in CSS use "/* ... */" instead of "//" [js-comment-in-css]

    /Users/jacksm5pro/dev/open-source/versionless/.versionless/stage/angular-super-productivity-v2-13-15-u18b/app/src/app/features/procrastination/procrastination.component.scss:15:10:
      15 │ /******/  // startup
         ╵           ~~



Warning: ▲ [WARNING] Comments in CSS use "/* ... */" instead of "//" [js-comment-in-css]

    /Users/jacksm5pro/dev/open-source/versionless/.versionless/stage/angular-super-productivity-v2-13-15-u18b/app/src/app/features/procrastination/procrastination.component.scss:16:10:
      16 │ /******/  // Load entry module and return exports
         ╵           ~~



Warning: ▲ [WARNING] Comments in CSS use "/* ... */" instead of "//" [js-comment-in-css]

    /Users/jacksm5pro/dev/open-source/versionless/.versionless/stage/angular-super-productivity-v2-13-15-u18b/app/src/app/features/procrastination/procrastination.component.scss:17:10:
      17 │ /******/  // This entry module doesn't tell about it's top-level d...
         ╵           ~~



Warning: ▲ [WARNING] Comments in CSS use "/* ... */" instead of "//" [js-comment-in-css]

    /Users/jacksm5pro/dev/open-source/versionless/.versionless/stage/angular-super-productivity-v2-13-15-u18b/app/src/app/features/project/dialogs/create-project/dialog-create-project.component.scss:2:18:
      2 │ /******/ (() => { // webpackBootstrap
        ╵                   ~~



Warning: ▲ [WARNING] Comments in CSS use "/* ... */" instead of "//" [js-comment-in-css]

    /Users/jacksm5pro/dev/open-source/versionless/.versionless/stage/angular-super-productivity-v2-13-15-u18b/app/src/app/features/project/dialogs/create-project/dialog-create-project.component.scss:15:10:
      15 │ /******/  // startup
         ╵           ~~



Warning: ▲ [WARNING] Comments in CSS use "/* ... */" instead of "//" [js-comment-in-css]

    /Users/jacksm5pro/dev/open-source/versionless/.versionless/stage/angular-super-productivity-v2-13-15-u18b/app/src/app/features/project/dialogs/create-project/dialog-create-project.component.scss:16:10:
      16 │ /******/  // Load entry module and return exports
         ╵           ~~



Warning: ▲ [WARNING] Comments in CSS use "/* ... */" instead of "//" [js-comment-in-css]

    /Users/jacksm5pro/dev/open-source/versionless/.versionless/stage/angular-super-productivity-v2-13-15-u18b/app/src/app/features/project/dialogs/create-project/dialog-create-project.component.scss:17:10:
      17 │ /******/  // This entry module doesn't tell about it's top-level d...
         ╵           ~~



Warning: ▲ [WARNING] Comments in CSS use "/* ... */" instead of "//" [js-comment-in-css]

    /Users/jacksm5pro/dev/open-source/versionless/.versionless/stage/angular-super-productivity-v2-13-15-u18b/app/src/app/features/tasks/add-task-bar/add-task-bar.component.scss:2:18:
      2 │ /******/ (() => { // webpackBootstrap
        ╵                   ~~



Warning: ▲ [WARNING] Comments in CSS use "/* ... */" instead of "//" [js-comment-in-css]

    /Users/jacksm5pro/dev/open-source/versionless/.versionless/stage/angular-super-productivity-v2-13-15-u18b/app/src/app/features/tasks/add-task-bar/add-task-bar.component.scss:15:10:
      15 │ /******/  // startup
         ╵           ~~



Warning: ▲ [WARNING] Comments in CSS use "/* ... */" instead of "//" [js-comment-in-css]

    /Users/jacksm5pro/dev/open-source/versionless/.versionless/stage/angular-super-productivity-v2-13-15-u18b/app/src/app/features/tasks/add-task-bar/add-task-bar.component.scss:16:10:
      16 │ /******/  // Load entry module and return exports
         ╵           ~~



Warning: ▲ [WARNING] Comments in CSS use "/* ... */" instead of "//" [js-comment-in-css]

    /Users/jacksm5pro/dev/open-source/versionless/.versionless/stage/angular-super-productivity-v2-13-15-u18b/app/src/app/features/tasks/add-task-bar/add-task-bar.component.scss:17:10:
      17 │ /******/  // This entry module doesn't tell about it's top-level d...
         ╵           ~~



Warning: ▲ [WARNING] Comments in CSS use "/* ... */" instead of "//" [js-comment-in-css]

    /Users/jacksm5pro/dev/open-source/versionless/.versionless/stage/angular-super-productivity-v2-13-15-u18b/app/src/app/features/tasks/dialog-add-time-estimate-for-other-day/dialog-add-time-estimate-for-other-day.component.scss:2:18:
      2 │ /******/ (() => { // webpackBootstrap
        ╵                   ~~



Warning: ▲ [WARNING] Comments in CSS use "/* ... */" instead of "//" [js-comment-in-css]

    /Users/jacksm5pro/dev/open-source/versionless/.versionless/stage/angular-super-productivity-v2-13-15-u18b/app/src/app/features/tasks/dialog-add-time-estimate-for-other-day/dialog-add-time-estimate-for-other-day.component.scss:15:10:
      15 │ /******/  // startup
         ╵           ~~



Warning: ▲ [WARNING] Comments in CSS use "/* ... */" instead of "//" [js-comment-in-css]

    /Users/jacksm5pro/dev/open-source/versionless/.versionless/stage/angular-super-productivity-v2-13-15-u18b/app/src/app/features/tasks/dialog-add-time-estimate-for-other-day/dialog-add-time-estimate-for-other-day.component.scss:16:10:
      16 │ /******/  // Load entry module and return exports
         ╵           ~~



Warning: ▲ [WARNING] Comments in CSS use "/* ... */" instead of "//" [js-comment-in-css]

    /Users/jacksm5pro/dev/open-source/versionless/.versionless/stage/angular-super-productivity-v2-13-15-u18b/app/src/app/features/tasks/dialog-add-time-estimate-for-other-day/dialog-add-time-estimate-for-other-day.component.scss:17:10:
      17 │ /******/  // This entry module doesn't tell about it's top-level d...
         ╵           ~~



Warning: ▲ [WARNING] Comments in CSS use "/* ... */" instead of "//" [js-comment-in-css]

    /Users/jacksm5pro/dev/open-source/versionless/.versionless/stage/angular-super-productivity-v2-13-15-u18b/app/src/app/features/tasks/dialog-time-estimate/dialog-time-estimate.component.scss:2:18:
      2 │ /******/ (() => { // webpackBootstrap
        ╵                   ~~



Warning: ▲ [WARNING] Comments in CSS use "/* ... */" instead of "//" [js-comment-in-css]

    /Users/jacksm5pro/dev/open-source/versionless/.versionless/stage/angular-super-productivity-v2-13-15-u18b/app/src/app/features/tasks/dialog-time-estimate/dialog-time-estimate.component.scss:15:10:
      15 │ /******/  // startup
         ╵           ~~



Warning: ▲ [WARNING] Comments in CSS use "/* ... */" instead of "//" [js-comment-in-css]

    /Users/jacksm5pro/dev/open-source/versionless/.versionless/stage/angular-super-productivity-v2-13-15-u18b/app/src/app/features/tasks/dialog-time-estimate/dialog-time-estimate.component.scss:16:10:
      16 │ /******/  // Load entry module and return exports
         ╵           ~~



Warning: ▲ [WARNING] Comments in CSS use "/* ... */" instead of "//" [js-comment-in-css]

    /Users/jacksm5pro/dev/open-source/versionless/.versionless/stage/angular-super-productivity-v2-13-15-u18b/app/src/app/features/tasks/dialog-time-estimate/dialog-time-estimate.component.scss:17:10:
      17 │ /******/  // This entry module doesn't tell about it's top-level d...
         ╵           ~~



Warning: ▲ [WARNING] Comments in CSS use "/* ... */" instead of "//" [js-comment-in-css]

    /Users/jacksm5pro/dev/open-source/versionless/.versionless/stage/angular-super-productivity-v2-13-15-u18b/app/src/app/features/tasks/dialog-view-task-reminder/dialog-view-task-reminder.component.scss:2:18:
      2 │ /******/ (() => { // webpackBootstrap
        ╵                   ~~



Warning: ▲ [WARNING] Comments in CSS use "/* ... */" instead of "//" [js-comment-in-css]

    /Users/jacksm5pro/dev/open-source/versionless/.versionless/stage/angular-super-productivity-v2-13-15-u18b/app/src/app/features/tasks/dialog-view-task-reminder/dialog-view-task-reminder.component.scss:15:10:
      15 │ /******/  // startup
         ╵           ~~



Warning: ▲ [WARNING] Comments in CSS use "/* ... */" instead of "//" [js-comment-in-css]

    /Users/jacksm5pro/dev/open-source/versionless/.versionless/stage/angular-super-productivity-v2-13-15-u18b/app/src/app/features/tasks/dialog-view-task-reminder/dialog-view-task-reminder.component.scss:16:10:
      16 │ /******/  // Load entry module and return exports
         ╵           ~~



Warning: ▲ [WARNING] Comments in CSS use "/* ... */" instead of "//" [js-comment-in-css]

    /Users/jacksm5pro/dev/open-source/versionless/.versionless/stage/angular-super-productivity-v2-13-15-u18b/app/src/app/features/tasks/dialog-view-task-reminder/dialog-view-task-reminder.component.scss:17:10:
      17 │ /******/  // This entry module doesn't tell about it's top-level d...
         ╵           ~~



Warning: ▲ [WARNING] Comments in CSS use "/* ... */" instead of "//" [js-comment-in-css]

    /Users/jacksm5pro/dev/open-source/versionless/.versionless/stage/angular-super-productivity-v2-13-15-u18b/app/src/app/features/tasks/task-additional-info/task-additional-info.component.scss:2:18:
      2 │ /******/ (() => { // webpackBootstrap
        ╵                   ~~



Warning: ▲ [WARNING] Comments in CSS use "/* ... */" instead of "//" [js-comment-in-css]

    /Users/jacksm5pro/dev/open-source/versionless/.versionless/stage/angular-super-productivity-v2-13-15-u18b/app/src/app/features/tasks/task-additional-info/task-additional-info.component.scss:15:10:
      15 │ /******/  // startup
         ╵           ~~



Warning: ▲ [WARNING] Comments in CSS use "/* ... */" instead of "//" [js-comment-in-css]

    /Users/jacksm5pro/dev/open-source/versionless/.versionless/stage/angular-super-productivity-v2-13-15-u18b/app/src/app/features/tasks/task-additional-info/task-additional-info.component.scss:16:10:
      16 │ /******/  // Load entry module and return exports
         ╵           ~~



Warning: ▲ [WARNING] Comments in CSS use "/* ... */" instead of "//" [js-comment-in-css]

    /Users/jacksm5pro/dev/open-source/versionless/.versionless/stage/angular-super-productivity-v2-13-15-u18b/app/src/app/features/tasks/task-additional-info/task-additional-info.component.scss:17:10:
      17 │ /******/  // This entry module doesn't tell about it's top-level d...
         ╵           ~~



Warning: ▲ [WARNING] Comments in CSS use "/* ... */" instead of "//" [js-comment-in-css]

    /Users/jacksm5pro/dev/open-source/versionless/.versionless/stage/angular-super-productivity-v2-13-15-u18b/app/src/app/features/tasks/task-list/task-list.component.scss:2:18:
      2 │ /******/ (() => { // webpackBootstrap
        ╵                   ~~



Warning: ▲ [WARNING] Comments in CSS use "/* ... */" instead of "//" [js-comment-in-css]

    /Users/jacksm5pro/dev/open-source/versionless/.versionless/stage/angular-super-productivity-v2-13-15-u18b/app/src/app/features/tasks/task-list/task-list.component.scss:15:10:
      15 │ /******/  // startup
         ╵           ~~



Warning: ▲ [WARNING] Comments in CSS use "/* ... */" instead of "//" [js-comment-in-css]

    /Users/jacksm5pro/dev/open-source/versionless/.versionless/stage/angular-super-productivity-v2-13-15-u18b/app/src/app/features/tasks/task-list/task-list.component.scss:16:10:
      16 │ /******/  // Load entry module and return exports
         ╵           ~~



Warning: ▲ [WARNING] Comments in CSS use "/* ... */" instead of "//" [js-comment-in-css]

    /Users/jacksm5pro/dev/open-source/versionless/.versionless/stage/angular-super-productivity-v2-13-15-u18b/app/src/app/features/tasks/task-list/task-list.component.scss:17:10:
      17 │ /******/  // This entry module doesn't tell about it's top-level d...
         ╵           ~~



Warning: ▲ [WARNING] Comments in CSS use "/* ... */" instead of "//" [js-comment-in-css]

    /Users/jacksm5pro/dev/open-source/versionless/.versionless/stage/angular-super-productivity-v2-13-15-u18b/app/src/app/features/tasks/task-summary-table/task-summary-table.component.scss:2:18:
      2 │ /******/ (() => { // webpackBootstrap
        ╵                   ~~



Warning: ▲ [WARNING] Comments in CSS use "/* ... */" instead of "//" [js-comment-in-css]

    /Users/jacksm5pro/dev/open-source/versionless/.versionless/stage/angular-super-productivity-v2-13-15-u18b/app/src/app/features/tasks/task-summary-table/task-summary-table.component.scss:15:10:
      15 │ /******/  // startup
         ╵           ~~



Warning: ▲ [WARNING] Comments in CSS use "/* ... */" instead of "//" [js-comment-in-css]

    /Users/jacksm5pro/dev/open-source/versionless/.versionless/stage/angular-super-productivity-v2-13-15-u18b/app/src/app/features/tasks/task-summary-table/task-summary-table.component.scss:16:10:
      16 │ /******/  // Load entry module and return exports
         ╵           ~~



Warning: ▲ [WARNING] Comments in CSS use "/* ... */" instead of "//" [js-comment-in-css]

    /Users/jacksm5pro/dev/open-source/versionless/.versionless/stage/angular-super-productivity-v2-13-15-u18b/app/src/app/features/tasks/task-summary-table/task-summary-table.component.scss:17:10:
      17 │ /******/  // This entry module doesn't tell about it's top-level d...
         ╵           ~~



Warning: ▲ [WARNING] Comments in CSS use "/* ... */" instead of "//" [js-comment-in-css]

    /Users/jacksm5pro/dev/open-source/versionless/.versionless/stage/angular-super-productivity-v2-13-15-u18b/app/src/app/features/tasks/task/task.component.scss:2:18:
      2 │ /******/ (() => { // webpackBootstrap
        ╵                   ~~



Warning: ▲ [WARNING] Comments in CSS use "/* ... */" instead of "//" [js-comment-in-css]

    /Users/jacksm5pro/dev/open-source/versionless/.versionless/stage/angular-super-productivity-v2-13-15-u18b/app/src/app/features/tasks/task/task.component.scss:15:10:
      15 │ /******/  // startup
         ╵           ~~



Warning: ▲ [WARNING] Comments in CSS use "/* ... */" instead of "//" [js-comment-in-css]

    /Users/jacksm5pro/dev/open-source/versionless/.versionless/stage/angular-super-productivity-v2-13-15-u18b/app/src/app/features/tasks/task/task.component.scss:16:10:
      16 │ /******/  // Load entry module and return exports
         ╵           ~~



Warning: ▲ [WARNING] Comments in CSS use "/* ... */" instead of "//" [js-comment-in-css]

    /Users/jacksm5pro/dev/open-source/versionless/.versionless/stage/angular-super-productivity-v2-13-15-u18b/app/src/app/features/tasks/task/task.component.scss:17:10:
      17 │ /******/  // This entry module doesn't tell about it's top-level d...
         ╵           ~~



Warning: ▲ [WARNING] Comments in CSS use "/* ... */" instead of "//" [js-comment-in-css]

    /Users/jacksm5pro/dev/open-source/versionless/.versionless/stage/angular-super-productivity-v2-13-15-u18b/app/src/app/features/time-tracking/dialog-idle/dialog-idle.component.scss:2:18:
      2 │ /******/ (() => { // webpackBootstrap
        ╵                   ~~



Warning: ▲ [WARNING] Comments in CSS use "/* ... */" instead of "//" [js-comment-in-css]

    /Users/jacksm5pro/dev/open-source/versionless/.versionless/stage/angular-super-productivity-v2-13-15-u18b/app/src/app/features/time-tracking/dialog-idle/dialog-idle.component.scss:15:10:
      15 │ /******/  // startup
         ╵           ~~



Warning: ▲ [WARNING] Comments in CSS use "/* ... */" instead of "//" [js-comment-in-css]

    /Users/jacksm5pro/dev/open-source/versionless/.versionless/stage/angular-super-productivity-v2-13-15-u18b/app/src/app/features/time-tracking/dialog-idle/dialog-idle.component.scss:16:10:
      16 │ /******/  // Load entry module and return exports
         ╵           ~~



Warning: ▲ [WARNING] Comments in CSS use "/* ... */" instead of "//" [js-comment-in-css]

    /Users/jacksm5pro/dev/open-source/versionless/.versionless/stage/angular-super-productivity-v2-13-15-u18b/app/src/app/features/time-tracking/dialog-idle/dialog-idle.component.scss:17:10:
      17 │ /******/  // This entry module doesn't tell about it's top-level d...
         ╵           ~~



Warning: ▲ [WARNING] Comments in CSS use "/* ... */" instead of "//" [js-comment-in-css]

    /Users/jacksm5pro/dev/open-source/versionless/.versionless/stage/angular-super-productivity-v2-13-15-u18b/app/src/app/features/worklog/dialog-worklog-export/dialog-worklog-export.component.scss:2:18:
      2 │ /******/ (() => { // webpackBootstrap
        ╵                   ~~



Warning: ▲ [WARNING] Comments in CSS use "/* ... */" instead of "//" [js-comment-in-css]

    /Users/jacksm5pro/dev/open-source/versionless/.versionless/stage/angular-super-productivity-v2-13-15-u18b/app/src/app/features/worklog/dialog-worklog-export/dialog-worklog-export.component.scss:15:10:
      15 │ /******/  // startup
         ╵           ~~



Warning: ▲ [WARNING] Comments in CSS use "/* ... */" instead of "//" [js-comment-in-css]

    /Users/jacksm5pro/dev/open-source/versionless/.versionless/stage/angular-super-productivity-v2-13-15-u18b/app/src/app/features/worklog/dialog-worklog-export/dialog-worklog-export.component.scss:16:10:
      16 │ /******/  // Load entry module and return exports
         ╵           ~~



Warning: ▲ [WARNING] Comments in CSS use "/* ... */" instead of "//" [js-comment-in-css]

    /Users/jacksm5pro/dev/open-source/versionless/.versionless/stage/angular-super-productivity-v2-13-15-u18b/app/src/app/features/worklog/dialog-worklog-export/dialog-worklog-export.component.scss:17:10:
      17 │ /******/  // This entry module doesn't tell about it's top-level d...
         ╵           ~~



Warning: ▲ [WARNING] Comments in CSS use "/* ... */" instead of "//" [js-comment-in-css]

    /Users/jacksm5pro/dev/open-source/versionless/.versionless/stage/angular-super-productivity-v2-13-15-u18b/app/src/app/features/worklog/worklog-export/worklog-export.component.scss:2:18:
      2 │ /******/ (() => { // webpackBootstrap
        ╵                   ~~



Warning: ▲ [WARNING] Comments in CSS use "/* ... */" instead of "//" [js-comment-in-css]

    /Users/jacksm5pro/dev/open-source/versionless/.versionless/stage/angular-super-productivity-v2-13-15-u18b/app/src/app/features/worklog/worklog-export/worklog-export.component.scss:15:10:
      15 │ /******/  // startup
         ╵           ~~



Warning: ▲ [WARNING] Comments in CSS use "/* ... */" instead of "//" [js-comment-in-css]

    /Users/jacksm5pro/dev/open-source/versionless/.versionless/stage/angular-super-productivity-v2-13-15-u18b/app/src/app/features/worklog/worklog-export/worklog-export.component.scss:16:10:
      16 │ /******/  // Load entry module and return exports
         ╵           ~~



Warning: ▲ [WARNING] Comments in CSS use "/* ... */" instead of "//" [js-comment-in-css]

    /Users/jacksm5pro/dev/open-source/versionless/.versionless/stage/angular-super-productivity-v2-13-15-u18b/app/src/app/features/worklog/worklog-export/worklog-export.component.scss:17:10:
      17 │ /******/  // This entry module doesn't tell about it's top-level d...
         ╵           ~~



Warning: ▲ [WARNING] Comments in CSS use "/* ... */" instead of "//" [js-comment-in-css]

    /Users/jacksm5pro/dev/open-source/versionless/.versionless/stage/angular-super-productivity-v2-13-15-u18b/app/src/app/features/worklog/worklog-week/worklog-week.component.scss:2:18:
      2 │ /******/ (() => { // webpackBootstrap
        ╵                   ~~



Warning: ▲ [WARNING] Comments in CSS use "/* ... */" instead of "//" [js-comment-in-css]

    /Users/jacksm5pro/dev/open-source/versionless/.versionless/stage/angular-super-productivity-v2-13-15-u18b/app/src/app/features/worklog/worklog-week/worklog-week.component.scss:15:10:
      15 │ /******/  // startup
         ╵           ~~



Warning: ▲ [WARNING] Comments in CSS use "/* ... */" instead of "//" [js-comment-in-css]

    /Users/jacksm5pro/dev/open-source/versionless/.versionless/stage/angular-super-productivity-v2-13-15-u18b/app/src/app/features/worklog/worklog-week/worklog-week.component.scss:16:10:
      16 │ /******/  // Load entry module and return exports
         ╵           ~~



Warning: ▲ [WARNING] Comments in CSS use "/* ... */" instead of "//" [js-comment-in-css]

    /Users/jacksm5pro/dev/open-source/versionless/.versionless/stage/angular-super-productivity-v2-13-15-u18b/app/src/app/features/worklog/worklog-week/worklog-week.component.scss:17:10:
      17 │ /******/  // This entry module doesn't tell about it's top-level d...
         ╵           ~~



Warning: ▲ [WARNING] Comments in CSS use "/* ... */" instead of "//" [js-comment-in-css]

    /Users/jacksm5pro/dev/open-source/versionless/.versionless/stage/angular-super-productivity-v2-13-15-u18b/app/src/app/features/worklog/worklog.component.scss:2:18:
      2 │ /******/ (() => { // webpackBootstrap
        ╵                   ~~



Warning: ▲ [WARNING] Comments in CSS use "/* ... */" instead of "//" [js-comment-in-css]

    /Users/jacksm5pro/dev/open-source/versionless/.versionless/stage/angular-super-productivity-v2-13-15-u18b/app/src/app/features/worklog/worklog.component.scss:15:10:
      15 │ /******/  // startup
         ╵           ~~



Warning: ▲ [WARNING] Comments in CSS use "/* ... */" instead of "//" [js-comment-in-css]

    /Users/jacksm5pro/dev/open-source/versionless/.versionless/stage/angular-super-productivity-v2-13-15-u18b/app/src/app/features/worklog/worklog.component.scss:16:10:
      16 │ /******/  // Load entry module and return exports
         ╵           ~~



Warning: ▲ [WARNING] Comments in CSS use "/* ... */" instead of "//" [js-comment-in-css]

    /Users/jacksm5pro/dev/open-source/versionless/.versionless/stage/angular-super-productivity-v2-13-15-u18b/app/src/app/features/worklog/worklog.component.scss:17:10:
      17 │ /******/  // This entry module doesn't tell about it's top-level d...
         ╵           ~~



Warning: ▲ [WARNING] Comments in CSS use "/* ... */" instead of "//" [js-comment-in-css]

    /Users/jacksm5pro/dev/open-source/versionless/.versionless/stage/angular-super-productivity-v2-13-15-u18b/app/src/app/imex/file-imex/file-imex.component.scss:2:18:
      2 │ /******/ (() => { // webpackBootstrap
        ╵                   ~~



Warning: ▲ [WARNING] Comments in CSS use "/* ... */" instead of "//" [js-comment-in-css]

    /Users/jacksm5pro/dev/open-source/versionless/.versionless/stage/angular-super-productivity-v2-13-15-u18b/app/src/app/imex/file-imex/file-imex.component.scss:15:10:
      15 │ /******/  // startup
         ╵           ~~



Warning: ▲ [WARNING] Comments in CSS use "/* ... */" instead of "//" [js-comment-in-css]

    /Users/jacksm5pro/dev/open-source/versionless/.versionless/stage/angular-super-productivity-v2-13-15-u18b/app/src/app/imex/file-imex/file-imex.component.scss:16:10:
      16 │ /******/  // Load entry module and return exports
         ╵           ~~



Warning: ▲ [WARNING] Comments in CSS use "/* ... */" instead of "//" [js-comment-in-css]

    /Users/jacksm5pro/dev/open-source/versionless/.versionless/stage/angular-super-productivity-v2-13-15-u18b/app/src/app/imex/file-imex/file-imex.component.scss:17:10:
      17 │ /******/  // This entry module doesn't tell about it's top-level d...
         ╵           ~~



Warning: ▲ [WARNING] Comments in CSS use "/* ... */" instead of "//" [js-comment-in-css]

    /Users/jacksm5pro/dev/open-source/versionless/.versionless/stage/angular-super-productivity-v2-13-15-u18b/app/src/app/pages/config-page/config-page.component.scss:2:18:
      2 │ /******/ (() => { // webpackBootstrap
        ╵                   ~~



Warning: ▲ [WARNING] Comments in CSS use "/* ... */" instead of "//" [js-comment-in-css]

    /Users/jacksm5pro/dev/open-source/versionless/.versionless/stage/angular-super-productivity-v2-13-15-u18b/app/src/app/pages/config-page/config-page.component.scss:15:10:
      15 │ /******/  // startup
         ╵           ~~



Warning: ▲ [WARNING] Comments in CSS use "/* ... */" instead of "//" [js-comment-in-css]

    /Users/jacksm5pro/dev/open-source/versionless/.versionless/stage/angular-super-productivity-v2-13-15-u18b/app/src/app/pages/config-page/config-page.component.scss:16:10:
      16 │ /******/  // Load entry module and return exports
         ╵           ~~



Warning: ▲ [WARNING] Comments in CSS use "/* ... */" instead of "//" [js-comment-in-css]

    /Users/jacksm5pro/dev/open-source/versionless/.versionless/stage/angular-super-productivity-v2-13-15-u18b/app/src/app/pages/config-page/config-page.component.scss:17:10:
      17 │ /******/  // This entry module doesn't tell about it's top-level d...
         ╵           ~~



Warning: ▲ [WARNING] Comments in CSS use "/* ... */" instead of "//" [js-comment-in-css]

    /Users/jacksm5pro/dev/open-source/versionless/.versionless/stage/angular-super-productivity-v2-13-15-u18b/app/src/app/pages/daily-summary/daily-summary.component.scss:2:18:
      2 │ /******/ (() => { // webpackBootstrap
        ╵                   ~~



Warning: ▲ [WARNING] Comments in CSS use "/* ... */" instead of "//" [js-comment-in-css]

    /Users/jacksm5pro/dev/open-source/versionless/.versionless/stage/angular-super-productivity-v2-13-15-u18b/app/src/app/pages/daily-summary/daily-summary.component.scss:15:10:
      15 │ /******/  // startup
         ╵           ~~



Warning: ▲ [WARNING] Comments in CSS use "/* ... */" instead of "//" [js-comment-in-css]

    /Users/jacksm5pro/dev/open-source/versionless/.versionless/stage/angular-super-productivity-v2-13-15-u18b/app/src/app/pages/daily-summary/daily-summary.component.scss:16:10:
      16 │ /******/  // Load entry module and return exports
         ╵           ~~



Warning: ▲ [WARNING] Comments in CSS use "/* ... */" instead of "//" [js-comment-in-css]

    /Users/jacksm5pro/dev/open-source/versionless/.versionless/stage/angular-super-productivity-v2-13-15-u18b/app/src/app/pages/daily-summary/daily-summary.component.scss:17:10:
      17 │ /******/  // This entry module doesn't tell about it's top-level d...
         ╵           ~~



Warning: ▲ [WARNING] Comments in CSS use "/* ... */" instead of "//" [js-comment-in-css]

    /Users/jacksm5pro/dev/open-source/versionless/.versionless/stage/angular-super-productivity-v2-13-15-u18b/app/src/app/pages/daily-summary/plan-tasks-tomorrow/plan-tasks-tomorrow.component.scss:2:18:
      2 │ /******/ (() => { // webpackBootstrap
        ╵                   ~~



Warning: ▲ [WARNING] Comments in CSS use "/* ... */" instead of "//" [js-comment-in-css]

    /Users/jacksm5pro/dev/open-source/versionless/.versionless/stage/angular-super-productivity-v2-13-15-u18b/app/src/app/pages/daily-summary/plan-tasks-tomorrow/plan-tasks-tomorrow.component.scss:15:10:
      15 │ /******/  // startup
         ╵           ~~



Warning: ▲ [WARNING] Comments in CSS use "/* ... */" instead of "//" [js-comment-in-css]

    /Users/jacksm5pro/dev/open-source/versionless/.versionless/stage/angular-super-productivity-v2-13-15-u18b/app/src/app/pages/daily-summary/plan-tasks-tomorrow/plan-tasks-tomorrow.component.scss:16:10:
      16 │ /******/  // Load entry module and return exports
         ╵           ~~



Warning: ▲ [WARNING] Comments in CSS use "/* ... */" instead of "//" [js-comment-in-css]

    /Users/jacksm5pro/dev/open-source/versionless/.versionless/stage/angular-super-productivity-v2-13-15-u18b/app/src/app/pages/daily-summary/plan-tasks-tomorrow/plan-tasks-tomorrow.component.scss:17:10:
      17 │ /******/  // This entry module doesn't tell about it's top-level d...
         ╵           ~~



Warning: ▲ [WARNING] Comments in CSS use "/* ... */" instead of "//" [js-comment-in-css]

    /Users/jacksm5pro/dev/open-source/versionless/.versionless/stage/angular-super-productivity-v2-13-15-u18b/app/src/app/pages/project-page/project-page.component.scss:2:18:
      2 │ /******/ (() => { // webpackBootstrap
        ╵                   ~~



Warning: ▲ [WARNING] Comments in CSS use "/* ... */" instead of "//" [js-comment-in-css]

    /Users/jacksm5pro/dev/open-source/versionless/.versionless/stage/angular-super-productivity-v2-13-15-u18b/app/src/app/pages/project-page/project-page.component.scss:15:10:
      15 │ /******/  // startup
         ╵           ~~



Warning: ▲ [WARNING] Comments in CSS use "/* ... */" instead of "//" [js-comment-in-css]

    /Users/jacksm5pro/dev/open-source/versionless/.versionless/stage/angular-super-productivity-v2-13-15-u18b/app/src/app/pages/project-page/project-page.component.scss:16:10:
      16 │ /******/  // Load entry module and return exports
         ╵           ~~



Warning: ▲ [WARNING] Comments in CSS use "/* ... */" instead of "//" [js-comment-in-css]

    /Users/jacksm5pro/dev/open-source/versionless/.versionless/stage/angular-super-productivity-v2-13-15-u18b/app/src/app/pages/project-page/project-page.component.scss:17:10:
      17 │ /******/  // This entry module doesn't tell about it's top-level d...
         ╵           ~~



Warning: ▲ [WARNING] Comments in CSS use "/* ... */" instead of "//" [js-comment-in-css]

    /Users/jacksm5pro/dev/open-source/versionless/.versionless/stage/angular-super-productivity-v2-13-15-u18b/app/src/app/pages/project-settings/project-settings.component.scss:2:18:
      2 │ /******/ (() => { // webpackBootstrap
        ╵                   ~~



Warning: ▲ [WARNING] Comments in CSS use "/* ... */" instead of "//" [js-comment-in-css]

    /Users/jacksm5pro/dev/open-source/versionless/.versionless/stage/angular-super-productivity-v2-13-15-u18b/app/src/app/pages/project-settings/project-settings.component.scss:15:10:
      15 │ /******/  // startup
         ╵           ~~



Warning: ▲ [WARNING] Comments in CSS use "/* ... */" instead of "//" [js-comment-in-css]

    /Users/jacksm5pro/dev/open-source/versionless/.versionless/stage/angular-super-productivity-v2-13-15-u18b/app/src/app/pages/project-settings/project-settings.component.scss:16:10:
      16 │ /******/  // Load entry module and return exports
         ╵           ~~



Warning: ▲ [WARNING] Comments in CSS use "/* ... */" instead of "//" [js-comment-in-css]

    /Users/jacksm5pro/dev/open-source/versionless/.versionless/stage/angular-super-productivity-v2-13-15-u18b/app/src/app/pages/project-settings/project-settings.component.scss:17:10:
      17 │ /******/  // This entry module doesn't tell about it's top-level d...
         ╵           ~~



Warning: ▲ [WARNING] Comments in CSS use "/* ... */" instead of "//" [js-comment-in-css]

    /Users/jacksm5pro/dev/open-source/versionless/.versionless/stage/angular-super-productivity-v2-13-15-u18b/app/src/app/pages/schedule-page/schedule-page.component.scss:2:18:
      2 │ /******/ (() => { // webpackBootstrap
        ╵                   ~~



Warning: ▲ [WARNING] Comments in CSS use "/* ... */" instead of "//" [js-comment-in-css]

    /Users/jacksm5pro/dev/open-source/versionless/.versionless/stage/angular-super-productivity-v2-13-15-u18b/app/src/app/pages/schedule-page/schedule-page.component.scss:15:10:
      15 │ /******/  // startup
         ╵           ~~



Warning: ▲ [WARNING] Comments in CSS use "/* ... */" instead of "//" [js-comment-in-css]

    /Users/jacksm5pro/dev/open-source/versionless/.versionless/stage/angular-super-productivity-v2-13-15-u18b/app/src/app/pages/schedule-page/schedule-page.component.scss:16:10:
      16 │ /******/  // Load entry module and return exports
         ╵           ~~



Warning: ▲ [WARNING] Comments in CSS use "/* ... */" instead of "//" [js-comment-in-css]

    /Users/jacksm5pro/dev/open-source/versionless/.versionless/stage/angular-super-productivity-v2-13-15-u18b/app/src/app/pages/schedule-page/schedule-page.component.scss:17:10:
      17 │ /******/  // This entry module doesn't tell about it's top-level d...
         ╵           ~~



Warning: ▲ [WARNING] Comments in CSS use "/* ... */" instead of "//" [js-comment-in-css]

    /Users/jacksm5pro/dev/open-source/versionless/.versionless/stage/angular-super-productivity-v2-13-15-u18b/app/src/app/pages/work-view/backlog/backlog.component.scss:2:18:
      2 │ /******/ (() => { // webpackBootstrap
        ╵                   ~~



Warning: ▲ [WARNING] Comments in CSS use "/* ... */" instead of "//" [js-comment-in-css]

    /Users/jacksm5pro/dev/open-source/versionless/.versionless/stage/angular-super-productivity-v2-13-15-u18b/app/src/app/pages/work-view/backlog/backlog.component.scss:15:10:
      15 │ /******/  // startup
         ╵           ~~



Warning: ▲ [WARNING] Comments in CSS use "/* ... */" instead of "//" [js-comment-in-css]

    /Users/jacksm5pro/dev/open-source/versionless/.versionless/stage/angular-super-productivity-v2-13-15-u18b/app/src/app/pages/work-view/backlog/backlog.component.scss:16:10:
      16 │ /******/  // Load entry module and return exports
         ╵           ~~



Warning: ▲ [WARNING] Comments in CSS use "/* ... */" instead of "//" [js-comment-in-css]

    /Users/jacksm5pro/dev/open-source/versionless/.versionless/stage/angular-super-productivity-v2-13-15-u18b/app/src/app/pages/work-view/backlog/backlog.component.scss:17:10:
      17 │ /******/  // This entry module doesn't tell about it's top-level d...
         ╵           ~~



Warning: ▲ [WARNING] Comments in CSS use "/* ... */" instead of "//" [js-comment-in-css]

    /Users/jacksm5pro/dev/open-source/versionless/.versionless/stage/angular-super-productivity-v2-13-15-u18b/app/src/app/pages/work-view/split/split.component.scss:2:18:
      2 │ /******/ (() => { // webpackBootstrap
        ╵                   ~~



Warning: ▲ [WARNING] Comments in CSS use "/* ... */" instead of "//" [js-comment-in-css]

    /Users/jacksm5pro/dev/open-source/versionless/.versionless/stage/angular-super-productivity-v2-13-15-u18b/app/src/app/pages/work-view/split/split.component.scss:15:10:
      15 │ /******/  // startup
         ╵           ~~



Warning: ▲ [WARNING] Comments in CSS use "/* ... */" instead of "//" [js-comment-in-css]

    /Users/jacksm5pro/dev/open-source/versionless/.versionless/stage/angular-super-productivity-v2-13-15-u18b/app/src/app/pages/work-view/split/split.component.scss:16:10:
      16 │ /******/  // Load entry module and return exports
         ╵           ~~



Warning: ▲ [WARNING] Comments in CSS use "/* ... */" instead of "//" [js-comment-in-css]

    /Users/jacksm5pro/dev/open-source/versionless/.versionless/stage/angular-super-productivity-v2-13-15-u18b/app/src/app/pages/work-view/split/split.component.scss:17:10:
      17 │ /******/  // This entry module doesn't tell about it's top-level d...
         ╵           ~~



Warning: ▲ [WARNING] Comments in CSS use "/* ... */" instead of "//" [js-comment-in-css]

    /Users/jacksm5pro/dev/open-source/versionless/.versionless/stage/angular-super-productivity-v2-13-15-u18b/app/src/app/pages/work-view/work-view-page.component.scss:2:18:
      2 │ /******/ (() => { // webpackBootstrap
        ╵                   ~~



Warning: ▲ [WARNING] Comments in CSS use "/* ... */" instead of "//" [js-comment-in-css]

    /Users/jacksm5pro/dev/open-source/versionless/.versionless/stage/angular-super-productivity-v2-13-15-u18b/app/src/app/pages/work-view/work-view-page.component.scss:15:10:
      15 │ /******/  // startup
         ╵           ~~



Warning: ▲ [WARNING] Comments in CSS use "/* ... */" instead of "//" [js-comment-in-css]

    /Users/jacksm5pro/dev/open-source/versionless/.versionless/stage/angular-super-productivity-v2-13-15-u18b/app/src/app/pages/work-view/work-view-page.component.scss:16:10:
      16 │ /******/  // Load entry module and return exports
         ╵           ~~



Warning: ▲ [WARNING] Comments in CSS use "/* ... */" instead of "//" [js-comment-in-css]

    /Users/jacksm5pro/dev/open-source/versionless/.versionless/stage/angular-super-productivity-v2-13-15-u18b/app/src/app/pages/work-view/work-view-page.component.scss:17:10:
      17 │ /******/  // This entry module doesn't tell about it's top-level d...
         ╵           ~~



Warning: ▲ [WARNING] Comments in CSS use "/* ... */" instead of "//" [js-comment-in-css]

    /Users/jacksm5pro/dev/open-source/versionless/.versionless/stage/angular-super-productivity-v2-13-15-u18b/app/src/app/ui/chip-list-input/chip-list-input.component.scss:2:18:
      2 │ /******/ (() => { // webpackBootstrap
        ╵                   ~~



Warning: ▲ [WARNING] Comments in CSS use "/* ... */" instead of "//" [js-comment-in-css]

    /Users/jacksm5pro/dev/open-source/versionless/.versionless/stage/angular-super-productivity-v2-13-15-u18b/app/src/app/ui/chip-list-input/chip-list-input.component.scss:15:10:
      15 │ /******/  // startup
         ╵           ~~



Warning: ▲ [WARNING] Comments in CSS use "/* ... */" instead of "//" [js-comment-in-css]

    /Users/jacksm5pro/dev/open-source/versionless/.versionless/stage/angular-super-productivity-v2-13-15-u18b/app/src/app/ui/chip-list-input/chip-list-input.component.scss:16:10:
      16 │ /******/  // Load entry module and return exports
         ╵           ~~



Warning: ▲ [WARNING] Comments in CSS use "/* ... */" instead of "//" [js-comment-in-css]

    /Users/jacksm5pro/dev/open-source/versionless/.versionless/stage/angular-super-productivity-v2-13-15-u18b/app/src/app/ui/chip-list-input/chip-list-input.component.scss:17:10:
      17 │ /******/  // This entry module doesn't tell about it's top-level d...
         ╵           ~~



Warning: ▲ [WARNING] Comments in CSS use "/* ... */" instead of "//" [js-comment-in-css]

    /Users/jacksm5pro/dev/open-source/versionless/.versionless/stage/angular-super-productivity-v2-13-15-u18b/app/src/app/ui/collapsible/collapsible.component.scss:2:18:
      2 │ /******/ (() => { // webpackBootstrap
        ╵                   ~~



Warning: ▲ [WARNING] Comments in CSS use "/* ... */" instead of "//" [js-comment-in-css]

    /Users/jacksm5pro/dev/open-source/versionless/.versionless/stage/angular-super-productivity-v2-13-15-u18b/app/src/app/ui/collapsible/collapsible.component.scss:15:10:
      15 │ /******/  // startup
         ╵           ~~



Warning: ▲ [WARNING] Comments in CSS use "/* ... */" instead of "//" [js-comment-in-css]

    /Users/jacksm5pro/dev/open-source/versionless/.versionless/stage/angular-super-productivity-v2-13-15-u18b/app/src/app/ui/collapsible/collapsible.component.scss:16:10:
      16 │ /******/  // Load entry module and return exports
         ╵           ~~



Warning: ▲ [WARNING] Comments in CSS use "/* ... */" instead of "//" [js-comment-in-css]

    /Users/jacksm5pro/dev/open-source/versionless/.versionless/stage/angular-super-productivity-v2-13-15-u18b/app/src/app/ui/collapsible/collapsible.component.scss:17:10:
      17 │ /******/  // This entry module doesn't tell about it's top-level d...
         ╵           ~~



Warning: ▲ [WARNING] Comments in CSS use "/* ... */" instead of "//" [js-comment-in-css]

    /Users/jacksm5pro/dev/open-source/versionless/.versionless/stage/angular-super-productivity-v2-13-15-u18b/app/src/app/ui/datetime-input/datetime-input.component.scss:2:18:
      2 │ /******/ (() => { // webpackBootstrap
        ╵                   ~~



Warning: ▲ [WARNING] Comments in CSS use "/* ... */" instead of "//" [js-comment-in-css]

    /Users/jacksm5pro/dev/open-source/versionless/.versionless/stage/angular-super-productivity-v2-13-15-u18b/app/src/app/ui/datetime-input/datetime-input.component.scss:15:10:
      15 │ /******/  // startup
         ╵           ~~



Warning: ▲ [WARNING] Comments in CSS use "/* ... */" instead of "//" [js-comment-in-css]

    /Users/jacksm5pro/dev/open-source/versionless/.versionless/stage/angular-super-productivity-v2-13-15-u18b/app/src/app/ui/datetime-input/datetime-input.component.scss:16:10:
      16 │ /******/  // Load entry module and return exports
         ╵           ~~



Warning: ▲ [WARNING] Comments in CSS use "/* ... */" instead of "//" [js-comment-in-css]

    /Users/jacksm5pro/dev/open-source/versionless/.versionless/stage/angular-super-productivity-v2-13-15-u18b/app/src/app/ui/datetime-input/datetime-input.component.scss:17:10:
      17 │ /******/  // This entry module doesn't tell about it's top-level d...
         ╵           ~~



Warning: ▲ [WARNING] Comments in CSS use "/* ... */" instead of "//" [js-comment-in-css]

    /Users/jacksm5pro/dev/open-source/versionless/.versionless/stage/angular-super-productivity-v2-13-15-u18b/app/src/app/ui/dialog-fullscreen-markdown/dialog-fullscreen-markdown.component.scss:2:18:
      2 │ /******/ (() => { // webpackBootstrap
        ╵                   ~~



Warning: ▲ [WARNING] Comments in CSS use "/* ... */" instead of "//" [js-comment-in-css]

    /Users/jacksm5pro/dev/open-source/versionless/.versionless/stage/angular-super-productivity-v2-13-15-u18b/app/src/app/ui/dialog-fullscreen-markdown/dialog-fullscreen-markdown.component.scss:15:10:
      15 │ /******/  // startup
         ╵           ~~



Warning: ▲ [WARNING] Comments in CSS use "/* ... */" instead of "//" [js-comment-in-css]

    /Users/jacksm5pro/dev/open-source/versionless/.versionless/stage/angular-super-productivity-v2-13-15-u18b/app/src/app/ui/dialog-fullscreen-markdown/dialog-fullscreen-markdown.component.scss:16:10:
      16 │ /******/  // Load entry module and return exports
         ╵           ~~



Warning: ▲ [WARNING] Comments in CSS use "/* ... */" instead of "//" [js-comment-in-css]

    /Users/jacksm5pro/dev/open-source/versionless/.versionless/stage/angular-super-productivity-v2-13-15-u18b/app/src/app/ui/dialog-fullscreen-markdown/dialog-fullscreen-markdown.component.scss:17:10:
      17 │ /******/  // This entry module doesn't tell about it's top-level d...
         ╵           ~~



Warning: ▲ [WARNING] Comments in CSS use "/* ... */" instead of "//" [js-comment-in-css]

    /Users/jacksm5pro/dev/open-source/versionless/.versionless/stage/angular-super-productivity-v2-13-15-u18b/app/src/app/ui/duration/input-duration-slider/input-duration-slider.component.scss:2:18:
      2 │ /******/ (() => { // webpackBootstrap
        ╵                   ~~



Warning: ▲ [WARNING] Comments in CSS use "/* ... */" instead of "//" [js-comment-in-css]

    /Users/jacksm5pro/dev/open-source/versionless/.versionless/stage/angular-super-productivity-v2-13-15-u18b/app/src/app/ui/duration/input-duration-slider/input-duration-slider.component.scss:15:10:
      15 │ /******/  // startup
         ╵           ~~



Warning: ▲ [WARNING] Comments in CSS use "/* ... */" instead of "//" [js-comment-in-css]

    /Users/jacksm5pro/dev/open-source/versionless/.versionless/stage/angular-super-productivity-v2-13-15-u18b/app/src/app/ui/duration/input-duration-slider/input-duration-slider.component.scss:16:10:
      16 │ /******/  // Load entry module and return exports
         ╵           ~~



Warning: ▲ [WARNING] Comments in CSS use "/* ... */" instead of "//" [js-comment-in-css]

    /Users/jacksm5pro/dev/open-source/versionless/.versionless/stage/angular-super-productivity-v2-13-15-u18b/app/src/app/ui/duration/input-duration-slider/input-duration-slider.component.scss:17:10:
      17 │ /******/  // This entry module doesn't tell about it's top-level d...
         ╵           ~~



Warning: ▲ [WARNING] Comments in CSS use "/* ... */" instead of "//" [js-comment-in-css]

    /Users/jacksm5pro/dev/open-source/versionless/.versionless/stage/angular-super-productivity-v2-13-15-u18b/app/src/app/ui/help-section/help-section.component.scss:2:18:
      2 │ /******/ (() => { // webpackBootstrap
        ╵                   ~~



Warning: ▲ [WARNING] Comments in CSS use "/* ... */" instead of "//" [js-comment-in-css]

    /Users/jacksm5pro/dev/open-source/versionless/.versionless/stage/angular-super-productivity-v2-13-15-u18b/app/src/app/ui/help-section/help-section.component.scss:15:10:
      15 │ /******/  // startup
         ╵           ~~



Warning: ▲ [WARNING] Comments in CSS use "/* ... */" instead of "//" [js-comment-in-css]

    /Users/jacksm5pro/dev/open-source/versionless/.versionless/stage/angular-super-productivity-v2-13-15-u18b/app/src/app/ui/help-section/help-section.component.scss:16:10:
      16 │ /******/  // Load entry module and return exports
         ╵           ~~



Warning: ▲ [WARNING] Comments in CSS use "/* ... */" instead of "//" [js-comment-in-css]

    /Users/jacksm5pro/dev/open-source/versionless/.versionless/stage/angular-super-productivity-v2-13-15-u18b/app/src/app/ui/help-section/help-section.component.scss:17:10:
      17 │ /******/  // This entry module doesn't tell about it's top-level d...
         ╵           ~~



Warning: ▲ [WARNING] Comments in CSS use "/* ... */" instead of "//" [js-comment-in-css]

    /Users/jacksm5pro/dev/open-source/versionless/.versionless/stage/angular-super-productivity-v2-13-15-u18b/app/src/app/ui/inline-input/inline-input.component.scss:2:18:
      2 │ /******/ (() => { // webpackBootstrap
        ╵                   ~~



Warning: ▲ [WARNING] Comments in CSS use "/* ... */" instead of "//" [js-comment-in-css]

    /Users/jacksm5pro/dev/open-source/versionless/.versionless/stage/angular-super-productivity-v2-13-15-u18b/app/src/app/ui/inline-input/inline-input.component.scss:15:10:
      15 │ /******/  // startup
         ╵           ~~



Warning: ▲ [WARNING] Comments in CSS use "/* ... */" instead of "//" [js-comment-in-css]

    /Users/jacksm5pro/dev/open-source/versionless/.versionless/stage/angular-super-productivity-v2-13-15-u18b/app/src/app/ui/inline-input/inline-input.component.scss:16:10:
      16 │ /******/  // Load entry module and return exports
         ╵           ~~



Warning: ▲ [WARNING] Comments in CSS use "/* ... */" instead of "//" [js-comment-in-css]

    /Users/jacksm5pro/dev/open-source/versionless/.versionless/stage/angular-super-productivity-v2-13-15-u18b/app/src/app/ui/inline-input/inline-input.component.scss:17:10:
      17 │ /******/  // This entry module doesn't tell about it's top-level d...
         ╵           ~~



Warning: ▲ [WARNING] Comments in CSS use "/* ... */" instead of "//" [js-comment-in-css]

    /Users/jacksm5pro/dev/open-source/versionless/.versionless/stage/angular-super-productivity-v2-13-15-u18b/app/src/app/ui/inline-markdown/inline-markdown.component.scss:2:18:
      2 │ /******/ (() => { // webpackBootstrap
        ╵                   ~~



Warning: ▲ [WARNING] Comments in CSS use "/* ... */" instead of "//" [js-comment-in-css]

    /Users/jacksm5pro/dev/open-source/versionless/.versionless/stage/angular-super-productivity-v2-13-15-u18b/app/src/app/ui/inline-markdown/inline-markdown.component.scss:15:10:
      15 │ /******/  // startup
         ╵           ~~



Warning: ▲ [WARNING] Comments in CSS use "/* ... */" instead of "//" [js-comment-in-css]

    /Users/jacksm5pro/dev/open-source/versionless/.versionless/stage/angular-super-productivity-v2-13-15-u18b/app/src/app/ui/inline-markdown/inline-markdown.component.scss:16:10:
      16 │ /******/  // Load entry module and return exports
         ╵           ~~



Warning: ▲ [WARNING] Comments in CSS use "/* ... */" instead of "//" [js-comment-in-css]

    /Users/jacksm5pro/dev/open-source/versionless/.versionless/stage/angular-super-productivity-v2-13-15-u18b/app/src/app/ui/inline-markdown/inline-markdown.component.scss:17:10:
      17 │ /******/  // This entry module doesn't tell about it's top-level d...
         ╵           ~~



Warning: ▲ [WARNING] Unexpected ";" [css-syntax-error]

    /Users/jacksm5pro/dev/open-source/versionless/.versionless/stage/angular-super-productivity-v2-13-15-u18b/app/src/app/app.component.scss:1:12:
      1 │ var resource;
        ╵             ^



Warning: ▲ [WARNING] Unexpected ";" [css-syntax-error]

    /Users/jacksm5pro/dev/open-source/versionless/.versionless/stage/angular-super-productivity-v2-13-15-u18b/app/src/app/core-ui/main-header/main-header.component.scss:1:12:
      1 │ var resource;
        ╵             ^



Warning: ▲ [WARNING] Unexpected ";" [css-syntax-error]

    /Users/jacksm5pro/dev/open-source/versionless/.versionless/stage/angular-super-productivity-v2-13-15-u18b/app/src/app/core-ui/side-nav/side-nav.component.scss:1:12:
      1 │ var resource;
        ╵             ^



Warning: ▲ [WARNING] Unexpected ";" [css-syntax-error]

    /Users/jacksm5pro/dev/open-source/versionless/.versionless/stage/angular-super-productivity-v2-13-15-u18b/app/src/app/core/banner/banner/banner.component.scss:1:12:
      1 │ var resource;
        ╵             ^



Warning: ▲ [WARNING] Unexpected ";" [css-syntax-error]

    /Users/jacksm5pro/dev/open-source/versionless/.versionless/stage/angular-super-productivity-v2-13-15-u18b/app/src/app/core/snack/snack-custom/snack-custom.component.scss:1:12:
      1 │ var resource;
        ╵             ^



Warning: ▲ [WARNING] Unexpected ";" [css-syntax-error]

    /Users/jacksm5pro/dev/open-source/versionless/.versionless/stage/angular-super-productivity-v2-13-15-u18b/app/src/app/features/attachment/attachment-list/attachment-list.component.scss:1:12:
      1 │ var resource;
        ╵             ^



Warning: ▲ [WARNING] Unexpected ";" [css-syntax-error]

    /Users/jacksm5pro/dev/open-source/versionless/.versionless/stage/angular-super-productivity-v2-13-15-u18b/app/src/app/features/bookmark/bookmark-bar/bookmark-bar.component.scss:1:12:
      1 │ var resource;
        ╵             ^



Warning: ▲ [WARNING] Unexpected ";" [css-syntax-error]

    /Users/jacksm5pro/dev/open-source/versionless/.versionless/stage/angular-super-productivity-v2-13-15-u18b/app/src/app/features/config/config-form/config-form.component.scss:1:12:
      1 │ var resource;
        ╵             ^



Warning: ▲ [WARNING] Unexpected ";" [css-syntax-error]

    /Users/jacksm5pro/dev/open-source/versionless/.versionless/stage/angular-super-productivity-v2-13-15-u18b/app/src/app/features/config/config-section/config-section.component.scss:1:12:
      1 │ var resource;
        ╵             ^



Warning: ▲ [WARNING] Unexpected ";" [css-syntax-error]

    /Users/jacksm5pro/dev/open-source/versionless/.versionless/stage/angular-super-productivity-v2-13-15-u18b/app/src/app/features/google/google-sync-cfg/google-sync-cfg.component.scss:1:12:
      1 │ var resource;
        ╵             ^



Warning: ▲ [WARNING] Unexpected ";" [css-syntax-error]

    /Users/jacksm5pro/dev/open-source/versionless/.versionless/stage/angular-super-productivity-v2-13-15-u18b/app/src/app/features/issue/github/github-issue/github-issue-content/github-issue-content.component.scss:1:12:
      1 │ var resource;
        ╵             ^



Warning: ▲ [WARNING] Unexpected ";" [css-syntax-error]

    /Users/jacksm5pro/dev/open-source/versionless/.versionless/stage/angular-super-productivity-v2-13-15-u18b/app/src/app/features/issue/jira/jira-cfg-stepper/jira-cfg-stepper.component.scss:1:12:
      1 │ var resource;
        ╵             ^



Warning: ▲ [WARNING] Unexpected ";" [css-syntax-error]

    /Users/jacksm5pro/dev/open-source/versionless/.versionless/stage/angular-super-productivity-v2-13-15-u18b/app/src/app/features/issue/jira/jira-cfg/jira-cfg.component.scss:1:12:
      1 │ var resource;
        ╵             ^



Warning: ▲ [WARNING] Unexpected ";" [css-syntax-error]

    /Users/jacksm5pro/dev/open-source/versionless/.versionless/stage/angular-super-productivity-v2-13-15-u18b/app/src/app/features/issue/jira/jira-issue/jira-issue-content/jira-issue-content.component.scss:1:12:
      1 │ var resource;
        ╵             ^



Warning: ▲ [WARNING] Unexpected ";" [css-syntax-error]

    /Users/jacksm5pro/dev/open-source/versionless/.versionless/stage/angular-super-productivity-v2-13-15-u18b/app/src/app/features/metric/evaluation-sheet/evaluation-sheet.component.scss:1:12:
      1 │ var resource;
        ╵             ^



Warning: ▲ [WARNING] Unexpected ";" [css-syntax-error]

    /Users/jacksm5pro/dev/open-source/versionless/.versionless/stage/angular-super-productivity-v2-13-15-u18b/app/src/app/features/metric/improvement-banner/improvement-banner.component.scss:1:12:
      1 │ var resource;
        ╵             ^



Warning: ▲ [WARNING] Unexpected ";" [css-syntax-error]

    /Users/jacksm5pro/dev/open-source/versionless/.versionless/stage/angular-super-productivity-v2-13-15-u18b/app/src/app/features/metric/metric.component.scss:1:12:
      1 │ var resource;
        ╵             ^



Warning: ▲ [WARNING] Unexpected ";" [css-syntax-error]

    /Users/jacksm5pro/dev/open-source/versionless/.versionless/stage/angular-super-productivity-v2-13-15-u18b/app/src/app/features/note/dialog-add-note/dialog-add-note.component.scss:1:12:
      1 │ var resource;
        ╵             ^



Warning: ▲ [WARNING] Unexpected ";" [css-syntax-error]

    /Users/jacksm5pro/dev/open-source/versionless/.versionless/stage/angular-super-productivity-v2-13-15-u18b/app/src/app/features/note/dialog-view-note-reminder/dialog-view-note-reminder.component.scss:1:12:
      1 │ var resource;
        ╵             ^



Warning: ▲ [WARNING] Unexpected ";" [css-syntax-error]

    /Users/jacksm5pro/dev/open-source/versionless/.versionless/stage/angular-super-productivity-v2-13-15-u18b/app/src/app/features/note/note/note.component.scss:1:12:
      1 │ var resource;
        ╵             ^



Warning: ▲ [WARNING] Unexpected ";" [css-syntax-error]

    /Users/jacksm5pro/dev/open-source/versionless/.versionless/stage/angular-super-productivity-v2-13-15-u18b/app/src/app/features/note/notes/notes.component.scss:1:12:
      1 │ var resource;
        ╵             ^



Warning: ▲ [WARNING] Unexpected ";" [css-syntax-error]

    /Users/jacksm5pro/dev/open-source/versionless/.versionless/stage/angular-super-productivity-v2-13-15-u18b/app/src/app/features/procrastination/procrastination.component.scss:1:12:
      1 │ var resource;
        ╵             ^



Warning: ▲ [WARNING] Unexpected ";" [css-syntax-error]

    /Users/jacksm5pro/dev/open-source/versionless/.versionless/stage/angular-super-productivity-v2-13-15-u18b/app/src/app/features/project/dialogs/create-project/dialog-create-project.component.scss:1:12:
      1 │ var resource;
        ╵             ^



Warning: ▲ [WARNING] Unexpected ";" [css-syntax-error]

    /Users/jacksm5pro/dev/open-source/versionless/.versionless/stage/angular-super-productivity-v2-13-15-u18b/app/src/app/features/tasks/add-task-bar/add-task-bar.component.scss:1:12:
      1 │ var resource;
        ╵             ^



Warning: ▲ [WARNING] Unexpected ";" [css-syntax-error]

    /Users/jacksm5pro/dev/open-source/versionless/.versionless/stage/angular-super-productivity-v2-13-15-u18b/app/src/app/features/tasks/dialog-add-time-estimate-for-other-day/dialog-add-time-estimate-for-other-day.component.scss:1:12:
      1 │ var resource;
        ╵             ^



Warning: ▲ [WARNING] Unexpected ";" [css-syntax-error]

    /Users/jacksm5pro/dev/open-source/versionless/.versionless/stage/angular-super-productivity-v2-13-15-u18b/app/src/app/features/tasks/dialog-time-estimate/dialog-time-estimate.component.scss:1:12:
      1 │ var resource;
        ╵             ^



Warning: ▲ [WARNING] Unexpected ";" [css-syntax-error]

    /Users/jacksm5pro/dev/open-source/versionless/.versionless/stage/angular-super-productivity-v2-13-15-u18b/app/src/app/features/tasks/dialog-view-task-reminder/dialog-view-task-reminder.component.scss:1:12:
      1 │ var resource;
        ╵             ^



Warning: ▲ [WARNING] Unexpected ";" [css-syntax-error]

    /Users/jacksm5pro/dev/open-source/versionless/.versionless/stage/angular-super-productivity-v2-13-15-u18b/app/src/app/features/tasks/task-additional-info/task-additional-info.component.scss:1:12:
      1 │ var resource;
        ╵             ^



Warning: ▲ [WARNING] Unexpected ";" [css-syntax-error]

    /Users/jacksm5pro/dev/open-source/versionless/.versionless/stage/angular-super-productivity-v2-13-15-u18b/app/src/app/features/tasks/task-list/task-list.component.scss:1:12:
      1 │ var resource;
        ╵             ^



Warning: ▲ [WARNING] Unexpected ";" [css-syntax-error]

    /Users/jacksm5pro/dev/open-source/versionless/.versionless/stage/angular-super-productivity-v2-13-15-u18b/app/src/app/features/tasks/task-summary-table/task-summary-table.component.scss:1:12:
      1 │ var resource;
        ╵             ^



Warning: ▲ [WARNING] Unexpected ";" [css-syntax-error]

    /Users/jacksm5pro/dev/open-source/versionless/.versionless/stage/angular-super-productivity-v2-13-15-u18b/app/src/app/features/tasks/task/task.component.scss:1:12:
      1 │ var resource;
        ╵             ^



Warning: ▲ [WARNING] Unexpected ";" [css-syntax-error]

    /Users/jacksm5pro/dev/open-source/versionless/.versionless/stage/angular-super-productivity-v2-13-15-u18b/app/src/app/features/time-tracking/dialog-idle/dialog-idle.component.scss:1:12:
      1 │ var resource;
        ╵             ^



Warning: ▲ [WARNING] Unexpected ";" [css-syntax-error]

    /Users/jacksm5pro/dev/open-source/versionless/.versionless/stage/angular-super-productivity-v2-13-15-u18b/app/src/app/features/worklog/dialog-worklog-export/dialog-worklog-export.component.scss:1:12:
      1 │ var resource;
        ╵             ^



Warning: ▲ [WARNING] Unexpected ";" [css-syntax-error]

    /Users/jacksm5pro/dev/open-source/versionless/.versionless/stage/angular-super-productivity-v2-13-15-u18b/app/src/app/features/worklog/worklog-export/worklog-export.component.scss:1:12:
      1 │ var resource;
        ╵             ^



Warning: ▲ [WARNING] Unexpected ";" [css-syntax-error]

    /Users/jacksm5pro/dev/open-source/versionless/.versionless/stage/angular-super-productivity-v2-13-15-u18b/app/src/app/features/worklog/worklog-week/worklog-week.component.scss:1:12:
      1 │ var resource;
        ╵             ^



Warning: ▲ [WARNING] Unexpected ";" [css-syntax-error]

    /Users/jacksm5pro/dev/open-source/versionless/.versionless/stage/angular-super-productivity-v2-13-15-u18b/app/src/app/features/worklog/worklog.component.scss:1:12:
      1 │ var resource;
        ╵             ^



Warning: ▲ [WARNING] Unexpected ";" [css-syntax-error]

    /Users/jacksm5pro/dev/open-source/versionless/.versionless/stage/angular-super-productivity-v2-13-15-u18b/app/src/app/imex/file-imex/file-imex.component.scss:1:12:
      1 │ var resource;
        ╵             ^



Warning: ▲ [WARNING] Unexpected ";" [css-syntax-error]

    /Users/jacksm5pro/dev/open-source/versionless/.versionless/stage/angular-super-productivity-v2-13-15-u18b/app/src/app/pages/config-page/config-page.component.scss:1:12:
      1 │ var resource;
        ╵             ^



Warning: ▲ [WARNING] Unexpected ";" [css-syntax-error]

    /Users/jacksm5pro/dev/open-source/versionless/.versionless/stage/angular-super-productivity-v2-13-15-u18b/app/src/app/pages/daily-summary/daily-summary.component.scss:1:12:
      1 │ var resource;
        ╵             ^



Warning: ▲ [WARNING] Unexpected ";" [css-syntax-error]

    /Users/jacksm5pro/dev/open-source/versionless/.versionless/stage/angular-super-productivity-v2-13-15-u18b/app/src/app/pages/daily-summary/plan-tasks-tomorrow/plan-tasks-tomorrow.component.scss:1:12:
      1 │ var resource;
        ╵             ^



Warning: ▲ [WARNING] Unexpected ";" [css-syntax-error]

    /Users/jacksm5pro/dev/open-source/versionless/.versionless/stage/angular-super-productivity-v2-13-15-u18b/app/src/app/pages/project-page/project-page.component.scss:1:12:
      1 │ var resource;
        ╵             ^



Warning: ▲ [WARNING] Unexpected ";" [css-syntax-error]

    /Users/jacksm5pro/dev/open-source/versionless/.versionless/stage/angular-super-productivity-v2-13-15-u18b/app/src/app/pages/project-settings/project-settings.component.scss:1:12:
      1 │ var resource;
        ╵             ^



Warning: ▲ [WARNING] Unexpected ";" [css-syntax-error]

    /Users/jacksm5pro/dev/open-source/versionless/.versionless/stage/angular-super-productivity-v2-13-15-u18b/app/src/app/pages/schedule-page/schedule-page.component.scss:1:12:
      1 │ var resource;
        ╵             ^



Warning: ▲ [WARNING] Unexpected ";" [css-syntax-error]

    /Users/jacksm5pro/dev/open-source/versionless/.versionless/stage/angular-super-productivity-v2-13-15-u18b/app/src/app/pages/work-view/backlog/backlog.component.scss:1:12:
      1 │ var resource;
        ╵             ^



Warning: ▲ [WARNING] Unexpected ";" [css-syntax-error]

    /Users/jacksm5pro/dev/open-source/versionless/.versionless/stage/angular-super-productivity-v2-13-15-u18b/app/src/app/pages/work-view/split/split.component.scss:1:12:
      1 │ var resource;
        ╵             ^



Warning: ▲ [WARNING] Unexpected ";" [css-syntax-error]

    /Users/jacksm5pro/dev/open-source/versionless/.versionless/stage/angular-super-productivity-v2-13-15-u18b/app/src/app/pages/work-view/work-view-page.component.scss:1:12:
      1 │ var resource;
        ╵             ^



Warning: ▲ [WARNING] Unexpected ";" [css-syntax-error]

    /Users/jacksm5pro/dev/open-source/versionless/.versionless/stage/angular-super-productivity-v2-13-15-u18b/app/src/app/ui/chip-list-input/chip-list-input.component.scss:1:12:
      1 │ var resource;
        ╵             ^



Warning: ▲ [WARNING] Unexpected ";" [css-syntax-error]

    /Users/jacksm5pro/dev/open-source/versionless/.versionless/stage/angular-super-productivity-v2-13-15-u18b/app/src/app/ui/collapsible/collapsible.component.scss:1:12:
      1 │ var resource;
        ╵             ^



Warning: ▲ [WARNING] Unexpected ";" [css-syntax-error]

    /Users/jacksm5pro/dev/open-source/versionless/.versionless/stage/angular-super-productivity-v2-13-15-u18b/app/src/app/ui/datetime-input/datetime-input.component.scss:1:12:
      1 │ var resource;
        ╵             ^



Warning: ▲ [WARNING] Unexpected ";" [css-syntax-error]

    /Users/jacksm5pro/dev/open-source/versionless/.versionless/stage/angular-super-productivity-v2-13-15-u18b/app/src/app/ui/dialog-fullscreen-markdown/dialog-fullscreen-markdown.component.scss:1:12:
      1 │ var resource;
        ╵             ^



Warning: ▲ [WARNING] Unexpected ";" [css-syntax-error]

    /Users/jacksm5pro/dev/open-source/versionless/.versionless/stage/angular-super-productivity-v2-13-15-u18b/app/src/app/ui/duration/input-duration-slider/input-duration-slider.component.scss:1:12:
      1 │ var resource;
        ╵             ^



Warning: ▲ [WARNING] Unexpected ";" [css-syntax-error]

    /Users/jacksm5pro/dev/open-source/versionless/.versionless/stage/angular-super-productivity-v2-13-15-u18b/app/src/app/ui/help-section/help-section.component.scss:1:12:
      1 │ var resource;
        ╵             ^



Warning: ▲ [WARNING] Unexpected ";" [css-syntax-error]

    /Users/jacksm5pro/dev/open-source/versionless/.versionless/stage/angular-super-productivity-v2-13-15-u18b/app/src/app/ui/inline-input/inline-input.component.scss:1:12:
      1 │ var resource;
        ╵             ^



Warning: ▲ [WARNING] Unexpected ";" [css-syntax-error]

    /Users/jacksm5pro/dev/open-source/versionless/.versionless/stage/angular-super-productivity-v2-13-15-u18b/app/src/app/ui/inline-markdown/inline-markdown.component.scss:1:12:
      1 │ var resource;
        ╵             ^



Warning: ▲ [WARNING] Unterminated string token [css-syntax-error]

    /Users/jacksm5pro/dev/open-source/versionless/.versionless/stage/angular-super-productivity-v2-13-15-u18b/app/src/app/app.component.scss:17:100:
      17 │ ...n't tell about it's top-level declarations so it can't be inlined
         ╵                                                                     ^



Warning: ▲ [WARNING] Unterminated string token [css-syntax-error]

    /Users/jacksm5pro/dev/open-source/versionless/.versionless/stage/angular-super-productivity-v2-13-15-u18b/app/src/app/core-ui/main-header/main-header.component.scss:17:100:
      17 │ ...n't tell about it's top-level declarations so it can't be inlined
         ╵                                                                     ^



Warning: ▲ [WARNING] Unterminated string token [css-syntax-error]

    /Users/jacksm5pro/dev/open-source/versionless/.versionless/stage/angular-super-productivity-v2-13-15-u18b/app/src/app/core-ui/side-nav/side-nav.component.scss:17:100:
      17 │ ...n't tell about it's top-level declarations so it can't be inlined
         ╵                                                                     ^



Warning: ▲ [WARNING] Unterminated string token [css-syntax-error]

    /Users/jacksm5pro/dev/open-source/versionless/.versionless/stage/angular-super-productivity-v2-13-15-u18b/app/src/app/core/banner/banner/banner.component.scss:17:100:
      17 │ ...n't tell about it's top-level declarations so it can't be inlined
         ╵                                                                     ^



Warning: ▲ [WARNING] Unterminated string token [css-syntax-error]

    /Users/jacksm5pro/dev/open-source/versionless/.versionless/stage/angular-super-productivity-v2-13-15-u18b/app/src/app/core/snack/snack-custom/snack-custom.component.scss:17:100:
      17 │ ...n't tell about it's top-level declarations so it can't be inlined
         ╵                                                                     ^



Warning: ▲ [WARNING] Unterminated string token [css-syntax-error]

    /Users/jacksm5pro/dev/open-source/versionless/.versionless/stage/angular-super-productivity-v2-13-15-u18b/app/src/app/features/attachment/attachment-list/attachment-list.component.scss:17:100:
      17 │ ...n't tell about it's top-level declarations so it can't be inlined
         ╵                                                                     ^



Warning: ▲ [WARNING] Unterminated string token [css-syntax-error]

    /Users/jacksm5pro/dev/open-source/versionless/.versionless/stage/angular-super-productivity-v2-13-15-u18b/app/src/app/features/bookmark/bookmark-bar/bookmark-bar.component.scss:17:100:
      17 │ ...n't tell about it's top-level declarations so it can't be inlined
         ╵                                                                     ^



Warning: ▲ [WARNING] Unterminated string token [css-syntax-error]

    /Users/jacksm5pro/dev/open-source/versionless/.versionless/stage/angular-super-productivity-v2-13-15-u18b/app/src/app/features/config/config-form/config-form.component.scss:17:100:
      17 │ ...n't tell about it's top-level declarations so it can't be inlined
         ╵                                                                     ^



Warning: ▲ [WARNING] Unterminated string token [css-syntax-error]

    /Users/jacksm5pro/dev/open-source/versionless/.versionless/stage/angular-super-productivity-v2-13-15-u18b/app/src/app/features/config/config-section/config-section.component.scss:17:100:
      17 │ ...n't tell about it's top-level declarations so it can't be inlined
         ╵                                                                     ^



Warning: ▲ [WARNING] Unterminated string token [css-syntax-error]

    /Users/jacksm5pro/dev/open-source/versionless/.versionless/stage/angular-super-productivity-v2-13-15-u18b/app/src/app/features/google/google-sync-cfg/google-sync-cfg.component.scss:17:100:
      17 │ ...n't tell about it's top-level declarations so it can't be inlined
         ╵                                                                     ^



Warning: ▲ [WARNING] Unterminated string token [css-syntax-error]

    /Users/jacksm5pro/dev/open-source/versionless/.versionless/stage/angular-super-productivity-v2-13-15-u18b/app/src/app/features/issue/github/github-issue/github-issue-content/github-issue-content.component.scss:17:100:
      17 │ ...n't tell about it's top-level declarations so it can't be inlined
         ╵                                                                     ^



Warning: ▲ [WARNING] Unterminated string token [css-syntax-error]

    /Users/jacksm5pro/dev/open-source/versionless/.versionless/stage/angular-super-productivity-v2-13-15-u18b/app/src/app/features/issue/jira/jira-cfg-stepper/jira-cfg-stepper.component.scss:17:100:
      17 │ ...n't tell about it's top-level declarations so it can't be inlined
         ╵                                                                     ^



Warning: ▲ [WARNING] Unterminated string token [css-syntax-error]

    /Users/jacksm5pro/dev/open-source/versionless/.versionless/stage/angular-super-productivity-v2-13-15-u18b/app/src/app/features/issue/jira/jira-cfg/jira-cfg.component.scss:17:100:
      17 │ ...n't tell about it's top-level declarations so it can't be inlined
         ╵                                                                     ^



Warning: ▲ [WARNING] Unterminated string token [css-syntax-error]

    /Users/jacksm5pro/dev/open-source/versionless/.versionless/stage/angular-super-productivity-v2-13-15-u18b/app/src/app/features/issue/jira/jira-issue/jira-issue-content/jira-issue-content.component.scss:17:100:
      17 │ ...n't tell about it's top-level declarations so it can't be inlined
         ╵                                                                     ^



Warning: ▲ [WARNING] Unterminated string token [css-syntax-error]

    /Users/jacksm5pro/dev/open-source/versionless/.versionless/stage/angular-super-productivity-v2-13-15-u18b/app/src/app/features/metric/evaluation-sheet/evaluation-sheet.component.scss:17:100:
      17 │ ...n't tell about it's top-level declarations so it can't be inlined
         ╵                                                                     ^



Warning: ▲ [WARNING] Unterminated string token [css-syntax-error]

    /Users/jacksm5pro/dev/open-source/versionless/.versionless/stage/angular-super-productivity-v2-13-15-u18b/app/src/app/features/metric/improvement-banner/improvement-banner.component.scss:17:100:
      17 │ ...n't tell about it's top-level declarations so it can't be inlined
         ╵                                                                     ^



Warning: ▲ [WARNING] Unterminated string token [css-syntax-error]

    /Users/jacksm5pro/dev/open-source/versionless/.versionless/stage/angular-super-productivity-v2-13-15-u18b/app/src/app/features/metric/metric.component.scss:17:100:
      17 │ ...n't tell about it's top-level declarations so it can't be inlined
         ╵                                                                     ^



Warning: ▲ [WARNING] Unterminated string token [css-syntax-error]

    /Users/jacksm5pro/dev/open-source/versionless/.versionless/stage/angular-super-productivity-v2-13-15-u18b/app/src/app/features/note/dialog-add-note/dialog-add-note.component.scss:17:100:
      17 │ ...n't tell about it's top-level declarations so it can't be inlined
         ╵                                                                     ^



Warning: ▲ [WARNING] Unterminated string token [css-syntax-error]

    /Users/jacksm5pro/dev/open-source/versionless/.versionless/stage/angular-super-productivity-v2-13-15-u18b/app/src/app/features/note/dialog-view-note-reminder/dialog-view-note-reminder.component.scss:17:100:
      17 │ ...n't tell about it's top-level declarations so it can't be inlined
         ╵                                                                     ^



Warning: ▲ [WARNING] Unterminated string token [css-syntax-error]

    /Users/jacksm5pro/dev/open-source/versionless/.versionless/stage/angular-super-productivity-v2-13-15-u18b/app/src/app/features/note/note/note.component.scss:17:100:
      17 │ ...n't tell about it's top-level declarations so it can't be inlined
         ╵                                                                     ^



Warning: ▲ [WARNING] Unterminated string token [css-syntax-error]

    /Users/jacksm5pro/dev/open-source/versionless/.versionless/stage/angular-super-productivity-v2-13-15-u18b/app/src/app/features/note/notes/notes.component.scss:17:100:
      17 │ ...n't tell about it's top-level declarations so it can't be inlined
         ╵                                                                     ^



Warning: ▲ [WARNING] Unterminated string token [css-syntax-error]

    /Users/jacksm5pro/dev/open-source/versionless/.versionless/stage/angular-super-productivity-v2-13-15-u18b/app/src/app/features/procrastination/procrastination.component.scss:17:100:
      17 │ ...n't tell about it's top-level declarations so it can't be inlined
         ╵                                                                     ^



Warning: ▲ [WARNING] Unterminated string token [css-syntax-error]

    /Users/jacksm5pro/dev/open-source/versionless/.versionless/stage/angular-super-productivity-v2-13-15-u18b/app/src/app/features/project/dialogs/create-project/dialog-create-project.component.scss:17:100:
      17 │ ...n't tell about it's top-level declarations so it can't be inlined
         ╵                                                                     ^



Warning: ▲ [WARNING] Unterminated string token [css-syntax-error]

    /Users/jacksm5pro/dev/open-source/versionless/.versionless/stage/angular-super-productivity-v2-13-15-u18b/app/src/app/features/tasks/add-task-bar/add-task-bar.component.scss:17:100:
      17 │ ...n't tell about it's top-level declarations so it can't be inlined
         ╵                                                                     ^



Warning: ▲ [WARNING] Unterminated string token [css-syntax-error]

    /Users/jacksm5pro/dev/open-source/versionless/.versionless/stage/angular-super-productivity-v2-13-15-u18b/app/src/app/features/tasks/dialog-add-time-estimate-for-other-day/dialog-add-time-estimate-for-other-day.component.scss:17:100:
      17 │ ...n't tell about it's top-level declarations so it can't be inlined
         ╵                                                                     ^



Warning: ▲ [WARNING] Unterminated string token [css-syntax-error]

    /Users/jacksm5pro/dev/open-source/versionless/.versionless/stage/angular-super-productivity-v2-13-15-u18b/app/src/app/features/tasks/dialog-time-estimate/dialog-time-estimate.component.scss:17:100:
      17 │ ...n't tell about it's top-level declarations so it can't be inlined
         ╵                                                                     ^



Warning: ▲ [WARNING] Unterminated string token [css-syntax-error]

    /Users/jacksm5pro/dev/open-source/versionless/.versionless/stage/angular-super-productivity-v2-13-15-u18b/app/src/app/features/tasks/dialog-view-task-reminder/dialog-view-task-reminder.component.scss:17:100:
      17 │ ...n't tell about it's top-level declarations so it can't be inlined
         ╵                                                                     ^



Warning: ▲ [WARNING] Unterminated string token [css-syntax-error]

    /Users/jacksm5pro/dev/open-source/versionless/.versionless/stage/angular-super-productivity-v2-13-15-u18b/app/src/app/features/tasks/task-additional-info/task-additional-info.component.scss:17:100:
      17 │ ...n't tell about it's top-level declarations so it can't be inlined
         ╵                                                                     ^



Warning: ▲ [WARNING] Unterminated string token [css-syntax-error]

    /Users/jacksm5pro/dev/open-source/versionless/.versionless/stage/angular-super-productivity-v2-13-15-u18b/app/src/app/features/tasks/task-list/task-list.component.scss:17:100:
      17 │ ...n't tell about it's top-level declarations so it can't be inlined
         ╵                                                                     ^



Warning: ▲ [WARNING] Unterminated string token [css-syntax-error]

    /Users/jacksm5pro/dev/open-source/versionless/.versionless/stage/angular-super-productivity-v2-13-15-u18b/app/src/app/features/tasks/task-summary-table/task-summary-table.component.scss:17:100:
      17 │ ...n't tell about it's top-level declarations so it can't be inlined
         ╵                                                                     ^



Warning: ▲ [WARNING] Unterminated string token [css-syntax-error]

    /Users/jacksm5pro/dev/open-source/versionless/.versionless/stage/angular-super-productivity-v2-13-15-u18b/app/src/app/features/tasks/task/task.component.scss:17:100:
      17 │ ...n't tell about it's top-level declarations so it can't be inlined
         ╵                                                                     ^



Warning: ▲ [WARNING] Unterminated string token [css-syntax-error]

    /Users/jacksm5pro/dev/open-source/versionless/.versionless/stage/angular-super-productivity-v2-13-15-u18b/app/src/app/features/time-tracking/dialog-idle/dialog-idle.component.scss:17:100:
      17 │ ...n't tell about it's top-level declarations so it can't be inlined
         ╵                                                                     ^



Warning: ▲ [WARNING] Unterminated string token [css-syntax-error]

    /Users/jacksm5pro/dev/open-source/versionless/.versionless/stage/angular-super-productivity-v2-13-15-u18b/app/src/app/features/worklog/dialog-worklog-export/dialog-worklog-export.component.scss:17:100:
      17 │ ...n't tell about it's top-level declarations so it can't be inlined
         ╵                                                                     ^



Warning: ▲ [WARNING] Unterminated string token [css-syntax-error]

    /Users/jacksm5pro/dev/open-source/versionless/.versionless/stage/angular-super-productivity-v2-13-15-u18b/app/src/app/features/worklog/worklog-export/worklog-export.component.scss:17:100:
      17 │ ...n't tell about it's top-level declarations so it can't be inlined
         ╵                                                                     ^



Warning: ▲ [WARNING] Unterminated string token [css-syntax-error]

    /Users/jacksm5pro/dev/open-source/versionless/.versionless/stage/angular-super-productivity-v2-13-15-u18b/app/src/app/features/worklog/worklog-week/worklog-week.component.scss:17:100:
      17 │ ...n't tell about it's top-level declarations so it can't be inlined
         ╵                                                                     ^



Warning: ▲ [WARNING] Unterminated string token [css-syntax-error]

    /Users/jacksm5pro/dev/open-source/versionless/.versionless/stage/angular-super-productivity-v2-13-15-u18b/app/src/app/features/worklog/worklog.component.scss:17:100:
      17 │ ...n't tell about it's top-level declarations so it can't be inlined
         ╵                                                                     ^



Warning: ▲ [WARNING] Unterminated string token [css-syntax-error]

    /Users/jacksm5pro/dev/open-source/versionless/.versionless/stage/angular-super-productivity-v2-13-15-u18b/app/src/app/imex/file-imex/file-imex.component.scss:17:100:
      17 │ ...n't tell about it's top-level declarations so it can't be inlined
         ╵                                                                     ^



Warning: ▲ [WARNING] Unterminated string token [css-syntax-error]

    /Users/jacksm5pro/dev/open-source/versionless/.versionless/stage/angular-super-productivity-v2-13-15-u18b/app/src/app/pages/config-page/config-page.component.scss:17:100:
      17 │ ...n't tell about it's top-level declarations so it can't be inlined
         ╵                                                                     ^



Warning: ▲ [WARNING] Unterminated string token [css-syntax-error]

    /Users/jacksm5pro/dev/open-source/versionless/.versionless/stage/angular-super-productivity-v2-13-15-u18b/app/src/app/pages/daily-summary/daily-summary.component.scss:17:100:
      17 │ ...n't tell about it's top-level declarations so it can't be inlined
         ╵                                                                     ^



Warning: ▲ [WARNING] Unterminated string token [css-syntax-error]

    /Users/jacksm5pro/dev/open-source/versionless/.versionless/stage/angular-super-productivity-v2-13-15-u18b/app/src/app/pages/daily-summary/plan-tasks-tomorrow/plan-tasks-tomorrow.component.scss:17:100:
      17 │ ...n't tell about it's top-level declarations so it can't be inlined
         ╵                                                                     ^



Warning: ▲ [WARNING] Unterminated string token [css-syntax-error]

    /Users/jacksm5pro/dev/open-source/versionless/.versionless/stage/angular-super-productivity-v2-13-15-u18b/app/src/app/pages/project-page/project-page.component.scss:17:100:
      17 │ ...n't tell about it's top-level declarations so it can't be inlined
         ╵                                                                     ^



Warning: ▲ [WARNING] Unterminated string token [css-syntax-error]

    /Users/jacksm5pro/dev/open-source/versionless/.versionless/stage/angular-super-productivity-v2-13-15-u18b/app/src/app/pages/project-settings/project-settings.component.scss:17:100:
      17 │ ...n't tell about it's top-level declarations so it can't be inlined
         ╵                                                                     ^



Warning: ▲ [WARNING] Unterminated string token [css-syntax-error]

    /Users/jacksm5pro/dev/open-source/versionless/.versionless/stage/angular-super-productivity-v2-13-15-u18b/app/src/app/pages/schedule-page/schedule-page.component.scss:17:100:
      17 │ ...n't tell about it's top-level declarations so it can't be inlined
         ╵                                                                     ^



Warning: ▲ [WARNING] Unterminated string token [css-syntax-error]

    /Users/jacksm5pro/dev/open-source/versionless/.versionless/stage/angular-super-productivity-v2-13-15-u18b/app/src/app/pages/work-view/backlog/backlog.component.scss:17:100:
      17 │ ...n't tell about it's top-level declarations so it can't be inlined
         ╵                                                                     ^



Warning: ▲ [WARNING] Unterminated string token [css-syntax-error]

    /Users/jacksm5pro/dev/open-source/versionless/.versionless/stage/angular-super-productivity-v2-13-15-u18b/app/src/app/pages/work-view/split/split.component.scss:17:100:
      17 │ ...n't tell about it's top-level declarations so it can't be inlined
         ╵                                                                     ^



Warning: ▲ [WARNING] Unterminated string token [css-syntax-error]

    /Users/jacksm5pro/dev/open-source/versionless/.versionless/stage/angular-super-productivity-v2-13-15-u18b/app/src/app/pages/work-view/work-view-page.component.scss:17:100:
      17 │ ...n't tell about it's top-level declarations so it can't be inlined
         ╵                                                                     ^



Warning: ▲ [WARNING] Unterminated string token [css-syntax-error]

    /Users/jacksm5pro/dev/open-source/versionless/.versionless/stage/angular-super-productivity-v2-13-15-u18b/app/src/app/ui/chip-list-input/chip-list-input.component.scss:17:100:
      17 │ ...n't tell about it's top-level declarations so it can't be inlined
         ╵                                                                     ^



Warning: ▲ [WARNING] Unterminated string token [css-syntax-error]

    /Users/jacksm5pro/dev/open-source/versionless/.versionless/stage/angular-super-productivity-v2-13-15-u18b/app/src/app/ui/collapsible/collapsible.component.scss:17:100:
      17 │ ...n't tell about it's top-level declarations so it can't be inlined
         ╵                                                                     ^



Warning: ▲ [WARNING] Unterminated string token [css-syntax-error]

    /Users/jacksm5pro/dev/open-source/versionless/.versionless/stage/angular-super-productivity-v2-13-15-u18b/app/src/app/ui/datetime-input/datetime-input.component.scss:17:100:
      17 │ ...n't tell about it's top-level declarations so it can't be inlined
         ╵                                                                     ^



Warning: ▲ [WARNING] Unterminated string token [css-syntax-error]

    /Users/jacksm5pro/dev/open-source/versionless/.versionless/stage/angular-super-productivity-v2-13-15-u18b/app/src/app/ui/dialog-fullscreen-markdown/dialog-fullscreen-markdown.component.scss:17:100:
      17 │ ...n't tell about it's top-level declarations so it can't be inlined
         ╵                                                                     ^



Warning: ▲ [WARNING] Unterminated string token [css-syntax-error]

    /Users/jacksm5pro/dev/open-source/versionless/.versionless/stage/angular-super-productivity-v2-13-15-u18b/app/src/app/ui/duration/input-duration-slider/input-duration-slider.component.scss:17:100:
      17 │ ...n't tell about it's top-level declarations so it can't be inlined
         ╵                                                                     ^



Warning: ▲ [WARNING] Unterminated string token [css-syntax-error]

    /Users/jacksm5pro/dev/open-source/versionless/.versionless/stage/angular-super-productivity-v2-13-15-u18b/app/src/app/ui/help-section/help-section.component.scss:17:100:
      17 │ ...n't tell about it's top-level declarations so it can't be inlined
         ╵                                                                     ^



Warning: ▲ [WARNING] Unterminated string token [css-syntax-error]

    /Users/jacksm5pro/dev/open-source/versionless/.versionless/stage/angular-super-productivity-v2-13-15-u18b/app/src/app/ui/inline-input/inline-input.component.scss:17:100:
      17 │ ...n't tell about it's top-level declarations so it can't be inlined
         ╵                                                                     ^



Warning: ▲ [WARNING] Unterminated string token [css-syntax-error]

    /Users/jacksm5pro/dev/open-source/versionless/.versionless/stage/angular-super-productivity-v2-13-15-u18b/app/src/app/ui/inline-markdown/inline-markdown.component.scss:17:100:
      17 │ ...n't tell about it's top-level declarations so it can't be inlined
         ╵                                                                     ^





./src/styles.scss - Error: Module build failed (from ./node_modules/@angular-devkit/build-angular/node_modules/sass-loader/dist/cjs.js):
Can't find stylesheet to import.
  ╷
2 │ @import '~angular-material-css-vars/public-util';
  │         ^^^^^^^^^^^^^^^^^^^^^^^^^^^^^^^^^^^^^^^^
  ╵
  src/_variables.scss 2:9  @import
  src/styles.scss 1:9      root stylesheet

./src/app/app.component.scss?ngResource - Error: Module build failed (from ./node_modules/@angular-devkit/build-angular/node_modules/sass-loader/dist/cjs.js):
Can't find stylesheet to import.
  ╷
2 │ @import '~angular-material-css-vars/public-util';
  │         ^^^^^^^^^^^^^^^^^^^^^^^^^^^^^^^^^^^^^^^^
  ╵
  src/_variables.scss 2:9         @import
  src/app/app.component.scss 1:9  root stylesheet

./src/app/core-ui/main-header/main-header.component.scss?ngResource - Error: Module build failed (from ./node_modules/@angular-devkit/build-angular/node_modules/sass-loader/dist/cjs.js):
Can't find stylesheet to import.
  ╷
2 │ @import '~angular-material-css-vars/public-util';
  │         ^^^^^^^^^^^^^^^^^^^^^^^^^^^^^^^^^^^^^^^^
  ╵
  src/_variables.scss 2:9                                     @import
  src/app/core-ui/main-header/main-header.component.scss 1:9  root stylesheet

./src/app/core-ui/side-nav/side-nav.component.scss?ngResource - Error: Module build failed (from ./node_modules/@angular-devkit/build-angular/node_modules/sass-loader/dist/cjs.js):
Can't find stylesheet to import.
  ╷
2 │ @import '~angular-material-css-vars/public-util';
  │         ^^^^^^^^^^^^^^^^^^^^^^^^^^^^^^^^^^^^^^^^
  ╵
  src/_variables.scss 2:9                               @import
  src/app/core-ui/side-nav/side-nav.component.scss 1:9  root stylesheet

./src/app/core/banner/banner/banner.component.scss?ngResource - Error: Module build failed (from ./node_modules/@angular-devkit/build-angular/node_modules/sass-loader/dist/cjs.js):
Can't find stylesheet to import.
  ╷
2 │ @import '~angular-material-css-vars/public-util';
  │         ^^^^^^^^^^^^^^^^^^^^^^^^^^^^^^^^^^^^^^^^
  ╵
  src/_variables.scss 2:9                               @import
  src/app/core/banner/banner/banner.component.scss 1:9  root stylesheet

./src/app/core/snack/snack-custom/snack-custom.component.scss?ngResource - Error: Module build failed (from ./node_modules/@angular-devkit/build-angular/node_modules/sass-loader/dist/cjs.js):
Can't find stylesheet to import.
  ╷
2 │ @import '~angular-material-css-vars/public-util';
  │         ^^^^^^^^^^^^^^^^^^^^^^^^^^^^^^^^^^^^^^^^
  ╵
  src/_variables.scss 2:9                                          @import
  src/app/core/snack/snack-custom/snack-custom.component.scss 1:9  root stylesheet

./src/app/features/attachment/attachment-list/attachment-list.component.scss?ngResource - Error: Module build failed (from ./node_modules/@angular-devkit/build-angular/node_modules/sass-loader/dist/cjs.js):
Can't find stylesheet to import.
  ╷
2 │ @import '~angular-material-css-vars/public-util';
  │         ^^^^^^^^^^^^^^^^^^^^^^^^^^^^^^^^^^^^^^^^
  ╵
  src/_variables.scss 2:9                                                         @import
  src/app/features/attachment/attachment-list/attachment-list.component.scss 1:9  root stylesheet

./src/app/features/bookmark/bookmark-bar/bookmark-bar.component.scss?ngResource - Error: Module build failed (from ./node_modules/@angular-devkit/build-angular/node_modules/sass-loader/dist/cjs.js):
Can't find stylesheet to import.
  ╷
2 │ @import '~angular-material-css-vars/public-util';
  │         ^^^^^^^^^^^^^^^^^^^^^^^^^^^^^^^^^^^^^^^^
  ╵
  src/_variables.scss 2:9                                                 @import
  src/app/features/bookmark/bookmark-bar/bookmark-bar.component.scss 1:9  root stylesheet

./src/app/features/config/config-form/config-form.component.scss?ngResource - Error: Module build failed (from ./node_modules/@angular-devkit/build-angular/node_modules/sass-loader/dist/cjs.js):
Can't find stylesheet to import.
  ╷
2 │ @import '~angular-material-css-vars/public-util';
  │         ^^^^^^^^^^^^^^^^^^^^^^^^^^^^^^^^^^^^^^^^
  ╵
  src/_variables.scss 2:9                                             @import
  src/app/features/config/config-form/config-form.component.scss 1:9  root stylesheet

./src/app/features/config/config-section/config-section.component.scss?ngResource - Error: Module build failed (from ./node_modules/@angular-devkit/build-angular/node_modules/sass-loader/dist/cjs.js):
Can't find stylesheet to import.
  ╷
2 │ @import '~angular-material-css-vars/public-util';
  │         ^^^^^^^^^^^^^^^^^^^^^^^^^^^^^^^^^^^^^^^^
  ╵
  src/_variables.scss 2:9                                                   @import
  src/app/features/config/config-section/config-section.component.scss 1:9  root stylesheet

./src/app/features/google/google-sync-cfg/google-sync-cfg.component.scss?ngResource - Error: Module build failed (from ./node_modules/@angular-devkit/build-angular/node_modules/sass-loader/dist/cjs.js):
Can't find stylesheet to import.
  ╷
2 │ @import '~angular-material-css-vars/public-util';
  │         ^^^^^^^^^^^^^^^^^^^^^^^^^^^^^^^^^^^^^^^^
  ╵
  src/_variables.scss 2:9                                                     @import
  src/app/features/google/google-sync-cfg/google-sync-cfg.component.scss 1:9  root stylesheet

./src/app/features/issue/github/github-issue/github-issue-content/github-issue-content.component.scss?ngResource - Error: Module build failed (from ./node_modules/@angular-devkit/build-angular/node_modules/sass-loader/dist/cjs.js):
Can't find stylesheet to import.
  ╷
2 │ @import '~angular-material-css-vars/public-util';
  │         ^^^^^^^^^^^^^^^^^^^^^^^^^^^^^^^^^^^^^^^^
  ╵
  src/_variables.scss 2:9                                                                                  @import
  src/app/features/issue/github/github-issue/github-issue-content/github-issue-content.component.scss 1:9  root stylesheet

./src/app/features/issue/jira/jira-cfg-stepper/jira-cfg-stepper.component.scss?ngResource - Error: Module build failed (from ./node_modules/@angular-devkit/build-angular/node_modules/sass-loader/dist/cjs.js):
Can't find stylesheet to import.
  ╷
2 │ @import '~angular-material-css-vars/public-util';
  │         ^^^^^^^^^^^^^^^^^^^^^^^^^^^^^^^^^^^^^^^^
  ╵
  src/_variables.scss 2:9                                                           @import
  src/app/features/issue/jira/jira-cfg-stepper/jira-cfg-stepper.component.scss 1:9  root stylesheet

./src/app/features/issue/jira/jira-cfg/jira-cfg.component.scss?ngResource - Error: Module build failed (from ./node_modules/@angular-devkit/build-angular/node_modules/sass-loader/dist/cjs.js):
Can't find stylesheet to import.
  ╷
2 │ @import '~angular-material-css-vars/public-util';
  │         ^^^^^^^^^^^^^^^^^^^^^^^^^^^^^^^^^^^^^^^^
  ╵
  src/_variables.scss 2:9                                           @import
  src/app/features/issue/jira/jira-cfg/jira-cfg.component.scss 1:9  root stylesheet

./src/app/features/issue/jira/jira-issue/jira-issue-content/jira-issue-content.component.scss?ngResource - Error: Module build failed (from ./node_modules/@angular-devkit/build-angular/node_modules/sass-loader/dist/cjs.js):
Can't find stylesheet to import.
  ╷
2 │ @import '~angular-material-css-vars/public-util';
  │         ^^^^^^^^^^^^^^^^^^^^^^^^^^^^^^^^^^^^^^^^
  ╵
  src/_variables.scss 2:9                                                                          @import
  src/app/features/issue/jira/jira-issue/jira-issue-content/jira-issue-content.component.scss 1:9  root stylesheet

./src/app/features/metric/evaluation-sheet/evaluation-sheet.component.scss?ngResource - Error: Module build failed (from ./node_modules/@angular-devkit/build-angular/node_modules/sass-loader/dist/cjs.js):
Can't find stylesheet to import.
  ╷
2 │ @import '~angular-material-css-vars/public-util';
  │         ^^^^^^^^^^^^^^^^^^^^^^^^^^^^^^^^^^^^^^^^
  ╵
  src/_variables.scss 2:9                                                       @import
  src/app/features/metric/evaluation-sheet/evaluation-sheet.component.scss 1:9  root stylesheet

./src/app/features/metric/improvement-banner/improvement-banner.component.scss?ngResource - Error: Module build failed (from ./node_modules/@angular-devkit/build-angular/node_modules/sass-loader/dist/cjs.js):
Can't find stylesheet to import.
  ╷
2 │ @import '~angular-material-css-vars/public-util';
  │         ^^^^^^^^^^^^^^^^^^^^^^^^^^^^^^^^^^^^^^^^
  ╵
  src/_variables.scss 2:9                                                           @import
  src/app/features/metric/improvement-banner/improvement-banner.component.scss 1:9  root stylesheet

./src/app/features/metric/metric.component.scss?ngResource - Error: Module build failed (from ./node_modules/@angular-devkit/build-angular/node_modules/sass-loader/dist/cjs.js):
Can't find stylesheet to import.
  ╷
2 │ @import '~angular-material-css-vars/public-util';
  │         ^^^^^^^^^^^^^^^^^^^^^^^^^^^^^^^^^^^^^^^^
  ╵
  src/_variables.scss 2:9                            @import
  src/app/features/metric/metric.component.scss 1:9  root stylesheet

./src/app/features/note/dialog-add-note/dialog-add-note.component.scss?ngResource - Error: Module build failed (from ./node_modules/@angular-devkit/build-angular/node_modules/sass-loader/dist/cjs.js):
Can't find stylesheet to import.
  ╷
2 │ @import '~angular-material-css-vars/public-util';
  │         ^^^^^^^^^^^^^^^^^^^^^^^^^^^^^^^^^^^^^^^^
  ╵
  src/_variables.scss 2:9                                                   @import
  src/app/features/note/dialog-add-note/dialog-add-note.component.scss 1:9  root stylesheet

./src/app/features/note/dialog-view-note-reminder/dialog-view-note-reminder.component.scss?ngResource - Error: Module build failed (from ./node_modules/@angular-devkit/build-angular/node_modules/sass-loader/dist/cjs.js):
Can't find stylesheet to import.
  ╷
2 │ @import '~angular-material-css-vars/public-util';
  │         ^^^^^^^^^^^^^^^^^^^^^^^^^^^^^^^^^^^^^^^^
  ╵
  src/_variables.scss 2:9                                                                       @import
  src/app/features/note/dialog-view-note-reminder/dialog-view-note-reminder.component.scss 1:9  root stylesheet

./src/app/features/note/note/note.component.scss?ngResource - Error: Module build failed (from ./node_modules/@angular-devkit/build-angular/node_modules/sass-loader/dist/cjs.js):
Can't find stylesheet to import.
  ╷
2 │ @import '~angular-material-css-vars/public-util';
  │         ^^^^^^^^^^^^^^^^^^^^^^^^^^^^^^^^^^^^^^^^
  ╵
  src/_variables.scss 2:9                             @import
  src/app/features/note/note/note.component.scss 1:9  root stylesheet

./src/app/features/note/notes/notes.component.scss?ngResource - Error: Module build failed (from ./node_modules/@angular-devkit/build-angular/node_modules/sass-loader/dist/cjs.js):
Can't find stylesheet to import.
  ╷
2 │ @import '~angular-material-css-vars/public-util';
  │         ^^^^^^^^^^^^^^^^^^^^^^^^^^^^^^^^^^^^^^^^
  ╵
  src/_variables.scss 2:9                               @import
  src/app/features/note/notes/notes.component.scss 1:9  root stylesheet

./src/app/features/procrastination/procrastination.component.scss?ngResource - Error: Module build failed (from ./node_modules/@angular-devkit/build-angular/node_modules/sass-loader/dist/cjs.js):
Can't find stylesheet to import.
  ╷
2 │ @import '~angular-material-css-vars/public-util';
  │         ^^^^^^^^^^^^^^^^^^^^^^^^^^^^^^^^^^^^^^^^
  ╵
  src/_variables.scss 2:9                                              @import
  src/app/features/procrastination/procrastination.component.scss 1:9  root stylesheet

./src/app/features/project/dialogs/create-project/dialog-create-project.component.scss?ngResource - Error: Module build failed (from ./node_modules/@angular-devkit/build-angular/node_modules/sass-loader/dist/cjs.js):
Can't find stylesheet to import.
  ╷
2 │ @import '~angular-material-css-vars/public-util';
  │         ^^^^^^^^^^^^^^^^^^^^^^^^^^^^^^^^^^^^^^^^
  ╵
  src/_variables.scss 2:9                                                                   @import
  src/app/features/project/dialogs/create-project/dialog-create-project.component.scss 1:9  root stylesheet

./src/app/features/tasks/add-task-bar/add-task-bar.component.scss?ngResource - Error: Module build failed (from ./node_modules/@angular-devkit/build-angular/node_modules/sass-loader/dist/cjs.js):
Can't find stylesheet to import.
  ╷
2 │ @import '~angular-material-css-vars/public-util';
  │         ^^^^^^^^^^^^^^^^^^^^^^^^^^^^^^^^^^^^^^^^
  ╵
  src/_variables.scss 2:9                                              @import
  src/app/features/tasks/add-task-bar/add-task-bar.component.scss 1:9  root stylesheet

./src/app/features/tasks/dialog-add-time-estimate-for-other-day/dialog-add-time-estimate-for-other-day.component.scss?ngResource - Error: Module build failed (from ./node_modules/@angular-devkit/build-angular/node_modules/sass-loader/dist/cjs.js):
Can't find stylesheet to import.
  ╷
2 │ @import '~angular-material-css-vars/public-util';
  │         ^^^^^^^^^^^^^^^^^^^^^^^^^^^^^^^^^^^^^^^^
  ╵
  src/_variables.scss 2:9                                                                                                  @import
  src/app/features/tasks/dialog-add-time-estimate-for-other-day/dialog-add-time-estimate-for-other-day.component.scss 1:9  root stylesheet

./src/app/features/tasks/dialog-time-estimate/dialog-time-estimate.component.scss?ngResource - Error: Module build failed (from ./node_modules/@angular-devkit/build-angular/node_modules/sass-loader/dist/cjs.js):
Can't find stylesheet to import.
  ╷
2 │ @import '~angular-material-css-vars/public-util';
  │         ^^^^^^^^^^^^^^^^^^^^^^^^^^^^^^^^^^^^^^^^
  ╵
  src/_variables.scss 2:9                                                              @import
  src/app/features/tasks/dialog-time-estimate/dialog-time-estimate.component.scss 1:9  root stylesheet

./src/app/features/tasks/dialog-view-task-reminder/dialog-view-task-reminder.component.scss?ngResource - Error: Module build failed (from ./node_modules/@angular-devkit/build-angular/node_modules/sass-loader/dist/cjs.js):
Can't find stylesheet to import.
  ╷
2 │ @import '~angular-material-css-vars/public-util';
  │         ^^^^^^^^^^^^^^^^^^^^^^^^^^^^^^^^^^^^^^^^
  ╵
  src/_variables.scss 2:9                                                                        @import
  src/app/features/tasks/dialog-view-task-reminder/dialog-view-task-reminder.component.scss 1:9  root stylesheet

./src/app/features/tasks/task-additional-info/task-additional-info.component.scss?ngResource - Error: Module build failed (from ./node_modules/@angular-devkit/build-angular/node_modules/sass-loader/dist/cjs.js):
Can't find stylesheet to import.
  ╷
2 │ @import '~angular-material-css-vars/public-util';
  │         ^^^^^^^^^^^^^^^^^^^^^^^^^^^^^^^^^^^^^^^^
  ╵
  src/_variables.scss 2:9                                                              @import
  src/app/features/tasks/task-additional-info/task-additional-info.component.scss 1:9  root stylesheet

./src/app/features/tasks/task-list/task-list.component.scss?ngResource - Error: Module build failed (from ./node_modules/@angular-devkit/build-angular/node_modules/sass-loader/dist/cjs.js):
Can't find stylesheet to import.
  ╷
2 │ @import '~angular-material-css-vars/public-util';
  │         ^^^^^^^^^^^^^^^^^^^^^^^^^^^^^^^^^^^^^^^^
  ╵
  src/_variables.scss 2:9                                        @import
  src/app/features/tasks/task-list/task-list.component.scss 1:9  root stylesheet

./src/app/features/tasks/task-summary-table/task-summary-table.component.scss?ngResource - Error: Module build failed (from ./node_modules/@angular-devkit/build-angular/node_modules/sass-loader/dist/cjs.js):
Can't find stylesheet to import.
  ╷
2 │ @import '~angular-material-css-vars/public-util';
  │         ^^^^^^^^^^^^^^^^^^^^^^^^^^^^^^^^^^^^^^^^
  ╵
  src/_variables.scss 2:9                                                          @import
  src/app/features/tasks/task-summary-table/task-summary-table.component.scss 1:9  root stylesheet

./src/app/features/tasks/task/task.component.scss?ngResource - Error: Module build failed (from ./node_modules/@angular-devkit/build-angular/node_modules/sass-loader/dist/cjs.js):
Can't find stylesheet to import.
  ╷
2 │ @import '~angular-material-css-vars/public-util';
  │         ^^^^^^^^^^^^^^^^^^^^^^^^^^^^^^^^^^^^^^^^
  ╵
  src/_variables.scss 2:9                              @import
  src/app/features/tasks/task/task.component.scss 1:9  root stylesheet

./src/app/features/time-tracking/dialog-idle/dialog-idle.component.scss?ngResource - Error: Module build failed (from ./node_modules/@angular-devkit/build-angular/node_modules/sass-loader/dist/cjs.js):
Can't find stylesheet to import.
  ╷
2 │ @import '~angular-material-css-vars/public-util';
  │         ^^^^^^^^^^^^^^^^^^^^^^^^^^^^^^^^^^^^^^^^
  ╵
  src/_variables.scss 2:9                                                    @import
  src/app/features/time-tracking/dialog-idle/dialog-idle.component.scss 1:9  root stylesheet

./src/app/features/worklog/dialog-worklog-export/dialog-worklog-export.component.scss?ngResource - Error: Module build failed (from ./node_modules/@angular-devkit/build-angular/node_modules/sass-loader/dist/cjs.js):
Can't find stylesheet to import.
  ╷
2 │ @import '~angular-material-css-vars/public-util';
  │         ^^^^^^^^^^^^^^^^^^^^^^^^^^^^^^^^^^^^^^^^
  ╵
  src/_variables.scss 2:9                                                                  @import
  src/app/features/worklog/dialog-worklog-export/dialog-worklog-export.component.scss 1:9  root stylesheet

./src/app/features/worklog/worklog-export/worklog-export.component.scss?ngResource - Error: Module build failed (from ./node_modules/@angular-devkit/build-angular/node_modules/sass-loader/dist/cjs.js):
Can't find stylesheet to import.
  ╷
2 │ @import '~angular-material-css-vars/public-util';
  │         ^^^^^^^^^^^^^^^^^^^^^^^^^^^^^^^^^^^^^^^^
  ╵
  src/_variables.scss 2:9                                                    @import
  src/app/features/worklog/worklog-export/worklog-export.component.scss 1:9  root stylesheet

./src/app/features/worklog/worklog-week/worklog-week.component.scss?ngResource - Error: Module build failed (from ./node_modules/@angular-devkit/build-angular/node_modules/sass-loader/dist/cjs.js):
Can't find stylesheet to import.
  ╷
2 │ @import '~angular-material-css-vars/public-util';
  │         ^^^^^^^^^^^^^^^^^^^^^^^^^^^^^^^^^^^^^^^^
  ╵
  src/_variables.scss 2:9                                                @import
  src/app/features/worklog/worklog-week/worklog-week.component.scss 1:9  root stylesheet

./src/app/features/worklog/worklog.component.scss?ngResource - Error: Module build failed (from ./node_modules/@angular-devkit/build-angular/node_modules/sass-loader/dist/cjs.js):
Can't find stylesheet to import.
  ╷
2 │ @import '~angular-material-css-vars/public-util';
  │         ^^^^^^^^^^^^^^^^^^^^^^^^^^^^^^^^^^^^^^^^
  ╵
  src/_variables.scss 2:9                              @import
  src/app/features/worklog/worklog.component.scss 1:9  root stylesheet

./src/app/imex/file-imex/file-imex.component.scss?ngResource - Error: Module build failed (from ./node_modules/@angular-devkit/build-angular/node_modules/sass-loader/dist/cjs.js):
Can't find stylesheet to import.
  ╷
2 │ @import '~angular-material-css-vars/public-util';
  │         ^^^^^^^^^^^^^^^^^^^^^^^^^^^^^^^^^^^^^^^^
  ╵
  src/_variables.scss 2:9                              @import
  src/app/imex/file-imex/file-imex.component.scss 1:9  root stylesheet

./src/app/pages/config-page/config-page.component.scss?ngResource - Error: Module build failed (from ./node_modules/@angular-devkit/build-angular/node_modules/sass-loader/dist/cjs.js):
Can't find stylesheet to import.
  ╷
2 │ @import '~angular-material-css-vars/public-util';
  │         ^^^^^^^^^^^^^^^^^^^^^^^^^^^^^^^^^^^^^^^^
  ╵
  src/_variables.scss 2:9                                   @import
  src/app/pages/config-page/config-page.component.scss 1:9  root stylesheet

./src/app/pages/daily-summary/daily-summary.component.scss?ngResource - Error: Module build failed (from ./node_modules/@angular-devkit/build-angular/node_modules/sass-loader/dist/cjs.js):
Can't find stylesheet to import.
  ╷
2 │ @import '~angular-material-css-vars/public-util';
  │         ^^^^^^^^^^^^^^^^^^^^^^^^^^^^^^^^^^^^^^^^
  ╵
  src/_variables.scss 2:9                                       @import
  src/app/pages/daily-summary/daily-summary.component.scss 1:9  root stylesheet

./src/app/pages/daily-summary/plan-tasks-tomorrow/plan-tasks-tomorrow.component.scss?ngResource - Error: Module build failed (from ./node_modules/@angular-devkit/build-angular/node_modules/sass-loader/dist/cjs.js):
Can't find stylesheet to import.
  ╷
2 │ @import '~angular-material-css-vars/public-util';
  │         ^^^^^^^^^^^^^^^^^^^^^^^^^^^^^^^^^^^^^^^^
  ╵
  src/_variables.scss 2:9                                                                 @import
  src/app/pages/daily-summary/plan-tasks-tomorrow/plan-tasks-tomorrow.component.scss 1:9  root stylesheet

./src/app/pages/project-page/project-page.component.scss?ngResource - Error: Module build failed (from ./node_modules/@angular-devkit/build-angular/node_modules/sass-loader/dist/cjs.js):
Can't find stylesheet to import.
  ╷
2 │ @import '~angular-material-css-vars/public-util';
  │         ^^^^^^^^^^^^^^^^^^^^^^^^^^^^^^^^^^^^^^^^
  ╵
  src/_variables.scss 2:9                                     @import
  src/app/pages/project-page/project-page.component.scss 1:9  root stylesheet

./src/app/pages/project-settings/project-settings.component.scss?ngResource - Error: Module build failed (from ./node_modules/@angular-devkit/build-angular/node_modules/sass-loader/dist/cjs.js):
Can't find stylesheet to import.
  ╷
2 │ @import '~angular-material-css-vars/public-util';
  │         ^^^^^^^^^^^^^^^^^^^^^^^^^^^^^^^^^^^^^^^^
  ╵
  src/_variables.scss 2:9                                             @import
  src/app/pages/project-settings/project-settings.component.scss 1:9  root stylesheet

./src/app/pages/schedule-page/schedule-page.component.scss?ngResource - Error: Module build failed (from ./node_modules/@angular-devkit/build-angular/node_modules/sass-loader/dist/cjs.js):
Can't find stylesheet to import.
  ╷
2 │ @import '~angular-material-css-vars/public-util';
  │         ^^^^^^^^^^^^^^^^^^^^^^^^^^^^^^^^^^^^^^^^
  ╵
  src/_variables.scss 2:9                                       @import
  src/app/pages/schedule-page/schedule-page.component.scss 1:9  root stylesheet

./src/app/pages/work-view/backlog/backlog.component.scss?ngResource - Error: Module build failed (from ./node_modules/@angular-devkit/build-angular/node_modules/sass-loader/dist/cjs.js):
Can't find stylesheet to import.
  ╷
2 │ @import '~angular-material-css-vars/public-util';
  │         ^^^^^^^^^^^^^^^^^^^^^^^^^^^^^^^^^^^^^^^^
  ╵
  src/_variables.scss 2:9                                     @import
  src/app/pages/work-view/backlog/backlog.component.scss 1:9  root stylesheet

./src/app/pages/work-view/split/split.component.scss?ngResource - Error: Module build failed (from ./node_modules/@angular-devkit/build-angular/node_modules/sass-loader/dist/cjs.js):
Can't find stylesheet to import.
  ╷
2 │ @import '~angular-material-css-vars/public-util';
  │         ^^^^^^^^^^^^^^^^^^^^^^^^^^^^^^^^^^^^^^^^
  ╵
  src/_variables.scss 2:9                                 @import
  src/app/pages/work-view/split/split.component.scss 1:9  root stylesheet

./src/app/pages/work-view/work-view-page.component.scss?ngResource - Error: Module build failed (from ./node_modules/@angular-devkit/build-angular/node_modules/sass-loader/dist/cjs.js):
Can't find stylesheet to import.
  ╷
2 │ @import '~angular-material-css-vars/public-util';
  │         ^^^^^^^^^^^^^^^^^^^^^^^^^^^^^^^^^^^^^^^^
  ╵
  src/_variables.scss 2:9                                    @import
  src/app/pages/work-view/work-view-page.component.scss 1:9  root stylesheet

./src/app/ui/chip-list-input/chip-list-input.component.scss?ngResource - Error: Module build failed (from ./node_modules/@angular-devkit/build-angular/node_modules/sass-loader/dist/cjs.js):
Can't find stylesheet to import.
  ╷
2 │ @import '~angular-material-css-vars/public-util';
  │         ^^^^^^^^^^^^^^^^^^^^^^^^^^^^^^^^^^^^^^^^
  ╵
  src/_variables.scss 2:9                                        @import
  src/app/ui/chip-list-input/chip-list-input.component.scss 1:9  root stylesheet

./src/app/ui/collapsible/collapsible.component.scss?ngResource - Error: Module build failed (from ./node_modules/@angular-devkit/build-angular/node_modules/sass-loader/dist/cjs.js):
Can't find stylesheet to import.
  ╷
2 │ @import '~angular-material-css-vars/public-util';
  │         ^^^^^^^^^^^^^^^^^^^^^^^^^^^^^^^^^^^^^^^^
  ╵
  src/_variables.scss 2:9                                @import
  src/app/ui/collapsible/collapsible.component.scss 1:9  root stylesheet

./src/app/ui/datetime-input/datetime-input.component.scss?ngResource - Error: Module build failed (from ./node_modules/@angular-devkit/build-angular/node_modules/sass-loader/dist/cjs.js):
Can't find stylesheet to import.
  ╷
2 │ @import '~angular-material-css-vars/public-util';
  │         ^^^^^^^^^^^^^^^^^^^^^^^^^^^^^^^^^^^^^^^^
  ╵
  src/_variables.scss 2:9                                      @import
  src/app/ui/datetime-input/datetime-input.component.scss 1:9  root stylesheet

./src/app/ui/dialog-fullscreen-markdown/dialog-fullscreen-markdown.component.scss?ngResource - Error: Module build failed (from ./node_modules/@angular-devkit/build-angular/node_modules/sass-loader/dist/cjs.js):
Can't find stylesheet to import.
  ╷
2 │ @import '~angular-material-css-vars/public-util';
  │         ^^^^^^^^^^^^^^^^^^^^^^^^^^^^^^^^^^^^^^^^
  ╵
  src/_variables.scss 2:9                                                              @import
  src/app/ui/dialog-fullscreen-markdown/dialog-fullscreen-markdown.component.scss 1:9  root stylesheet

./src/app/ui/duration/input-duration-slider/input-duration-slider.component.scss?ngResource - Error: Module build failed (from ./node_modules/@angular-devkit/build-angular/node_modules/sass-loader/dist/cjs.js):
Can't find stylesheet to import.
  ╷
2 │ @import '~angular-material-css-vars/public-util';
  │         ^^^^^^^^^^^^^^^^^^^^^^^^^^^^^^^^^^^^^^^^
  ╵
  src/_variables.scss 2:9                                                             @import
  src/app/ui/duration/input-duration-slider/input-duration-slider.component.scss 1:9  root stylesheet

./src/app/ui/help-section/help-section.component.scss?ngResource - Error: Module build failed (from ./node_modules/@angular-devkit/build-angular/node_modules/sass-loader/dist/cjs.js):
Can't find stylesheet to import.
  ╷
2 │ @import '~angular-material-css-vars/public-util';
  │         ^^^^^^^^^^^^^^^^^^^^^^^^^^^^^^^^^^^^^^^^
  ╵
  src/_variables.scss 2:9                                  @import
  src/app/ui/help-section/help-section.component.scss 1:9  root stylesheet

./src/app/ui/inline-input/inline-input.component.scss?ngResource - Error: Module build failed (from ./node_modules/@angular-devkit/build-angular/node_modules/sass-loader/dist/cjs.js):
Can't find stylesheet to import.
  ╷
2 │ @import '~angular-material-css-vars/public-util';
  │         ^^^^^^^^^^^^^^^^^^^^^^^^^^^^^^^^^^^^^^^^
  ╵
  src/_variables.scss 2:9                                  @import
  src/app/ui/inline-input/inline-input.component.scss 1:9  root stylesheet

./src/app/ui/inline-markdown/inline-markdown.component.scss?ngResource - Error: Module build failed (from ./node_modules/@angular-devkit/build-angular/node_modules/sass-loader/dist/cjs.js):
Can't find stylesheet to import.
  ╷
2 │ @import '~angular-material-css-vars/public-util';
  │         ^^^^^^^^^^^^^^^^^^^^^^^^^^^^^^^^^^^^^^^^
  ╵
  src/_variables.scss 2:9                                        @import
  src/app/ui/inline-markdown/inline-markdown.component.scss 1:9  root stylesheet

./src/styles.scss?ngGlobalStyle - Error: Module build failed (from ./node_modules/@angular-devkit/build-angular/node_modules/mini-css-extract-plugin/dist/loader.js):
HookWebpackError: Module build failed (from ./node_modules/@angular-devkit/build-angular/node_modules/sass-loader/dist/cjs.js):
Can't find stylesheet to import.
  ╷
2 │ @import '~angular-material-css-vars/public-util';
  │         ^^^^^^^^^^^^^^^^^^^^^^^^^^^^^^^^^^^^^^^^
  ╵
  src/_variables.scss 2:9  @import
  src/styles.scss 1:9      root stylesheet

./src/app/core-ui/side-nav/side-nav.component.ts:77:73-82 - Error: export 'MatDialog' (imported as 'MatDialog') was not found in '@angular/material' (possible exports: ɵɵtsModuleIndicatorApiExtractorWorkaround)

./src/app/core-ui/side-nav/side-nav.component.ts:77:102-111 - Error: export 'MatDialog' (imported as 'MatDialog') was not found in '@angular/material' (possible exports: ɵɵtsModuleIndicatorApiExtractorWorkaround)

./src/app/core/language/language.service.ts:2:0-51 - Error: Module not found: Error: Can't resolve 'ng-pick-datetime' in '/Users/jacksm5pro/dev/open-source/versionless/.versionless/stage/angular-super-productivity-v2-13-15-u18b/app/src/app/core/language'

./src/app/features/issue/jira/jira-api.service.ts:12:0-58 - Error: Module not found: Error: "./internal-compatibility" is not exported under the conditions ["es2020","es2015","import","module","webpack","production","browser"] from package /Users/jacksm5pro/dev/open-source/versionless/.versionless/stage/angular-super-productivity-v2-13-15-u18b/app/node_modules/rxjs (see exports field in /Users/jacksm5pro/dev/open-source/versionless/.versionless/stage/angular-super-productivity-v2-13-15-u18b/app/node_modules/rxjs/package.json)

./src/app/features/metric/metric.module.ts:25:87-99 - Error: export 'ChartsModule' (imported as 'ChartsModule') was not found in 'ng2-charts' (possible exports: BaseChartDirective, NgChartsConfiguration, NgChartsModule, ThemeService, baseColors)

./src/app/features/task-repeat-cfg/dialog-edit-task-repeat-cfg/dialog-edit-task-repeat-cfg.component.ts:80:22-37 - Error: export 'MAT_DIALOG_DATA' (imported as 'MAT_DIALOG_DATA') was not found in '@angular/material' (possible exports: ɵɵtsModuleIndicatorApiExtractorWorkaround)

./src/app/features/task-repeat-cfg/dialog-edit-task-repeat-cfg/dialog-edit-task-repeat-cfg.component.ts:80:143-155 - Error: export 'MatDialogRef' (imported as 'MatDialogRef') was not found in '@angular/material' (possible exports: ɵɵtsModuleIndicatorApiExtractorWorkaround)

./src/app/features/task-repeat-cfg/dialog-edit-task-repeat-cfg/dialog-edit-task-repeat-cfg.component.ts:80:175-187 - Error: export 'MatDialogRef' (imported as 'MatDialogRef') was not found in '@angular/material' (possible exports: ɵɵtsModuleIndicatorApiExtractorWorkaround)

./src/app/pages/schedule-page/schedule-page.component.ts:95:125-134 - Error: export 'MatDialog' (imported as 'MatDialog') was not found in '@angular/material' (possible exports: ɵɵtsModuleIndicatorApiExtractorWorkaround)

./src/app/pages/schedule-page/schedule-page.component.ts:95:154-163 - Error: export 'MatDialog' (imported as 'MatDialog') was not found in '@angular/material' (possible exports: ɵɵtsModuleIndicatorApiExtractorWorkaround)

./src/app/ui/dialog-fullscreen-markdown/dialog-fullscreen-markdown.component.ts:35:22-37 - Error: export 'MAT_DIALOG_DATA' (imported as 'MAT_DIALOG_DATA') was not found in '@angular/material' (possible exports: ɵɵtsModuleIndicatorApiExtractorWorkaround)

./src/app/ui/dialog-fullscreen-markdown/dialog-fullscreen-markdown.component.ts:35:94-106 - Error: export 'MatDialogRef' (imported as 'MatDialogRef') was not found in '@angular/material' (possible exports: ɵɵtsModuleIndicatorApiExtractorWorkaround)

./src/app/ui/dialog-fullscreen-markdown/dialog-fullscreen-markdown.component.ts:35:126-138 - Error: export 'MatDialogRef' (imported as 'MatDialogRef') was not found in '@angular/material' (possible exports: ɵɵtsModuleIndicatorApiExtractorWorkaround)

./src/app/ui/inline-markdown/inline-markdown.component.ts:191:114-123 - Error: export 'MatDialog' (imported as 'MatDialog') was not found in '@angular/material' (possible exports: ɵɵtsModuleIndicatorApiExtractorWorkaround)

./src/app/ui/inline-markdown/inline-markdown.component.ts:191:143-152 - Error: export 'MatDialog' (imported as 'MatDialog') was not found in '@angular/material' (possible exports: ɵɵtsModuleIndicatorApiExtractorWorkaround)

./src/app/ui/ui.module.ts:71:0-78 - Error: Module not found: Error: Can't resolve 'ng-pick-datetime' in '/Users/jacksm5pro/dev/open-source/versionless/.versionless/stage/angular-super-productivity-v2-13-15-u18b/app/src/app/ui'

./src/environments/environment.ts:4:2-9 - Error: Should not import the named export 'version' (imported as 'version') from default-exporting module (only default export is available soon)

./node_modules/@ngx-formly/core/fesm2022/ngx-formly-core.mjs - Error: Module build failed (from ./node_modules/@angular-devkit/build-angular/src/tools/babel/webpack-loader.js):
TypeError: Cannot create property 'message' on string '/Users/jacksm5pro/dev/open-source/versionless/.versionless/stage/angular-super-productivity-v2-13-15-u18b/app/node_modules/@ngx-formly/core/fesm2022/ngx-formly-core.mjs: This application depends upon a library published using Angular version 18.2.13, which requires Angular version 17.0.0 or newer to work correctly.
Consider upgrading your application to use a more recent version of Angular.
  2191 | class FormlyGroup extends FieldType {
  2192 |     static { this.ɵfac = i0.ɵɵngDeclareFactory({ minVersion: "12.0.0", version: "18.2.13", ngImport: i0, type: FormlyGroup, deps: null, target: i0.ɵɵFactoryTarget.Component }); }
> 2193 |     static { this.ɵcmp = i0.ɵɵngDeclareComponent({ minVersion: "17.0.0", version: "18.2.13", type: FormlyGroup, selector: "formly-group", host: { properties: { "class": "field.fieldGroupClassName || \"\"" } }, usesInheritance: true, ngImport: i0, template: `
       |                          ^
  2194 |     @for (f of field.fieldGroup; track $index) {
  2195 |       <formly-field [field]="f"></formly-field>
  2196 |     }'

./node_modules/@ngx-formly/material/fesm2022/ngx-formly-material-checkbox.mjs - Error: Module build failed (from ./node_modules/@angular-devkit/build-angular/src/tools/babel/webpack-loader.js):
TypeError: Cannot create property 'message' on string '/Users/jacksm5pro/dev/open-source/versionless/.versionless/stage/angular-super-productivity-v2-13-15-u18b/app/node_modules/@ngx-formly/material/fesm2022/ngx-formly-material-checkbox.mjs: This application depends upon a library published using Angular version 18.2.13, which requires Angular version 17.0.0 or newer to work correctly.
Consider upgrading your application to use a more recent version of Angular.
  63 |     }
  64 |     static { this.ɵfac = i0.ɵɵngDeclareFactory({ minVersion: "12.0.0", version: "18.2.13", ngImport: i0, type: FormlyFieldCheckbox, deps: [{ token: i0.Renderer2 }, { token: i1.FocusMonitor }], target: i0.ɵɵFactoryTarget.Component }); }
> 65 |     static { this.ɵcmp = i0.ɵɵngDeclareComponent({ minVersion: "17.0.0", version: "18.2.13", type: FormlyFieldCheckbox, selector: "formly-field-mat-checkbox", viewQueries: [{ propertyName: "checkbox", first: true, predicate: MatCheckbox, descendants: true, static: true }], usesInheritance: true, ngImport: i0, template: `
     |                          ^
  66 |     <mat-checkbox
  67 |       [formControl]="formControl"
  68 |       [id]="id"'

./node_modules/@ngx-formly/material/fesm2022/ngx-formly-material-form-field.mjs - Error: Module build failed (from ./node_modules/@angular-devkit/build-angular/src/tools/babel/webpack-loader.js):
TypeError: Cannot create property 'message' on string '/Users/jacksm5pro/dev/open-source/versionless/.versionless/stage/angular-super-productivity-v2-13-15-u18b/app/node_modules/@ngx-formly/material/fesm2022/ngx-formly-material-form-field.mjs: This application depends upon a library published using Angular version 18.2.13, which requires Angular version 17.0.0 or newer to work correctly.
Consider upgrading your application to use a more recent version of Angular.
  38 |     }
  39 |     static { this.ɵfac = i0.ɵɵngDeclareFactory({ minVersion: "12.0.0", version: "18.2.13", ngImport: i0, type: FormlyWrapperFormField, deps: [{ token: i0.Renderer2 }, { token: i0.ElementRef }, { token: i1.FocusMonitor }], target: i0.ɵɵFactoryTarget.Component }); }
> 40 |     static { this.ɵcmp = i0.ɵɵngDeclareComponent({ minVersion: "17.0.0", version: "18.2.13", type: FormlyWrapperFormField, selector: "formly-wrapper-mat-form-field", viewQueries: [{ propertyName: "formField", first: true, predicate: MatFormField, descendants: true, static: true }], usesInheritance: true, ngImport: i0, template: `
     |                          ^
  41 |     <!-- fix https://github.com/angular/material2/pull/7083 by setting width to 100% -->
  42 |     <mat-form-field
  43 |       [hideRequiredMarker]="true"'

./node_modules/@ngx-formly/material/fesm2022/ngx-formly-material-input.mjs - Error: Module build failed (from ./node_modules/@angular-devkit/build-angular/src/tools/babel/webpack-loader.js):
TypeError: Cannot create property 'message' on string '/Users/jacksm5pro/dev/open-source/versionless/.versionless/stage/angular-super-productivity-v2-13-15-u18b/app/node_modules/@ngx-formly/material/fesm2022/ngx-formly-material-input.mjs: This application depends upon a library published using Angular version 18.2.13, which requires Angular version 17.0.0 or newer to work correctly.
Consider upgrading your application to use a more recent version of Angular.
  15 |     }
  16 |     static { this.ɵfac = i0.ɵɵngDeclareFactory({ minVersion: "12.0.0", version: "18.2.13", ngImport: i0, type: FormlyFieldInput, deps: null, target: i0.ɵɵFactoryTarget.Component }); }
> 17 |     static { this.ɵcmp = i0.ɵɵngDeclareComponent({ minVersion: "17.0.0", version: "18.2.13", type: FormlyFieldInput, selector: "formly-field-mat-input", usesInheritance: true, ngImport: i0, template: `
     |                          ^
  18 |     @if (type !== 'number') {
  19 |       <input
  20 |         matInput'

./node_modules/@ngx-formly/material/fesm2022/ngx-formly-material-multicheckbox.mjs - Error: Module build failed (from ./node_modules/@angular-devkit/build-angular/src/tools/babel/webpack-loader.js):
TypeError: Cannot create property 'message' on string '/Users/jacksm5pro/dev/open-source/versionless/.versionless/stage/angular-super-productivity-v2-13-15-u18b/app/node_modules/@ngx-formly/material/fesm2022/ngx-formly-material-multicheckbox.mjs: This application depends upon a library published using Angular version 18.2.13, which requires Angular version 17.0.0 or newer to work correctly.
Consider upgrading your application to use a more recent version of Angular.
  42 |     }
  43 |     static { this.ɵfac = i0.ɵɵngDeclareFactory({ minVersion: "12.0.0", version: "18.2.13", ngImport: i0, type: FormlyFieldMultiCheckbox, deps: null, target: i0.ɵɵFactoryTarget.Component }); }
> 44 |     static { this.ɵcmp = i0.ɵɵngDeclareComponent({ minVersion: "17.0.0", version: "18.2.13", type: FormlyFieldMultiCheckbox, selector: "formly-field-mat-multicheckbox", host: { properties: { "id": "id" } }, viewQueries: [{ propertyName: "checkboxes", predicate: MatCheckbox, descendants: true }], usesInheritance: true, ngImport: i0, template: `
     |                          ^
  45 |     @for (option of props.options | formlySelectOptions: field | async; track $index; let i = $index) {
  46 |       <mat-checkbox
  47 |         [id]="id + '_' + i"'

./node_modules/@ngx-formly/material/fesm2022/ngx-formly-material-radio.mjs - Error: Module build failed (from ./node_modules/@angular-devkit/build-angular/src/tools/babel/webpack-loader.js):
TypeError: Cannot create property 'message' on string '/Users/jacksm5pro/dev/open-source/versionless/.versionless/stage/angular-super-productivity-v2-13-15-u18b/app/node_modules/@ngx-formly/material/fesm2022/ngx-formly-material-radio.mjs: This application depends upon a library published using Angular version 18.2.13, which requires Angular version 17.0.0 or newer to work correctly.
Consider upgrading your application to use a more recent version of Angular.
  42 |     }
  43 |     static { this.ɵfac = i0.ɵɵngDeclareFactory({ minVersion: "12.0.0", version: "18.2.13", ngImport: i0, type: FormlyFieldRadio, deps: null, target: i0.ɵɵFactoryTarget.Component }); }
> 44 |     static { this.ɵcmp = i0.ɵɵngDeclareComponent({ minVersion: "17.0.0", version: "18.2.13", type: FormlyFieldRadio, selector: "formly-field-mat-radio", viewQueries: [{ propertyName: "radioGroup", first: true, predicate: MatRadioGroup, descendants: true, static: true }], usesInheritance: true, ngImport: i0, template: `
     |                          ^
  45 |     <mat-radio-group
  46 |       [formControl]="formControl"
  47 |       [formlyAttributes]="field"'

./node_modules/@ngx-formly/material/fesm2022/ngx-formly-material-select.mjs - Error: Module build failed (from ./node_modules/@angular-devkit/build-angular/src/tools/babel/webpack-loader.js):
TypeError: Cannot create property 'message' on string '/Users/jacksm5pro/dev/open-source/versionless/.versionless/stage/angular-super-productivity-v2-13-15-u18b/app/node_modules/@ngx-formly/material/fesm2022/ngx-formly-material-select.mjs: This application depends upon a library published using Angular version 18.2.13, which requires Angular version 17.0.0 or newer to work correctly.
Consider upgrading your application to use a more recent version of Angular.
  68 |     }
  69 |     static { this.ɵfac = i0.ɵɵngDeclareFactory({ minVersion: "12.0.0", version: "18.2.13", ngImport: i0, type: FormlyFieldSelect, deps: null, target: i0.ɵɵFactoryTarget.Component }); }
> 70 |     static { this.ɵcmp = i0.ɵɵngDeclareComponent({ minVersion: "17.0.0", version: "18.2.13", type: FormlyFieldSelect, selector: "formly-field-mat-select", viewQueries: [{ propertyName: "select", first: true, predicate: MatSelect, descendants: true, static: true }], usesInheritance: true, ngImport: i0, template: `
     |                          ^
  71 |     <ng-template #selectAll let-selectOptions="selectOptions">
  72 |       <mat-option (click)="toggleSelectAll(selectOptions)">
  73 |         <mat-pseudo-checkbox class="mat-option-pseudo-checkbox" [state]="getSelectAllState(selectOptions)">'

Error: src/app/app.module.ts:41:34 - error TS2554: Expected 0 arguments, but got 3.

41   return new TranslateHttpLoader(http, './assets/i18n/', '.json');
                                    ~~~~~~~~~~~~~~~~~~~~~~~~~~~~~~~


Error: src/app/app.module.ts:50:5 - error NG6002: This import contains errors, which may affect components that depend on this NgModule.

50     ConfigModule,
       ~~~~~~~~~~~~


Error: src/app/app.module.ts:51:5 - error NG6002: This import contains errors, which may affect components that depend on this NgModule.

51     ProjectModule,
       ~~~~~~~~~~~~~


Error: src/app/app.module.ts:54:5 - error NG6002: This import contains errors, which may affect components that depend on this NgModule.

54     CoreModule,
       ~~~~~~~~~~


Error: src/app/app.module.ts:55:5 - error NG6002: 'UiModule' does not appear to be an NgModule class.

55     UiModule,
       ~~~~~~~~

  src/app/ui/ui.module.ts:259:14
    259 export class UiModule {
                     ~~~~~~~~
    Is it missing an @NgModule annotation?


Error: src/app/app.module.ts:56:5 - error NG6002: This import contains errors, which may affect components that depend on this NgModule.

56     CoreUiModule,
       ~~~~~~~~~~~~


Error: src/app/app.module.ts:57:5 - error NG6002: This import contains errors, which may affect components that depend on this NgModule.

57     PagesModule,
       ~~~~~~~~~~~


Error: src/app/app.module.ts:58:5 - error NG6002: This import contains errors, which may affect components that depend on this NgModule.

58     MainHeaderModule,
       ~~~~~~~~~~~~~~~~


Error: src/app/app.module.ts:60:5 - error NG6002: This import contains errors, which may affect components that depend on this NgModule.

60     ProcrastinationModule,
       ~~~~~~~~~~~~~~~~~~~~~


Error: src/app/app.module.ts:61:5 - error NG6002: This import contains errors, which may affect components that depend on this NgModule.

61     TimeTrackingModule,
       ~~~~~~~~~~~~~~~~~~


Error: src/app/app.module.ts:62:5 - error NG6002: This import contains errors, which may affect components that depend on this NgModule.

62     ReminderModule,
       ~~~~~~~~~~~~~~


Error: src/app/app.module.ts:63:5 - error NG6002: This import contains errors, which may affect components that depend on this NgModule.

63     CoreUiModule,
       ~~~~~~~~~~~~


Error: src/app/app.module.ts:64:5 - error NG6002: This import contains errors, which may affect components that depend on this NgModule.

64     NoteModule,
       ~~~~~~~~~~


Error: src/app/app.module.ts:65:5 - error NG6002: This import contains errors, which may affect components that depend on this NgModule.

65     BookmarkModule,
       ~~~~~~~~~~~~~~


Error: src/app/app.module.ts:66:5 - error NG6002: This import contains errors, which may affect components that depend on this NgModule.

66     TasksModule,
       ~~~~~~~~~~~


Error: src/app/core-ui/core-ui.module.ts:13:5 - error NG6002: This import contains errors, which may affect components that depend on this NgModule.

13     MainHeaderModule,
       ~~~~~~~~~~~~~~~~


Error: src/app/core-ui/core-ui.module.ts:15:5 - error NG6002: This import contains errors, which may affect components that depend on this NgModule.

15     SideNavModule,
       ~~~~~~~~~~~~~


Error: src/app/core-ui/core-ui.module.ts:19:5 - error NG6003: This export contains errors, which may affect components that depend on this NgModule.

19     MainHeaderModule,
       ~~~~~~~~~~~~~~~~


Error: src/app/core-ui/core-ui.module.ts:21:5 - error NG6003: This export contains errors, which may affect components that depend on this NgModule.

21     SideNavModule,
       ~~~~~~~~~~~~~


Error: src/app/core-ui/main-header/main-header.module.ts:13:5 - error NG6002: 'UiModule' does not appear to be an NgModule class.

13     UiModule,
       ~~~~~~~~

  src/app/ui/ui.module.ts:259:14
    259 export class UiModule {
                     ~~~~~~~~
    Is it missing an @NgModule annotation?


Error: src/app/core-ui/main-header/main-header.module.ts:14:5 - error NG6002: This import contains errors, which may affect components that depend on this NgModule.

14     ProjectModule,
       ~~~~~~~~~~~~~


Error: src/app/core-ui/main-header/main-header.module.ts:16:5 - error NG6002: This import contains errors, which may affect components that depend on this NgModule.

16     BookmarkModule,
       ~~~~~~~~~~~~~~


Error: src/app/core-ui/main-header/main-header.module.ts:17:5 - error NG6002: This import contains errors, which may affect components that depend on this NgModule.

17     PomodoroModule
       ~~~~~~~~~~~~~~


Error: src/app/core-ui/side-nav/side-nav.component.ts:6:9 - error TS2305: Module '"@angular/material"' has no exported member 'MatDialog'.

6 import {MatDialog} from '@angular/material';
          ~~~~~~~~~


Error: src/app/core-ui/side-nav/side-nav.component.ts:26:22 - error NG2003: No suitable injection token for parameter '_matDialog' of class 'SideNavComponent'.
  Consider using the @Inject decorator to specify an injection token.

26     private readonly _matDialog: MatDialog,
                        ~~~~~~~~~~

  src/app/core-ui/side-nav/side-nav.component.ts:26:34
    26     private readonly _matDialog: MatDialog,
                                        ~~~~~~~~~
    This type does not have a value, so it cannot be used as injection token.


Error: src/app/core-ui/side-nav/side-nav.module.ts:11:5 - error NG6002: 'UiModule' does not appear to be an NgModule class.

11     UiModule,
       ~~~~~~~~

  src/app/ui/ui.module.ts:259:14
    259 export class UiModule {
                     ~~~~~~~~
    Is it missing an @NgModule annotation?


Error: src/app/core-ui/side-nav/side-nav.module.ts:17:5 - error NG6001: The class 'SideNavComponent' is listed in the declarations of the NgModule 'SideNavModule', but is not a directive, a component, or a pipe. Either remove it from the NgModule's declarations, or add an appropriate Angular decorator.

17     SideNavComponent,
       ~~~~~~~~~~~~~~~~

  src/app/core-ui/side-nav/side-nav.component.ts:18:14
    18 export class SideNavComponent implements OnDestroy {
                    ~~~~~~~~~~~~~~~~
    'SideNavComponent' is declared here.


Error: src/app/core-ui/side-nav/side-nav.module.ts:20:5 - error NG6003: 'SideNavComponent' does not appear to be an NgModule, Component, Directive, or Pipe class.

20     SideNavComponent,
       ~~~~~~~~~~~~~~~~

  src/app/core-ui/side-nav/side-nav.component.ts:18:14
    18 export class SideNavComponent implements OnDestroy {
                    ~~~~~~~~~~~~~~~~
    Is it missing an Angular annotation?


Error: src/app/core/banner/banner.module.ts:12:5 - error NG6002: 'UiModule' does not appear to be an NgModule class.

12     UiModule,
       ~~~~~~~~

  src/app/ui/ui.module.ts:259:14
    259 export class UiModule {
                     ~~~~~~~~
    Is it missing an @NgModule annotation?


Error: src/app/core/core.module.ts:18:5 - error NG6002: This import contains errors, which may affect components that depend on this NgModule.

18     SnackModule,
       ~~~~~~~~~~~


Error: src/app/core/core.module.ts:19:5 - error NG6002: This import contains errors, which may affect components that depend on this NgModule.

19     BannerModule,
       ~~~~~~~~~~~~


Error: src/app/core/core.module.ts:27:5 - error NG6003: This export contains errors, which may affect components that depend on this NgModule.

27     SnackModule,
       ~~~~~~~~~~~


Error: src/app/core/core.module.ts:28:5 - error NG6003: This export contains errors, which may affect components that depend on this NgModule.

28     BannerModule,
       ~~~~~~~~~~~~


Error: src/app/core/language/language.service.ts:3:31 - error TS2307: Cannot find module 'ng-pick-datetime' or its corresponding type declarations.

3 import {DateTimeAdapter} from 'ng-pick-datetime';
                                ~~~~~~~~~~~~~~~~~~


Error: src/app/core/language/language.service.ts:4:9 - error TS2305: Module '"@angular/material"' has no exported member 'DateAdapter'.

4 import {DateAdapter} from '@angular/material';
          ~~~~~~~~~~~


Error: src/app/core/snack/snack.module.ts:9:5 - error NG6002: 'UiModule' does not appear to be an NgModule class.

9     UiModule,
      ~~~~~~~~

  src/app/ui/ui.module.ts:259:14
    259 export class UiModule {
                     ~~~~~~~~
    Is it missing an @NgModule annotation?


Error: src/app/core/snack/snack.module.ts:16:3 - error TS2345: Argument of type '{ imports: (typeof CommonModule | typeof UiModule)[]; declarations: (typeof SnackCustomComponent)[]; entryComponents: (typeof SnackCustomComponent)[]; }' is not assignable to parameter of type 'NgModule'.
  Object literal may only specify known properties, and 'entryComponents' does not exist in type 'NgModule'.

16   entryComponents: [
     ~~~~~~~~~~~~~~~


Error: src/app/core/snack/snack.service.ts:9:9 - error TS2305: Module '"@angular/material"' has no exported member 'MatSnackBar'.

9 import {MatSnackBar, MatSnackBarRef, SimpleSnackBar} from '@angular/material';
          ~~~~~~~~~~~


Error: src/app/core/snack/snack.service.ts:9:22 - error TS2305: Module '"@angular/material"' has no exported member 'MatSnackBarRef'.

9 import {MatSnackBar, MatSnackBarRef, SimpleSnackBar} from '@angular/material';
                       ~~~~~~~~~~~~~~


Error: src/app/core/snack/snack.service.ts:9:38 - error TS2305: Module '"@angular/material"' has no exported member 'SimpleSnackBar'.

9 import {MatSnackBar, MatSnackBarRef, SimpleSnackBar} from '@angular/material';
                                       ~~~~~~~~~~~~~~


Error: src/app/core/theme/global-theme.service.ts:11:9 - error TS2305: Module '"@angular/material"' has no exported member 'MatIconRegistry'.

11 import {MatIconRegistry} from '@angular/material';
           ~~~~~~~~~~~~~~~


Error: src/app/core/theme/global-theme.service.ts:163:52 - error TS2345: Argument of type '{ legend: { labels: { fontColor: string; }; }; scales: { xAxes: { ticks: { fontColor: string; }; gridLines: { color: string; }; }[]; yAxes: { ticks: { fontColor: string; }; gridLines: { color: string; }; }[]; }; } | { ...; }' is not assignable to parameter of type '_DeepPartialObject<CoreChartOptions<keyof ChartTypeRegistry> & ElementChartOptions<keyof ChartTypeRegistry> & PluginChartOptions<...> & DatasetChartOptions<...> & ScaleChartOptions<...>>'.
  Type '{ legend: { labels: { fontColor: string; }; }; scales: { xAxes: { ticks: { fontColor: string; }; gridLines: { color: string; }; }[]; yAxes: { ticks: { fontColor: string; }; gridLines: { color: string; }; }[]; }; }' is not assignable to type '_DeepPartialObject<CoreChartOptions<keyof ChartTypeRegistry> & ElementChartOptions<keyof ChartTypeRegistry> & PluginChartOptions<...> & DatasetChartOptions<...> & ScaleChartOptions<...>>'.
    Types of property 'scales' are incompatible.
      Type '{ xAxes: { ticks: { fontColor: string; }; gridLines: { color: string; }; }[]; yAxes: { ticks: { fontColor: string; }; gridLines: { color: string; }; }[]; }' is not assignable to type '_DeepPartialObject<{ [key: string]: ScaleOptionsByType<"radialLinear" | keyof CartesianScaleTypeRegistry>; }>'.
        Property 'xAxes' is incompatible with index signature.
          Type '{ ticks: { fontColor: string; }; gridLines: { color: string; }; }[]' is not assignable to type '_DeepPartialObject<{ type: "time"; } & Omit<CartesianScaleOptions, "max" | "min"> & { min: string | number; max: string | number; suggestedMin: string | number; ... 5 more ...; ticks: TimeScaleTickOptions; }> | ... 4 more ... | _DeepPartialObject<...>'.
            Type '{ ticks: { fontColor: string; }; gridLines: { color: string; }; }[]' is not assignable to type '_DeepPartialObject<{ type: "radialLinear"; } & CoreScaleOptions & { animate: boolean; startAngle: number; angleLines: { display: boolean; color: Scriptable<Color, ScriptableScaleContext>; lineWidth: Scriptable<...>; borderDash: Scriptable<...>; borderDashOffset: Scriptable<...>; }; ... 7 more ...; ticks: RadialTickO...'.
              Types of property 'reverse' are incompatible.
                Type '() => { ticks: { fontColor: string; }; gridLines: { color: string; }; }[]' is not assignable to type 'boolean'.

163     this._chartThemeService.setColorschemesOptions(overrides);
                                                       ~~~~~~~~~


Error: src/app/features/attachment/attachment.module.ts:16:5 - error NG6002: 'UiModule' does not appear to be an NgModule class.

16     UiModule,
       ~~~~~~~~

  src/app/ui/ui.module.ts:259:14
    259 export class UiModule {
                     ~~~~~~~~
    Is it missing an @NgModule annotation?


Error: src/app/features/attachment/attachment.module.ts:26:3 - error TS2345: Argument of type '{ imports: (typeof CommonModule | ModuleWithProviders<EffectsFeatureModule> | typeof UiModule)[]; declarations: (typeof DialogEditAttachmentComponent | typeof AttachmentLinkDirective | typeof AttachmentListComponent)[]; entryComponents: (typeof DialogEditAttachmentComponent)[]; exports: (typeof AttachmentListCompone...' is not assignable to parameter of type 'NgModule'.
  Object literal may only specify known properties, and 'entryComponents' does not exist in type 'NgModule'.

26   entryComponents: [
     ~~~~~~~~~~~~~~~


Error: src/app/features/bookmark/bookmark.module.ts:16:5 - error NG6002: 'UiModule' does not appear to be an NgModule class.

16     UiModule,
       ~~~~~~~~

  src/app/ui/ui.module.ts:259:14
    259 export class UiModule {
                     ~~~~~~~~
    Is it missing an @NgModule annotation?


Error: src/app/features/bookmark/bookmark.module.ts:26:3 - error TS2345: Argument of type '{ imports: (typeof CommonModule | ModuleWithProviders<EffectsFeatureModule> | typeof UiModule)[]; declarations: (typeof DialogEditBookmarkComponent | typeof BookmarkBarComponent | typeof BookmarkLinkDirective)[]; entryComponents: (typeof DialogEditBookmarkComponent)[]; exports: (typeof DialogEditBookmarkComponent | ...' is not assignable to parameter of type 'NgModule'.
  Object literal may only specify known properties, and 'entryComponents' does not exist in type 'NgModule'.

26   entryComponents: [
     ~~~~~~~~~~~~~~~


Error: src/app/features/config/config.module.ts:23:9 - error TS2740: Type 'typeof KeyboardInputComponent' is missing the following properties from type 'Type<FieldType<FormlyFieldConfig<FormlyFieldProps & { [additionalProperties: string]: any; }>>>': apply, call, bind, length, and 4 more.

23         component: KeyboardInputComponent,
           ~~~~~~~~~

  node_modules/@ngx-formly/core/lib/models/config.d.ts:15:5
    15     component?: Type<FieldType>;
           ~~~~~~~~~
    The expected type comes from property 'component' which is declared here on type 'TypeOption'


Error: src/app/features/config/config.module.ts:31:5 - error NG6002: 'UiModule' does not appear to be an NgModule class.

31     UiModule,
       ~~~~~~~~

  src/app/ui/ui.module.ts:259:14
    259 export class UiModule {
                     ~~~~~~~~
    Is it missing an @NgModule annotation?


Error: src/app/features/config/config.module.ts:32:5 - error NG6002: This import contains errors, which may affect components that depend on this NgModule.

32     FileImexModule,
       ~~~~~~~~~~~~~~


Error: src/app/features/config/config.module.ts:38:5 - error TS2322: Type 'typeof KeyboardInputComponent' is not assignable to type 'any[] | Type<any>'.
  Type 'typeof KeyboardInputComponent' is missing the following properties from type 'Type<any>': apply, call, bind, length, and 4 more.

38     KeyboardInputComponent
       ~~~~~~~~~~~~~~~~~~~~~~


Error: src/app/features/config/global-config.service.ts:88:28 - error TS2554: Expected 1 arguments, but got 0.

88       this._onNoCfgLoaded$.next();
                              ~~~~~~

  node_modules/rxjs/dist/types/internal/Subject.d.ts:31:10
    31     next(value: T): void;
                ~~~~~~~~
    An argument for 'value' was not provided.


Error: src/app/features/config/keyboard-input/keyboard-input.component.ts:11:45 - error TS2314: Generic type 'FieldType<F>' requires 1 type argument(s).

11 export class KeyboardInputComponent extends FieldType {
                                               ~~~~~~~~~


Error: src/app/features/config/keyboard-input/keyboard-input.component.ts:15:17 - error TS2339: Property 'to' does not exist on type 'KeyboardInputComponent'.

15     return this.to.type || 'text';
                   ~~


Error: src/app/features/config/keyboard-input/keyboard-input.component.ts:53:14 - error TS2339: Property 'formControl' does not exist on type 'KeyboardInputComponent'.

53         this.formControl.setValue(val + ev.key);
                ~~~~~~~~~~~


Error: src/app/features/google/google-api.service.ts:143:9 - error TS2794: Expected 1 arguments, but got 0. Did you forget to include 'void' in your type argument to 'Promise'?

143         resolve();
            ~~~~~~~~~

  node_modules/typescript/lib/lib.es2015.promise.d.ts:31:34
    31     new <T>(executor: (resolve: (value: T | PromiseLike<T>) => void, reject: (reason?: any) => void) => void): Promise<T>;
                                        ~~~~~~~~~~~~~~~~~~~~~~~~~
    An argument for 'value' was not provided.


Error: src/app/features/google/google-api.service.ts:150:11 - error TS2794: Expected 1 arguments, but got 0. Did you forget to include 'void' in your type argument to 'Promise'?

150           resolve();
              ~~~~~~~~~

  node_modules/typescript/lib/lib.es2015.promise.d.ts:31:34
    31     new <T>(executor: (resolve: (value: T | PromiseLike<T>) => void, reject: (reason?: any) => void) => void): Promise<T>;
                                        ~~~~~~~~~~~~~~~~~~~~~~~~~
    An argument for 'value' was not provided.


Error: src/app/features/google/google.module.ts:17:5 - error NG6002: 'UiModule' does not appear to be an NgModule class.

17     UiModule,
       ~~~~~~~~

  src/app/ui/ui.module.ts:259:14
    259 export class UiModule {
                     ~~~~~~~~
    Is it missing an @NgModule annotation?


Error: src/app/features/google/google.module.ts:25:3 - error TS2345: Argument of type '{ imports: (typeof CommonModule | ModuleWithProviders<EffectsFeatureModule> | typeof UiModule)[]; declarations: (typeof DialogConfirmDriveSyncLoadComponent | typeof DialogConfirmDriveSyncSaveComponent)[]; entryComponents: (typeof DialogConfirmDriveSyncLoadComponent | typeof DialogConfirmDriveSyncSaveComponent)[]; ex...' is not assignable to parameter of type 'NgModule'.
  Object literal may only specify known properties, and 'entryComponents' does not exist in type 'NgModule'.

25   entryComponents: [
     ~~~~~~~~~~~~~~~


Error: src/app/features/google/store/google-drive-sync.effects.ts:84:44 - error TS2322: Type 'Observable<unknown>' is not assignable to type 'EffectResult<Action>'.
  Type 'Observable<unknown>' is not assignable to type 'Observable<Action>'.
    Property 'type' is missing in type '{}' but required in type 'Action'.

 84   initialImport$: any = createEffect(() => this._actions$.pipe(
                                               ~~~~~~~~~~~~~~~~~~~~
 85     ofType(
    ~~~~~~~~~~~
... 
113     }),
    ~~~~~~~
114   ));
    ~~~

  node_modules/@ngrx/store/src/models.d.ts:3:5
    3     type: string;
          ~~~~
    'type' is declared here.
  node_modules/@ngrx/effects/src/effect_creator.d.ts:12:103
    12 }, DT extends DispatchType<C>, OT extends ObservableType<DT, OT>, R extends EffectResult<OT>>(source: () => R & ConditionallyDisallowActionCreator<DT, R>, config?: C): R & CreateEffectMetadata;
                                                                                                             ~~~~~~~~~~~~~~~~~~~~~~~~~~~~~~~~~~~~~~~~~~~~~~~~~~~
    The expected type comes from the return type of this signature.


Error: src/app/features/google/store/google-drive-sync.effects.ts:116:45 - error TS2322: Type 'Observable<unknown>' is not assignable to type 'EffectResult<Action>'.

116   changeSyncFile$: any = createEffect(() => this._actions$.pipe(
                                                ~~~~~~~~~~~~~~~~~~~~
117     ofType(
    ~~~~~~~~~~~
... 
156     }),
    ~~~~~~~
157   ));
    ~~~

  node_modules/@ngrx/effects/src/effect_creator.d.ts:12:103
    12 }, DT extends DispatchType<C>, OT extends ObservableType<DT, OT>, R extends EffectResult<OT>>(source: () => R & ConditionallyDisallowActionCreator<DT, R>, config?: C): R & CreateEffectMetadata;
                                                                                                             ~~~~~~~~~~~~~~~~~~~~~~~~~~~~~~~~~~~~~~~~~~~~~~~~~~~
    The expected type comes from the return type of this signature.


Error: src/app/features/google/store/google-drive-sync.effects.ts:223:35 - error TS2322: Type 'Observable<unknown>' is not assignable to type 'EffectResult<Action>'.

223   save$: any = createEffect(() => this._actions$.pipe(
                                      ~~~~~~~~~~~~~~~~~~~~
224     ofType(
    ~~~~~~~~~~~
... 
252     ),
    ~~~~~~
253   ));
    ~~~

  node_modules/@ngrx/effects/src/effect_creator.d.ts:12:103
    12 }, DT extends DispatchType<C>, OT extends ObservableType<DT, OT>, R extends EffectResult<OT>>(source: () => R & ConditionallyDisallowActionCreator<DT, R>, config?: C): R & CreateEffectMetadata;
                                                                                                             ~~~~~~~~~~~~~~~~~~~~~~~~~~~~~~~~~~~~~~~~~~~~~~~~~~~
    The expected type comes from the return type of this signature.


Error: src/app/features/issue/github/github-issue/github-issue.module.ts:15:5 - error NG6002: 'UiModule' does not appear to be an NgModule class.

15     UiModule,
       ~~~~~~~~

  src/app/ui/ui.module.ts:259:14
    259 export class UiModule {
                     ~~~~~~~~
    Is it missing an @NgModule annotation?


Error: src/app/features/issue/github/github-issue/store/github-issue.reducer.ts:155:33 - error TS2339: Property 'addAll' does not exist on type 'EntityAdapter<Readonly<{ repository_url: string; labels_url: string; comments_url: string; events_url: string; html_url: string; number: number; state: GithubOriginalState; title: string; ... 17 more ...; id: number; }>>'.

155       return githubIssueAdapter.addAll(action.payload.githubIssues, state);
                                    ~~~~~~


Error: src/app/features/issue/github/github.module.ts:9:5 - error NG6002: 'UiModule' does not appear to be an NgModule class.

9     UiModule,
      ~~~~~~~~

  src/app/ui/ui.module.ts:259:14
    259 export class UiModule {
                     ~~~~~~~~
    Is it missing an @NgModule annotation?


Error: src/app/features/issue/github/github.module.ts:12:3 - error TS2345: Argument of type '{ imports: (typeof CommonModule | typeof UiModule)[]; declarations: (typeof DialogGithubInitialSetupComponent)[]; entryComponents: (typeof DialogGithubInitialSetupComponent)[]; exports: undefined[]; }' is not assignable to parameter of type 'NgModule'.
  Object literal may only specify known properties, and 'entryComponents' does not exist in type 'NgModule'.

12   entryComponents: [DialogGithubInitialSetupComponent],
     ~~~~~~~~~~~~~~~


Error: src/app/features/issue/issue.module.ts:12:5 - error NG6002: This import contains errors, which may affect components that depend on this NgModule.

12     JiraIssueModule,
       ~~~~~~~~~~~~~~~


Error: src/app/features/issue/issue.module.ts:13:5 - error NG6002: This import contains errors, which may affect components that depend on this NgModule.

13     GithubIssueModule,
       ~~~~~~~~~~~~~~~~~


Error: src/app/features/issue/jira/jira-api.service.ts:22:27 - error TS2307: Cannot find module 'rxjs/internal-compatibility' or its corresponding type declarations.

22 import {fromPromise} from 'rxjs/internal-compatibility';
                             ~~~~~~~~~~~~~~~~~~~~~~~~~~~~~


Error: src/app/features/issue/jira/jira-issue/jira-issue.module.ts:16:5 - error NG6002: 'UiModule' does not appear to be an NgModule class.

16     UiModule,
       ~~~~~~~~

  src/app/ui/ui.module.ts:259:14
    259 export class UiModule {
                     ~~~~~~~~
    Is it missing an @NgModule annotation?


Error: src/app/features/issue/jira/jira-issue/jira-issue.module.ts:18:5 - error NG6002: This import contains errors, which may affect components that depend on this NgModule.

18     AttachmentModule,
       ~~~~~~~~~~~~~~~~


Error: src/app/features/issue/jira/jira-issue/store/jira-issue.reducer.ts:153:31 - error TS2339: Property 'addAll' does not exist on type 'EntityAdapter<Readonly<{ key: string; id: string; summary: string; components: Readonly<{ self: string; id: string; summary: string; name: string; description: string; }>[]; timeestimate: number; timespent: number; ... 10 more ...; lastUpdateFromRemote?: number; }>>'.

153       return jiraIssueAdapter.addAll(action.payload.jiraIssues, state);
                                  ~~~~~~


Error: src/app/features/issue/jira/jira.module.ts:15:5 - error NG6002: 'UiModule' does not appear to be an NgModule class.

15     UiModule,
       ~~~~~~~~

  src/app/ui/ui.module.ts:259:14
    259 export class UiModule {
                     ~~~~~~~~
    Is it missing an @NgModule annotation?


Error: src/app/features/issue/jira/jira.module.ts:16:5 - error NG6002: 'NgxElectronModule' does not appear to be an NgModule class.

16     NgxElectronModule,
       ~~~~~~~~~~~~~~~~~

  node_modules/ngx-electron/public_api.d.ts:3:22
    3 export declare class NgxElectronModule {
                           ~~~~~~~~~~~~~~~~~
    This likely means that the library (ngx-electron) which declares NgxElectronModule is not compatible with Angular Ivy. Check if a newer version of the library is available, and update if so. Also consider checking with the library's authors to see if the library is expected to be compatible with Ivy.


Error: src/app/features/issue/jira/jira.module.ts:26:3 - error TS2345: Argument of type '{ imports: (typeof NgxElectronModule | typeof UiModule)[]; declarations: (typeof DialogJiraInitialSetupComponent | typeof JiraCfgComponent | typeof JiraCfgStepperComponent | typeof DialogJiraTransitionComponent | typeof DialogJiraAddWorklogComponent)[]; entryComponents: (typeof DialogJiraInitialSetupComponent | ... ...' is not assignable to parameter of type 'NgModule'.
  Object literal may only specify known properties, and 'entryComponents' does not exist in type 'NgModule'.

26   entryComponents: [
     ~~~~~~~~~~~~~~~


Error: src/app/features/metric/evaluation-sheet/evaluation-sheet.component.html:2:3 - error NG8001: 'help-section' is not a known element:
1. If 'help-section' is an Angular component, then verify that it is part of this module.
2. If 'help-section' is a Web Component then add 'CUSTOM_ELEMENTS_SCHEMA' to the '@NgModule.schemas' of this component to suppress this message.

2   <help-section>
    ~~~~~~~~~~~~~~

  src/app/features/metric/evaluation-sheet/evaluation-sheet.component.ts:27:16
    27   templateUrl: './evaluation-sheet.component.html',
                      ~~~~~~~~~~~~~~~~~~~~~~~~~~~~~~~~~~~
    Error occurs in the template of component EvaluationSheetComponent.


Error: src/app/features/metric/evaluation-sheet/evaluation-sheet.component.html:3:39 - error NG8004: No pipe found with name 'translate'.

3     <p>{{T.F.METRIC.EVAL_FORM.HELP_P1|translate}}</p>
                                        ~~~~~~~~~

  src/app/features/metric/evaluation-sheet/evaluation-sheet.component.ts:27:16
    27   templateUrl: './evaluation-sheet.component.html',
                      ~~~~~~~~~~~~~~~~~~~~~~~~~~~~~~~~~~~
    Error occurs in the template of component EvaluationSheetComponent.


Error: src/app/features/metric/evaluation-sheet/evaluation-sheet.component.html:4:70 - error NG8004: No pipe found with name 'translate'.

4     <p><a routerLink="/metrics">{{T.F.METRIC.EVAL_FORM.HELP_LINK_TXT|translate}}</a></p>
                                                                       ~~~~~~~~~

  src/app/features/metric/evaluation-sheet/evaluation-sheet.component.ts:27:16
    27   templateUrl: './evaluation-sheet.component.html',
                      ~~~~~~~~~~~~~~~~~~~~~~~~~~~~~~~~~~~
    Error occurs in the template of component EvaluationSheetComponent.


Error: src/app/features/metric/evaluation-sheet/evaluation-sheet.component.html:6:55 - error NG8004: No pipe found with name 'translate'.

6     <h3 class="mat-h3">{{T.F.METRIC.EVAL_FORM.HELP_H1|translate}}</h3>
                                                        ~~~~~~~~~

  src/app/features/metric/evaluation-sheet/evaluation-sheet.component.ts:27:16
    27   templateUrl: './evaluation-sheet.component.html',
                      ~~~~~~~~~~~~~~~~~~~~~~~~~~~~~~~~~~~
    Error occurs in the template of component EvaluationSheetComponent.


Error: src/app/features/metric/evaluation-sheet/evaluation-sheet.component.html:7:39 - error NG8004: No pipe found with name 'translate'.

7     <p>{{T.F.METRIC.EVAL_FORM.HELP_P2|translate}}</p>
                                        ~~~~~~~~~

  src/app/features/metric/evaluation-sheet/evaluation-sheet.component.ts:27:16
    27   templateUrl: './evaluation-sheet.component.html',
                      ~~~~~~~~~~~~~~~~~~~~~~~~~~~~~~~~~~~
    Error occurs in the template of component EvaluationSheetComponent.


Error: src/app/features/metric/evaluation-sheet/evaluation-sheet.component.html:10:13 - error NG8003: No directive found with exportAs 'ngForm'.

10   <form #f="ngForm"
               ~~~~~~

  src/app/features/metric/evaluation-sheet/evaluation-sheet.component.ts:27:16
    27   templateUrl: './evaluation-sheet.component.html',
                      ~~~~~~~~~~~~~~~~~~~~~~~~~~~~~~~~~~~
    Error occurs in the template of component EvaluationSheetComponent.


Error: src/app/features/metric/evaluation-sheet/evaluation-sheet.component.html:14:7 - error NG8001: 'mat-form-field' is not a known element:
1. If 'mat-form-field' is an Angular component, then verify that it is part of this module.
2. If 'mat-form-field' is a Web Component then add 'CUSTOM_ELEMENTS_SCHEMA' to the '@NgModule.schemas' of this component to suppress this message.

14       <mat-form-field>
         ~~~~~~~~~~~~~~~~

  src/app/features/metric/evaluation-sheet/evaluation-sheet.component.ts:27:16
    27   templateUrl: './evaluation-sheet.component.html',
                      ~~~~~~~~~~~~~~~~~~~~~~~~~~~~~~~~~~~
    Error occurs in the template of component EvaluationSheetComponent.


Error: src/app/features/metric/evaluation-sheet/evaluation-sheet.component.html:15:23 - error NG8003: No directive found with exportAs 'ngModel'.

15         <input #mood="ngModel"
                         ~~~~~~~

  src/app/features/metric/evaluation-sheet/evaluation-sheet.component.ts:27:16
    27   templateUrl: './evaluation-sheet.component.html',
                      ~~~~~~~~~~~~~~~~~~~~~~~~~~~~~~~~~~~
    Error occurs in the template of component EvaluationSheetComponent.


Error: src/app/features/metric/evaluation-sheet/evaluation-sheet.component.html:16:16 - error NG8002: Can't bind to 'ngModel' since it isn't a known property of 'input'.

16                [ngModel]="metricForDay.mood"
                  ~~~~~~~~~~~~~~~~~~~~~~~~~~~~~

  src/app/features/metric/evaluation-sheet/evaluation-sheet.component.ts:27:16
    27   templateUrl: './evaluation-sheet.component.html',
                      ~~~~~~~~~~~~~~~~~~~~~~~~~~~~~~~~~~~
    Error occurs in the template of component EvaluationSheetComponent.


Error: src/app/features/metric/evaluation-sheet/evaluation-sheet.component.html:23:57 - error NG8004: No pipe found with name 'translate'.

23                [placeholder]="T.F.METRIC.EVAL_FORM.MOOD|translate"
                                                           ~~~~~~~~~

  src/app/features/metric/evaluation-sheet/evaluation-sheet.component.ts:27:16
    27   templateUrl: './evaluation-sheet.component.html',
                      ~~~~~~~~~~~~~~~~~~~~~~~~~~~~~~~~~~~
    Error occurs in the template of component EvaluationSheetComponent.


Error: src/app/features/metric/evaluation-sheet/evaluation-sheet.component.html:26:9 - error NG8001: 'mat-hint' is not a known element:
1. If 'mat-hint' is an Angular component, then verify that it is part of this module.
2. If 'mat-hint' is a Web Component then add 'CUSTOM_ELEMENTS_SCHEMA' to the '@NgModule.schemas' of this component to suppress this message.

26         <mat-hint>{{T.F.METRIC.EVAL_FORM.MOOD_HINT|translate}}</mat-hint>
           ~~~~~~~~~~

  src/app/features/metric/evaluation-sheet/evaluation-sheet.component.ts:27:16
    27   templateUrl: './evaluation-sheet.component.html',
                      ~~~~~~~~~~~~~~~~~~~~~~~~~~~~~~~~~~~
    Error occurs in the template of component EvaluationSheetComponent.


Error: src/app/features/metric/evaluation-sheet/evaluation-sheet.component.html:26:52 - error NG8004: No pipe found with name 'translate'.

26         <mat-hint>{{T.F.METRIC.EVAL_FORM.MOOD_HINT|translate}}</mat-hint>
                                                      ~~~~~~~~~

  src/app/features/metric/evaluation-sheet/evaluation-sheet.component.ts:27:16
    27   templateUrl: './evaluation-sheet.component.html',
                      ~~~~~~~~~~~~~~~~~~~~~~~~~~~~~~~~~~~
    Error occurs in the template of component EvaluationSheetComponent.


Error: src/app/features/metric/evaluation-sheet/evaluation-sheet.component.html:32:7 - error NG8001: 'mat-form-field' is not a known element:
1. If 'mat-form-field' is an Angular component, then verify that it is part of this module.
2. If 'mat-form-field' is a Web Component then add 'CUSTOM_ELEMENTS_SCHEMA' to the '@NgModule.schemas' of this component to suppress this message.

32       <mat-form-field>
         ~~~~~~~~~~~~~~~~

  src/app/features/metric/evaluation-sheet/evaluation-sheet.component.ts:27:16
    27   templateUrl: './evaluation-sheet.component.html',
                      ~~~~~~~~~~~~~~~~~~~~~~~~~~~~~~~~~~~
    Error occurs in the template of component EvaluationSheetComponent.


Error: src/app/features/metric/evaluation-sheet/evaluation-sheet.component.html:33:31 - error NG8003: No directive found with exportAs 'ngModel'.

33         <input #productivity="ngModel"
                                 ~~~~~~~

  src/app/features/metric/evaluation-sheet/evaluation-sheet.component.ts:27:16
    27   templateUrl: './evaluation-sheet.component.html',
                      ~~~~~~~~~~~~~~~~~~~~~~~~~~~~~~~~~~~
    Error occurs in the template of component EvaluationSheetComponent.


Error: src/app/features/metric/evaluation-sheet/evaluation-sheet.component.html:34:16 - error NG8002: Can't bind to 'ngModel' since it isn't a known property of 'input'.

34                [ngModel]="metricForDay.productivity"
                  ~~~~~~~~~~~~~~~~~~~~~~~~~~~~~~~~~~~~~

  src/app/features/metric/evaluation-sheet/evaluation-sheet.component.ts:27:16
    27   templateUrl: './evaluation-sheet.component.html',
                      ~~~~~~~~~~~~~~~~~~~~~~~~~~~~~~~~~~~
    Error occurs in the template of component EvaluationSheetComponent.


Error: src/app/features/metric/evaluation-sheet/evaluation-sheet.component.html:41:65 - error NG8004: No pipe found with name 'translate'.

41                [placeholder]="T.F.METRIC.EVAL_FORM.PRODUCTIVITY|translate"
                                                                   ~~~~~~~~~

  src/app/features/metric/evaluation-sheet/evaluation-sheet.component.ts:27:16
    27   templateUrl: './evaluation-sheet.component.html',
                      ~~~~~~~~~~~~~~~~~~~~~~~~~~~~~~~~~~~
    Error occurs in the template of component EvaluationSheetComponent.


Error: src/app/features/metric/evaluation-sheet/evaluation-sheet.component.html:44:9 - error NG8001: 'mat-hint' is not a known element:
1. If 'mat-hint' is an Angular component, then verify that it is part of this module.
2. If 'mat-hint' is a Web Component then add 'CUSTOM_ELEMENTS_SCHEMA' to the '@NgModule.schemas' of this component to suppress this message.

44         <mat-hint>{{T.F.METRIC.EVAL_FORM.PRODUCTIVITY_HINT|translate}}</mat-hint>
           ~~~~~~~~~~

  src/app/features/metric/evaluation-sheet/evaluation-sheet.component.ts:27:16
    27   templateUrl: './evaluation-sheet.component.html',
                      ~~~~~~~~~~~~~~~~~~~~~~~~~~~~~~~~~~~
    Error occurs in the template of component EvaluationSheetComponent.


Error: src/app/features/metric/evaluation-sheet/evaluation-sheet.component.html:44:60 - error NG8004: No pipe found with name 'translate'.

44         <mat-hint>{{T.F.METRIC.EVAL_FORM.PRODUCTIVITY_HINT|translate}}</mat-hint>
                                                              ~~~~~~~~~

  src/app/features/metric/evaluation-sheet/evaluation-sheet.component.ts:27:16
    27   templateUrl: './evaluation-sheet.component.html',
                      ~~~~~~~~~~~~~~~~~~~~~~~~~~~~~~~~~~~
    Error occurs in the template of component EvaluationSheetComponent.


Error: src/app/features/metric/evaluation-sheet/evaluation-sheet.component.html:51:5 - error NG8001: 'chip-list-input' is not a known element:
1. If 'chip-list-input' is an Angular component, then verify that it is part of this module.
2. If 'chip-list-input' is a Web Component then add 'CUSTOM_ELEMENTS_SCHEMA' to the '@NgModule.schemas' of this component to suppress this message.

 51     <chip-list-input (addItem)="addImprovement($event)"
        ~~~~~~~~~~~~~~~~~~~~~~~~~~~~~~~~~~~~~~~~~~~~~~~~~~~
 52                      (addNewItem)="addNewImprovement($event)"
    ~~~~~~~~~~~~~~~~~~~~~~~~~~~~~~~~~~~~~~~~~~~~~~~~~~~~~~~~~~~~~
... 
 55                      [suggestions]="(improvementService.improvements$|async)"
    ~~~~~~~~~~~~~~~~~~~~~~~~~~~~~~~~~~~~~~~~~~~~~~~~~~~~~~~~~~~~~~~~~~~~~~~~~~~~~
 56                      [label]="T.F.METRIC.EVAL_FORM.IMPROVEMENTS|translate"></chip-list-input>
    ~~~~~~~~~~~~~~~~~~~~~~~~~~~~~~~~~~~~~~~~~~~~~~~~~~~~~~~~~~~~~~~~~~~~~~~~~~~

  src/app/features/metric/evaluation-sheet/evaluation-sheet.component.ts:27:16
    27   templateUrl: './evaluation-sheet.component.html',
                      ~~~~~~~~~~~~~~~~~~~~~~~~~~~~~~~~~~~
    Error occurs in the template of component EvaluationSheetComponent.


Error: src/app/features/metric/evaluation-sheet/evaluation-sheet.component.html:54:22 - error NG8002: Can't bind to 'model' since it isn't a known property of 'chip-list-input'.
1. If 'chip-list-input' is an Angular component and it has 'model' input, then verify that it is part of this module.
2. If 'chip-list-input' is a Web Component then add 'CUSTOM_ELEMENTS_SCHEMA' to the '@NgModule.schemas' of this component to suppress this message.
3. To allow any property add 'NO_ERRORS_SCHEMA' to the '@NgModule.schemas' of this component.

54                      [model]="metricForDay.improvements"
                        ~~~~~~~~~~~~~~~~~~~~~~~~~~~~~~~~~~~

  src/app/features/metric/evaluation-sheet/evaluation-sheet.component.ts:27:16
    27   templateUrl: './evaluation-sheet.component.html',
                      ~~~~~~~~~~~~~~~~~~~~~~~~~~~~~~~~~~~
    Error occurs in the template of component EvaluationSheetComponent.


Error: src/app/features/metric/evaluation-sheet/evaluation-sheet.component.html:55:22 - error NG8002: Can't bind to 'suggestions' since it isn't a known property of 'chip-list-input'.
1. If 'chip-list-input' is an Angular component and it has 'suggestions' input, then verify that it is part of this module.
2. If 'chip-list-input' is a Web Component then add 'CUSTOM_ELEMENTS_SCHEMA' to the '@NgModule.schemas' of this component to suppress this message.
3. To allow any property add 'NO_ERRORS_SCHEMA' to the '@NgModule.schemas' of this component.

55                      [suggestions]="(improvementService.improvements$|async)"
                        ~~~~~~~~~~~~~~~~~~~~~~~~~~~~~~~~~~~~~~~~~~~~~~~~~~~~~~~~

  src/app/features/metric/evaluation-sheet/evaluation-sheet.component.ts:27:16
    27   templateUrl: './evaluation-sheet.component.html',
                      ~~~~~~~~~~~~~~~~~~~~~~~~~~~~~~~~~~~
    Error occurs in the template of component EvaluationSheetComponent.


Error: src/app/features/metric/evaluation-sheet/evaluation-sheet.component.html:55:71 - error NG8004: No pipe found with name 'async'.

55                      [suggestions]="(improvementService.improvements$|async)"
                                                                         ~~~~~

  src/app/features/metric/evaluation-sheet/evaluation-sheet.component.ts:27:16
    27   templateUrl: './evaluation-sheet.component.html',
                      ~~~~~~~~~~~~~~~~~~~~~~~~~~~~~~~~~~~
    Error occurs in the template of component EvaluationSheetComponent.


Error: src/app/features/metric/evaluation-sheet/evaluation-sheet.component.html:56:22 - error NG8002: Can't bind to 'label' since it isn't a known property of 'chip-list-input'.
1. If 'chip-list-input' is an Angular component and it has 'label' input, then verify that it is part of this module.
2. If 'chip-list-input' is a Web Component then add 'CUSTOM_ELEMENTS_SCHEMA' to the '@NgModule.schemas' of this component to suppress this message.
3. To allow any property add 'NO_ERRORS_SCHEMA' to the '@NgModule.schemas' of this component.

56                      [label]="T.F.METRIC.EVAL_FORM.IMPROVEMENTS|translate"></chip-list-input>
                        ~~~~~~~~~~~~~~~~~~~~~~~~~~~~~~~~~~~~~~~~~~~~~~~~~~~~~

  src/app/features/metric/evaluation-sheet/evaluation-sheet.component.ts:27:16
    27   templateUrl: './evaluation-sheet.component.html',
                      ~~~~~~~~~~~~~~~~~~~~~~~~~~~~~~~~~~~
    Error occurs in the template of component EvaluationSheetComponent.


Error: src/app/features/metric/evaluation-sheet/evaluation-sheet.component.html:56:65 - error NG8004: No pipe found with name 'translate'.

56                      [label]="T.F.METRIC.EVAL_FORM.IMPROVEMENTS|translate"></chip-list-input>
                                                                   ~~~~~~~~~

  src/app/features/metric/evaluation-sheet/evaluation-sheet.component.ts:27:16
    27   templateUrl: './evaluation-sheet.component.html',
                      ~~~~~~~~~~~~~~~~~~~~~~~~~~~~~~~~~~~
    Error occurs in the template of component EvaluationSheetComponent.


Error: src/app/features/metric/evaluation-sheet/evaluation-sheet.component.html:58:5 - error NG8001: 'chip-list-input' is not a known element:
1. If 'chip-list-input' is an Angular component, then verify that it is part of this module.
2. If 'chip-list-input' is a Web Component then add 'CUSTOM_ELEMENTS_SCHEMA' to the '@NgModule.schemas' of this component to suppress this message.

 58     <chip-list-input (addItem)="addObstruction($event)"
        ~~~~~~~~~~~~~~~~~~~~~~~~~~~~~~~~~~~~~~~~~~~~~~~~~~~
 59                      (addNewItem)="addNewObstruction($event)"
    ~~~~~~~~~~~~~~~~~~~~~~~~~~~~~~~~~~~~~~~~~~~~~~~~~~~~~~~~~~~~~
... 
 62                      [suggestions]="(obstructionService.obstructions$|async)"
    ~~~~~~~~~~~~~~~~~~~~~~~~~~~~~~~~~~~~~~~~~~~~~~~~~~~~~~~~~~~~~~~~~~~~~~~~~~~~~
 63                      [label]="T.F.METRIC.EVAL_FORM.OBSTRUCTIONS|translate"></chip-list-input>
    ~~~~~~~~~~~~~~~~~~~~~~~~~~~~~~~~~~~~~~~~~~~~~~~~~~~~~~~~~~~~~~~~~~~~~~~~~~~

  src/app/features/metric/evaluation-sheet/evaluation-sheet.component.ts:27:16
    27   templateUrl: './evaluation-sheet.component.html',
                      ~~~~~~~~~~~~~~~~~~~~~~~~~~~~~~~~~~~
    Error occurs in the template of component EvaluationSheetComponent.


Error: src/app/features/metric/evaluation-sheet/evaluation-sheet.component.html:61:22 - error NG8002: Can't bind to 'model' since it isn't a known property of 'chip-list-input'.
1. If 'chip-list-input' is an Angular component and it has 'model' input, then verify that it is part of this module.
2. If 'chip-list-input' is a Web Component then add 'CUSTOM_ELEMENTS_SCHEMA' to the '@NgModule.schemas' of this component to suppress this message.
3. To allow any property add 'NO_ERRORS_SCHEMA' to the '@NgModule.schemas' of this component.

61                      [model]="metricForDay.obstructions"
                        ~~~~~~~~~~~~~~~~~~~~~~~~~~~~~~~~~~~

  src/app/features/metric/evaluation-sheet/evaluation-sheet.component.ts:27:16
    27   templateUrl: './evaluation-sheet.component.html',
                      ~~~~~~~~~~~~~~~~~~~~~~~~~~~~~~~~~~~
    Error occurs in the template of component EvaluationSheetComponent.


Error: src/app/features/metric/evaluation-sheet/evaluation-sheet.component.html:62:22 - error NG8002: Can't bind to 'suggestions' since it isn't a known property of 'chip-list-input'.
1. If 'chip-list-input' is an Angular component and it has 'suggestions' input, then verify that it is part of this module.
2. If 'chip-list-input' is a Web Component then add 'CUSTOM_ELEMENTS_SCHEMA' to the '@NgModule.schemas' of this component to suppress this message.
3. To allow any property add 'NO_ERRORS_SCHEMA' to the '@NgModule.schemas' of this component.

62                      [suggestions]="(obstructionService.obstructions$|async)"
                        ~~~~~~~~~~~~~~~~~~~~~~~~~~~~~~~~~~~~~~~~~~~~~~~~~~~~~~~~

  src/app/features/metric/evaluation-sheet/evaluation-sheet.component.ts:27:16
    27   templateUrl: './evaluation-sheet.component.html',
                      ~~~~~~~~~~~~~~~~~~~~~~~~~~~~~~~~~~~
    Error occurs in the template of component EvaluationSheetComponent.


Error: src/app/features/metric/evaluation-sheet/evaluation-sheet.component.html:62:71 - error NG8004: No pipe found with name 'async'.

62                      [suggestions]="(obstructionService.obstructions$|async)"
                                                                         ~~~~~

  src/app/features/metric/evaluation-sheet/evaluation-sheet.component.ts:27:16
    27   templateUrl: './evaluation-sheet.component.html',
                      ~~~~~~~~~~~~~~~~~~~~~~~~~~~~~~~~~~~
    Error occurs in the template of component EvaluationSheetComponent.


Error: src/app/features/metric/evaluation-sheet/evaluation-sheet.component.html:63:22 - error NG8002: Can't bind to 'label' since it isn't a known property of 'chip-list-input'.
1. If 'chip-list-input' is an Angular component and it has 'label' input, then verify that it is part of this module.
2. If 'chip-list-input' is a Web Component then add 'CUSTOM_ELEMENTS_SCHEMA' to the '@NgModule.schemas' of this component to suppress this message.
3. To allow any property add 'NO_ERRORS_SCHEMA' to the '@NgModule.schemas' of this component.

63                      [label]="T.F.METRIC.EVAL_FORM.OBSTRUCTIONS|translate"></chip-list-input>
                        ~~~~~~~~~~~~~~~~~~~~~~~~~~~~~~~~~~~~~~~~~~~~~~~~~~~~~

  src/app/features/metric/evaluation-sheet/evaluation-sheet.component.ts:27:16
    27   templateUrl: './evaluation-sheet.component.html',
                      ~~~~~~~~~~~~~~~~~~~~~~~~~~~~~~~~~~~
    Error occurs in the template of component EvaluationSheetComponent.


Error: src/app/features/metric/evaluation-sheet/evaluation-sheet.component.html:63:65 - error NG8004: No pipe found with name 'translate'.

63                      [label]="T.F.METRIC.EVAL_FORM.OBSTRUCTIONS|translate"></chip-list-input>
                                                                   ~~~~~~~~~

  src/app/features/metric/evaluation-sheet/evaluation-sheet.component.ts:27:16
    27   templateUrl: './evaluation-sheet.component.html',
                      ~~~~~~~~~~~~~~~~~~~~~~~~~~~~~~~~~~~
    Error occurs in the template of component EvaluationSheetComponent.


Error: src/app/features/metric/evaluation-sheet/evaluation-sheet.component.html:65:5 - error NG8001: 'chip-list-input' is not a known element:
1. If 'chip-list-input' is an Angular component, then verify that it is part of this module.
2. If 'chip-list-input' is a Web Component then add 'CUSTOM_ELEMENTS_SCHEMA' to the '@NgModule.schemas' of this component to suppress this message.

 65     <chip-list-input (addItem)="addImprovementTomorrow($event)"
        ~~~~~~~~~~~~~~~~~~~~~~~~~~~~~~~~~~~~~~~~~~~~~~~~~~~~~~~~~~~
 66                      (addNewItem)="addNewImprovementTomorrow($event)"
    ~~~~~~~~~~~~~~~~~~~~~~~~~~~~~~~~~~~~~~~~~~~~~~~~~~~~~~~~~~~~~~~~~~~~~
... 
 74                      [suggestions]="(improvementService.improvements$|async)"
    ~~~~~~~~~~~~~~~~~~~~~~~~~~~~~~~~~~~~~~~~~~~~~~~~~~~~~~~~~~~~~~~~~~~~~~~~~~~~~
 75                      [label]="T.F.METRIC.EVAL_FORM.IMPROVEMENTS_TOMORROW|translate"></chip-list-input>
    ~~~~~~~~~~~~~~~~~~~~~~~~~~~~~~~~~~~~~~~~~~~~~~~~~~~~~~~~~~~~~~~~~~~~~~~~~~~~~~~~~~~~

  src/app/features/metric/evaluation-sheet/evaluation-sheet.component.ts:27:16
    27   templateUrl: './evaluation-sheet.component.html',
                      ~~~~~~~~~~~~~~~~~~~~~~~~~~~~~~~~~~~
    Error occurs in the template of component EvaluationSheetComponent.


Error: src/app/features/metric/evaluation-sheet/evaluation-sheet.component.html:70:22 - error NG8002: Can't bind to 'toggledItems' since it isn't a known property of 'chip-list-input'.
1. If 'chip-list-input' is an Angular component and it has 'toggledItems' input, then verify that it is part of this module.
2. If 'chip-list-input' is a Web Component then add 'CUSTOM_ELEMENTS_SCHEMA' to the '@NgModule.schemas' of this component to suppress this message.
3. To allow any property add 'NO_ERRORS_SCHEMA' to the '@NgModule.schemas' of this component.

70                      [toggledItems]="improvementService.repeatedImprovementIds$|async"
                        ~~~~~~~~~~~~~~~~~~~~~~~~~~~~~~~~~~~~~~~~~~~~~~~~~~~~~~~~~~~~~~~~~

  src/app/features/metric/evaluation-sheet/evaluation-sheet.component.ts:27:16
    27   templateUrl: './evaluation-sheet.component.html',
                      ~~~~~~~~~~~~~~~~~~~~~~~~~~~~~~~~~~~
    Error occurs in the template of component EvaluationSheetComponent.


Error: src/app/features/metric/evaluation-sheet/evaluation-sheet.component.html:70:81 - error NG8004: No pipe found with name 'async'.

70                      [toggledItems]="improvementService.repeatedImprovementIds$|async"
                                                                                   ~~~~~

  src/app/features/metric/evaluation-sheet/evaluation-sheet.component.ts:27:16
    27   templateUrl: './evaluation-sheet.component.html',
                      ~~~~~~~~~~~~~~~~~~~~~~~~~~~~~~~~~~~
    Error occurs in the template of component EvaluationSheetComponent.


Error: src/app/features/metric/evaluation-sheet/evaluation-sheet.component.html:71:22 - error NG8002: Can't bind to 'additionalActionTooltip' since it isn't a known property of 'chip-list-input'.
1. If 'chip-list-input' is an Angular component and it has 'additionalActionTooltip' input, then verify that it is part of this module.
2. If 'chip-list-input' is a Web Component then add 'CUSTOM_ELEMENTS_SCHEMA' to the '@NgModule.schemas' of this component to suppress this message.
3. To allow any property add 'NO_ERRORS_SCHEMA' to the '@NgModule.schemas' of this component.

71                      [additionalActionTooltip]="T.F.METRIC.EVAL_FORM.ENABLE_REPEAT_EVERY_DAY|translate"
                        ~~~~~~~~~~~~~~~~~~~~~~~~~~~~~~~~~~~~~~~~~~~~~~~~~~~~~~~~~~~~~~~~~~~~~~~~~~~~~~~~~~

  src/app/features/metric/evaluation-sheet/evaluation-sheet.component.ts:27:16
    27   templateUrl: './evaluation-sheet.component.html',
                      ~~~~~~~~~~~~~~~~~~~~~~~~~~~~~~~~~~~
    Error occurs in the template of component EvaluationSheetComponent.


Error: src/app/features/metric/evaluation-sheet/evaluation-sheet.component.html:71:94 - error NG8004: No pipe found with name 'translate'.

71                      [additionalActionTooltip]="T.F.METRIC.EVAL_FORM.ENABLE_REPEAT_EVERY_DAY|translate"
                                                                                                ~~~~~~~~~

  src/app/features/metric/evaluation-sheet/evaluation-sheet.component.ts:27:16
    27   templateUrl: './evaluation-sheet.component.html',
                      ~~~~~~~~~~~~~~~~~~~~~~~~~~~~~~~~~~~
    Error occurs in the template of component EvaluationSheetComponent.


Error: src/app/features/metric/evaluation-sheet/evaluation-sheet.component.html:72:22 - error NG8002: Can't bind to 'additionalActionTooltipUnToggle' since it isn't a known property of 'chip-list-input'.
1. If 'chip-list-input' is an Angular component and it has 'additionalActionTooltipUnToggle' input, then verify that it is part of this module.
2. If 'chip-list-input' is a Web Component then add 'CUSTOM_ELEMENTS_SCHEMA' to the '@NgModule.schemas' of this component to suppress this message.
3. To allow any property add 'NO_ERRORS_SCHEMA' to the '@NgModule.schemas' of this component.

72                      [additionalActionTooltipUnToggle]="T.F.METRIC.EVAL_FORM.DISABLE_REPEAT_EVERY_DAY|translate"
                        ~~~~~~~~~~~~~~~~~~~~~~~~~~~~~~~~~~~~~~~~~~~~~~~~~~~~~~~~~~~~~~~~~~~~~~~~~~~~~~~~~~~~~~~~~~~

  src/app/features/metric/evaluation-sheet/evaluation-sheet.component.ts:27:16
    27   templateUrl: './evaluation-sheet.component.html',
                      ~~~~~~~~~~~~~~~~~~~~~~~~~~~~~~~~~~~
    Error occurs in the template of component EvaluationSheetComponent.


Error: src/app/features/metric/evaluation-sheet/evaluation-sheet.component.html:72:103 - error NG8004: No pipe found with name 'translate'.

72                      [additionalActionTooltipUnToggle]="T.F.METRIC.EVAL_FORM.DISABLE_REPEAT_EVERY_DAY|translate"
                                                                                                         ~~~~~~~~~

  src/app/features/metric/evaluation-sheet/evaluation-sheet.component.ts:27:16
    27   templateUrl: './evaluation-sheet.component.html',
                      ~~~~~~~~~~~~~~~~~~~~~~~~~~~~~~~~~~~
    Error occurs in the template of component EvaluationSheetComponent.


Error: src/app/features/metric/evaluation-sheet/evaluation-sheet.component.html:73:22 - error NG8002: Can't bind to 'model' since it isn't a known property of 'chip-list-input'.
1. If 'chip-list-input' is an Angular component and it has 'model' input, then verify that it is part of this module.
2. If 'chip-list-input' is a Web Component then add 'CUSTOM_ELEMENTS_SCHEMA' to the '@NgModule.schemas' of this component to suppress this message.
3. To allow any property add 'NO_ERRORS_SCHEMA' to the '@NgModule.schemas' of this component.

73                      [model]="metricForDay.improvementsTomorrow"
                        ~~~~~~~~~~~~~~~~~~~~~~~~~~~~~~~~~~~~~~~~~~~

  src/app/features/metric/evaluation-sheet/evaluation-sheet.component.ts:27:16
    27   templateUrl: './evaluation-sheet.component.html',
                      ~~~~~~~~~~~~~~~~~~~~~~~~~~~~~~~~~~~
    Error occurs in the template of component EvaluationSheetComponent.


Error: src/app/features/metric/evaluation-sheet/evaluation-sheet.component.html:74:22 - error NG8002: Can't bind to 'suggestions' since it isn't a known property of 'chip-list-input'.
1. If 'chip-list-input' is an Angular component and it has 'suggestions' input, then verify that it is part of this module.
2. If 'chip-list-input' is a Web Component then add 'CUSTOM_ELEMENTS_SCHEMA' to the '@NgModule.schemas' of this component to suppress this message.
3. To allow any property add 'NO_ERRORS_SCHEMA' to the '@NgModule.schemas' of this component.

74                      [suggestions]="(improvementService.improvements$|async)"
                        ~~~~~~~~~~~~~~~~~~~~~~~~~~~~~~~~~~~~~~~~~~~~~~~~~~~~~~~~

  src/app/features/metric/evaluation-sheet/evaluation-sheet.component.ts:27:16
    27   templateUrl: './evaluation-sheet.component.html',
                      ~~~~~~~~~~~~~~~~~~~~~~~~~~~~~~~~~~~
    Error occurs in the template of component EvaluationSheetComponent.


Error: src/app/features/metric/evaluation-sheet/evaluation-sheet.component.html:74:71 - error NG8004: No pipe found with name 'async'.

74                      [suggestions]="(improvementService.improvements$|async)"
                                                                         ~~~~~

  src/app/features/metric/evaluation-sheet/evaluation-sheet.component.ts:27:16
    27   templateUrl: './evaluation-sheet.component.html',
                      ~~~~~~~~~~~~~~~~~~~~~~~~~~~~~~~~~~~
    Error occurs in the template of component EvaluationSheetComponent.


Error: src/app/features/metric/evaluation-sheet/evaluation-sheet.component.html:75:22 - error NG8002: Can't bind to 'label' since it isn't a known property of 'chip-list-input'.
1. If 'chip-list-input' is an Angular component and it has 'label' input, then verify that it is part of this module.
2. If 'chip-list-input' is a Web Component then add 'CUSTOM_ELEMENTS_SCHEMA' to the '@NgModule.schemas' of this component to suppress this message.
3. To allow any property add 'NO_ERRORS_SCHEMA' to the '@NgModule.schemas' of this component.

75                      [label]="T.F.METRIC.EVAL_FORM.IMPROVEMENTS_TOMORROW|translate"></chip-list-input>
                        ~~~~~~~~~~~~~~~~~~~~~~~~~~~~~~~~~~~~~~~~~~~~~~~~~~~~~~~~~~~~~~

  src/app/features/metric/evaluation-sheet/evaluation-sheet.component.ts:27:16
    27   templateUrl: './evaluation-sheet.component.html',
                      ~~~~~~~~~~~~~~~~~~~~~~~~~~~~~~~~~~~
    Error occurs in the template of component EvaluationSheetComponent.


Error: src/app/features/metric/evaluation-sheet/evaluation-sheet.component.html:75:74 - error NG8004: No pipe found with name 'translate'.

75                      [label]="T.F.METRIC.EVAL_FORM.IMPROVEMENTS_TOMORROW|translate"></chip-list-input>
                                                                            ~~~~~~~~~

  src/app/features/metric/evaluation-sheet/evaluation-sheet.component.ts:27:16
    27   templateUrl: './evaluation-sheet.component.html',
                      ~~~~~~~~~~~~~~~~~~~~~~~~~~~~~~~~~~~
    Error occurs in the template of component EvaluationSheetComponent.


Error: src/app/features/metric/evaluation-sheet/evaluation-sheet.component.html:81:5 - error NG8001: 'mat-icon' is not a known element:
1. If 'mat-icon' is an Angular component, then verify that it is part of this module.
2. If 'mat-icon' is a Web Component then add 'CUSTOM_ELEMENTS_SCHEMA' to the '@NgModule.schemas' of this component to suppress this message.

81     <mat-icon>add</mat-icon>
       ~~~~~~~~~~

  src/app/features/metric/evaluation-sheet/evaluation-sheet.component.ts:27:16
    27   templateUrl: './evaluation-sheet.component.html',
                      ~~~~~~~~~~~~~~~~~~~~~~~~~~~~~~~~~~~
    Error occurs in the template of component EvaluationSheetComponent.


Error: src/app/features/metric/evaluation-sheet/evaluation-sheet.component.html:82:54 - error NG8004: No pipe found with name 'translate'.

82         {{T.F.METRIC.EVAL_FORM.ADD_NOTE_FOR_TOMORROW|translate}}
                                                        ~~~~~~~~~

  src/app/features/metric/evaluation-sheet/evaluation-sheet.component.ts:27:16
    27   templateUrl: './evaluation-sheet.component.html',
                      ~~~~~~~~~~~~~~~~~~~~~~~~~~~~~~~~~~~
    Error occurs in the template of component EvaluationSheetComponent.


Error: src/app/features/metric/improvement/improvement.module.ts:15:3 - error TS2345: Argument of type '{ imports: (typeof CommonModule | ModuleWithProviders<EffectsFeatureModule>)[]; declarations: undefined[]; entryComponents: undefined[]; exports: undefined[]; }' is not assignable to parameter of type 'NgModule'.
  Object literal may only specify known properties, and 'entryComponents' does not exist in type 'NgModule'.

15   entryComponents: [],
     ~~~~~~~~~~~~~~~


Error: src/app/features/metric/metric.component.ts:4:9 - error TS2305: Module '"ng2-charts"' has no exported member 'Color'.

4 import {Color} from 'ng2-charts';
          ~~~~~


Error: src/app/features/metric/metric.component.ts:24:5 - error TS2322: Type '{ responsive: true; legend: { position: string; }; }' is not assignable to type '_DeepPartialObject<CoreChartOptions<keyof ChartTypeRegistry> & ElementChartOptions<keyof ChartTypeRegistry> & PluginChartOptions<...> & DatasetChartOptions<...> & ScaleChartOptions<...>>'.
  Object literal may only specify known properties, and 'legend' does not exist in type '_DeepPartialObject<CoreChartOptions<keyof ChartTypeRegistry> & ElementChartOptions<keyof ChartTypeRegistry> & PluginChartOptions<...> & DatasetChartOptions<...> & ScaleChartOptions<...>>'.

24     legend: {
       ~~~~~~


Error: src/app/features/metric/metric.model.ts:2:9 - error TS2305: Module '"ng2-charts"' has no exported member 'Label'.

2 import {Label, SingleDataSet} from 'ng2-charts';
          ~~~~~


Error: src/app/features/metric/metric.model.ts:2:16 - error TS2305: Module '"ng2-charts"' has no exported member 'SingleDataSet'.

2 import {Label, SingleDataSet} from 'ng2-charts';
                 ~~~~~~~~~~~~~


Error: src/app/features/metric/metric.model.ts:3:9 - error TS2724: '"chart.js"' has no exported member named 'ChartDataSets'. Did you mean 'ChartDataset'?

3 import {ChartDataSets} from 'chart.js';
          ~~~~~~~~~~~~~


Error: src/app/features/metric/metric.module.ts:14:9 - error TS2724: '"ng2-charts"' has no exported member named 'ChartsModule'. Did you mean 'NgChartsModule'?

14 import {ChartsModule} from 'ng2-charts';
           ~~~~~~~~~~~~

  node_modules/ng2-charts/lib/ng-charts.module.d.ts:12:22
    12 export declare class NgChartsModule {
                            ~~~~~~~~~~~~~~
    'NgChartsModule' is declared here.


Error: src/app/features/metric/metric.module.ts:18:12 - error NG1010: Value

Error: src/app/features/metric/metric.module.ts:39:3 - error TS2345: Argument of type '{ imports: any[]; declarations: (typeof EvaluationSheetComponent | typeof MetricComponent | typeof ImprovementBannerComponent)[]; exports: (typeof EvaluationSheetComponent | ... 1 more ... | typeof ImprovementBannerComponent)[]; entryComponents: undefined[]; }' is not assignable to parameter of type 'NgModule'.
  Object literal may only specify known properties, and 'entryComponents' does not exist in type 'NgModule'.

39   entryComponents: [],
     ~~~~~~~~~~~~~~~


Error: src/app/features/metric/obstruction/obstruction.module.ts:15:3 - error TS2345: Argument of type '{ imports: (typeof CommonModule | ModuleWithProviders<EffectsFeatureModule>)[]; declarations: undefined[]; entryComponents: undefined[]; exports: undefined[]; }' is not assignable to parameter of type 'NgModule'.
  Object literal may only specify known properties, and 'entryComponents' does not exist in type 'NgModule'.

15   entryComponents: [],
     ~~~~~~~~~~~~~~~


Error: src/app/features/note/note.module.ts:20:5 - error NG6002: 'UiModule' does not appear to be an NgModule class.

20     UiModule,
       ~~~~~~~~

  src/app/ui/ui.module.ts:259:14
    259 export class UiModule {
                     ~~~~~~~~
    Is it missing an @NgModule annotation?


Error: src/app/features/note/note.module.ts:31:3 - error TS2345: Argument of type '{ imports: (typeof CommonModule | ModuleWithProviders<EffectsFeatureModule> | typeof UiModule)[]; declarations: (typeof DialogAddNoteComponent | typeof NotesComponent | typeof DialogAddNoteReminderComponent | typeof NoteComponent | typeof DialogViewNoteReminderComponent)[]; entryComponents: (typeof DialogAddNoteComp...' is not assignable to parameter of type 'NgModule'.
  Object literal may only specify known properties, and 'entryComponents' does not exist in type 'NgModule'.

31   entryComponents: [
     ~~~~~~~~~~~~~~~


Error: src/app/features/pomodoro/pomodoro.module.ts:14:5 - error NG6002: 'UiModule' does not appear to be an NgModule class.

14     UiModule,
       ~~~~~~~~

  src/app/ui/ui.module.ts:259:14
    259 export class UiModule {
                     ~~~~~~~~
    Is it missing an @NgModule annotation?


Error: src/app/features/pomodoro/pomodoro.module.ts:18:3 - error TS2345: Argument of type '{ declarations: (typeof DialogPomodoroBreakComponent)[]; imports: (typeof CommonModule | ModuleWithProviders<EffectsFeatureModule> | typeof UiModule)[]; entryComponents: (typeof DialogPomodoroBreakComponent)[]; }' is not assignable to parameter of type 'NgModule'.
  Object literal may only specify known properties, and 'entryComponents' does not exist in type 'NgModule'.

18   entryComponents: [DialogPomodoroBreakComponent],
     ~~~~~~~~~~~~~~~


Error: src/app/features/procrastination/procrastination.module.ts:11:5 - error NG6002: 'UiModule' does not appear to be an NgModule class.

11     UiModule,
       ~~~~~~~~

  src/app/ui/ui.module.ts:259:14
    259 export class UiModule {
                     ~~~~~~~~
    Is it missing an @NgModule annotation?


Error: src/app/features/procrastination/procrastination.module.ts:12:5 - error NG6002: This import contains errors, which may affect components that depend on this NgModule.

12     TasksModule,
       ~~~~~~~~~~~


Error: src/app/features/project/project.module.ts:18:5 - error NG6002: 'UiModule' does not appear to be an NgModule class.

18     UiModule,
       ~~~~~~~~

  src/app/ui/ui.module.ts:259:14
    259 export class UiModule {
                     ~~~~~~~~
    Is it missing an @NgModule annotation?


Error: src/app/features/project/project.module.ts:19:5 - error NG6002: This import contains errors, which may affect components that depend on this NgModule.

19     JiraModule,
       ~~~~~~~~~~


Error: src/app/features/project/project.module.ts:20:5 - error NG6002: This import contains errors, which may affect components that depend on this NgModule.

20     GithubModule,
       ~~~~~~~~~~~~


Error: src/app/features/project/project.module.ts:28:3 - error TS2345: Argument of type '{ imports: (ModuleWithProviders<EffectsFeatureModule> | typeof UiModule | typeof JiraModule)[]; declarations: (typeof DialogCreateProjectComponent)[]; providers: (typeof ProjectService)[]; entryComponents: (typeof DialogCreateProjectComponent)[]; }' is not assignable to parameter of type 'NgModule'.
  Object literal may only specify known properties, and 'entryComponents' does not exist in type 'NgModule'.

28   entryComponents: [
     ~~~~~~~~~~~~~~~


Error: src/app/features/project/store/project.reducer.ts:248:29 - error TS2339: Property 'addAll' does not exist on type 'EntityAdapter<Readonly<ProjectCopy>>'.

248       return projectAdapter.addAll(payload.projects, state);
                                ~~~~~~


Error: src/app/features/reminder/reminder.module.ts:19:5 - error NG6002: This import contains errors, which may affect components that depend on this NgModule.

19     NoteModule,
       ~~~~~~~~~~


Error: src/app/features/reminder/reminder.module.ts:20:5 - error NG6002: This import contains errors, which may affect components that depend on this NgModule.

20     TasksModule,
       ~~~~~~~~~~~


Error: src/app/features/task-repeat-cfg/dialog-edit-task-repeat-cfg/dialog-edit-task-repeat-cfg.component.ts:5:9 - error TS2305: Module '"@angular/material"' has no exported member 'MAT_DIALOG_DATA'.

5 import {MAT_DIALOG_DATA, MatDialogRef} from '@angular/material';
          ~~~~~~~~~~~~~~~


Error: src/app/features/task-repeat-cfg/dialog-edit-task-repeat-cfg/dialog-edit-task-repeat-cfg.component.ts:5:26 - error TS2305: Module '"@angular/material"' has no exported member 'MatDialogRef'.

5 import {MAT_DIALOG_DATA, MatDialogRef} from '@angular/material';
                           ~~~~~~~~~~~~


Error: src/app/features/task-repeat-cfg/dialog-edit-task-repeat-cfg/dialog-edit-task-repeat-cfg.component.ts:44:13 - error NG2003: No suitable injection token for parameter '_matDialogRef' of class 'DialogEditTaskRepeatCfgComponent'.
  Consider using the @Inject decorator to specify an injection token.

44     private _matDialogRef: MatDialogRef<DialogEditTaskRepeatCfgComponent>,
               ~~~~~~~~~~~~~

  src/app/features/task-repeat-cfg/dialog-edit-task-repeat-cfg/dialog-edit-task-repeat-cfg.component.ts:44:28
    44     private _matDialogRef: MatDialogRef<DialogEditTaskRepeatCfgComponent>,
                                  ~~~~~~~~~~~~~~~~~~~~~~~~~~~~~~~~~~~~~~~~~~~~~~
    This type does not have a value, so it cannot be used as injection token.


Error: src/app/features/task-repeat-cfg/task-repeat-cfg.module.ts:14:5 - error NG6002: 'UiModule' does not appear to be an NgModule class.

14     UiModule,
       ~~~~~~~~

  src/app/ui/ui.module.ts:259:14
    259 export class UiModule {
                     ~~~~~~~~
    Is it missing an @NgModule annotation?


Error: src/app/features/task-repeat-cfg/task-repeat-cfg.module.ts:19:18 - error NG6001: The class 'DialogEditTaskRepeatCfgComponent' is listed in the declarations of the NgModule 'TaskRepeatCfgModule', but is not a directive, a component, or a pipe. Either remove it from the NgModule's declarations, or add an appropriate Angular decorator.

19   declarations: [DialogEditTaskRepeatCfgComponent],
                    ~~~~~~~~~~~~~~~~~~~~~~~~~~~~~~~~

  src/app/features/task-repeat-cfg/dialog-edit-task-repeat-cfg/dialog-edit-task-repeat-cfg.component.ts:21:14
    21 export class DialogEditTaskRepeatCfgComponent implements OnInit, OnDestroy {
                    ~~~~~~~~~~~~~~~~~~~~~~~~~~~~~~~~
    'DialogEditTaskRepeatCfgComponent' is declared here.


Error: src/app/features/task-repeat-cfg/task-repeat-cfg.module.ts:20:3 - error TS2345: Argument of type '{ imports: (typeof CommonModule | ModuleWithProviders<EffectsFeatureModule> | typeof UiModule)[]; declarations: (typeof DialogEditTaskRepeatCfgComponent)[]; entryComponents: (typeof DialogEditTaskRepeatCfgComponent)[]; exports: undefined[]; }' is not assignable to parameter of type 'NgModule'.
  Object literal may only specify known properties, and 'entryComponents' does not exist in type 'NgModule'.

20   entryComponents: [DialogEditTaskRepeatCfgComponent],
     ~~~~~~~~~~~~~~~


Error: src/app/features/task-repeat-cfg/task-repeat-cfg.service.ts:21:9 - error TS2305: Module '"@angular/material"' has no exported member 'MatDialog'.

21 import {MatDialog} from '@angular/material';
           ~~~~~~~~~


Error: src/app/features/tasks/store/task-internal.effects.ts:113:32 - error TS2769: No overload matches this call.
  Overload 1 of 9, '(mapFn: (state: object) => any): (source$: Observable<object>) => Observable<any>', gave the following error.
    Argument of type 'MemoizedSelectorWithProps<object, { day: string; }, any, (s1: any, props: { day: string; }) => any>' is not assignable to parameter of type '(state: object) => any'.
      Target signature provides too few arguments. Expected 2 or more, but got 1.
  Overload 2 of 9, '(key: string | number | symbol): (source$: Observable<any>) => Observable<any>', gave the following error.
    Argument of type 'MemoizedSelectorWithProps<object, { day: string; }, any, (s1: any, props: { day: string; }) => any>' is not assignable to parameter of type 'string | number | symbol'.

113       this._store$.pipe(select(selectTasksWorkedOnOrDoneFlat)),
                                   ~~~~~~~~~~~~~~~~~~~~~~~~~~~~~



Error: src/app/features/tasks/tasks.module.ts:34:5 - error NG6002: This import contains errors, which may affect components that depend on this NgModule.

34     IssueModule,
       ~~~~~~~~~~~


Error: src/app/features/tasks/tasks.module.ts:35:5 - error NG6002: 'UiModule' does not appear to be an NgModule class.

35     UiModule,
       ~~~~~~~~

  src/app/ui/ui.module.ts:259:14
    259 export class UiModule {
                     ~~~~~~~~
    Is it missing an @NgModule annotation?


Error: src/app/features/tasks/tasks.module.ts:37:5 - error NG6002: This import contains errors, which may affect components that depend on this NgModule.

37     AttachmentModule,
       ~~~~~~~~~~~~~~~~


Error: src/app/features/tasks/tasks.module.ts:39:5 - error NG6002: This import contains errors, which may affect components that depend on this NgModule.

39     TaskRepeatCfgModule,
       ~~~~~~~~~~~~~~~~~~~


Error: src/app/features/tasks/tasks.module.ts:72:3 - error TS2345: Argument of type '{ imports: (ModuleWithProviders<EffectsFeatureModule> | typeof UiModule | typeof AttachmentModule)[]; declarations: (typeof DialogAddTaskReminderComponent | ... 9 more ... | typeof TaskSummaryTableComponent)[]; exports: (typeof TaskComponent | ... 3 more ... | typeof TaskSummaryTableComponent)[]; entryComponents: (t...' is not assignable to parameter of type 'NgModule'.
  Object literal may only specify known properties, and 'entryComponents' does not exist in type 'NgModule'.

72   entryComponents: [
     ~~~~~~~~~~~~~~~


Error: src/app/features/time-tracking/time-tracking.module.ts:14:5 - error NG6002: 'UiModule' does not appear to be an NgModule class.

14     UiModule,
       ~~~~~~~~

  src/app/ui/ui.module.ts:259:14
    259 export class UiModule {
                     ~~~~~~~~
    Is it missing an @NgModule annotation?


Error: src/app/features/time-tracking/time-tracking.module.ts:16:5 - error NG6002: This import contains errors, which may affect components that depend on this NgModule.

16     TasksModule,
       ~~~~~~~~~~~


Error: src/app/features/time-tracking/time-tracking.module.ts:21:3 - error TS2345: Argument of type '{ imports: (typeof UiModule | typeof TasksModule)[]; declarations: (typeof DialogIdleComponent)[]; entryComponents: (typeof DialogIdleComponent)[]; exports: (typeof TakeABreakModule)[]; }' is not assignable to parameter of type 'NgModule'.
  Object literal may only specify known properties, and 'entryComponents' does not exist in type 'NgModule'.

21   entryComponents: [
     ~~~~~~~~~~~~~~~


Error: src/app/features/worklog/worklog-export/worklog-export.component.ts:15:8 - error TS1259: Module '"/Users/jacksm5pro/dev/open-source/versionless/.versionless/stage/angular-super-productivity-v2-13-15-u18b/app/node_modules/clipboard/src/clipboard"' can only be default-imported using the 'allowSyntheticDefaultImports' flag

15 import Clipboard from 'clipboard';
          ~~~~~~~~~

  node_modules/clipboard/src/clipboard.d.ts:89:1
    89 export = ClipboardJS;
       ~~~~~~~~~~~~~~~~~~~~~
    This module is declared with 'export =', and can only be used with a default import when using the 'allowSyntheticDefaultImports' flag.


Error: src/app/features/worklog/worklog.module.ts:13:5 - error NG6002: 'UiModule' does not appear to be an NgModule class.

13     UiModule,
       ~~~~~~~~

  src/app/ui/ui.module.ts:259:14
    259 export class UiModule {
                     ~~~~~~~~
    Is it missing an @NgModule annotation?


Error: src/app/features/worklog/worklog.module.ts:22:3 - error TS2345: Argument of type '{ imports: (typeof CommonModule | typeof UiModule)[]; declarations: (typeof DialogWorklogExportComponent | typeof WorklogComponent | typeof WorklogExportComponent | typeof WorklogWeekComponent)[]; entryComponents: (typeof DialogWorklogExportComponent)[]; exports: (typeof DialogWorklogExportComponent | ... 2 more ......' is not assignable to parameter of type 'NgModule'.
  Object literal may only specify known properties, and 'entryComponents' does not exist in type 'NgModule'.

22   entryComponents: [
     ~~~~~~~~~~~~~~~


Error: src/app/imex/file-imex/file-imex.module.ts:11:5 - error NG6002: 'UiModule' does not appear to be an NgModule class.

11     UiModule,
       ~~~~~~~~

  src/app/ui/ui.module.ts:259:14
    259 export class UiModule {
                     ~~~~~~~~
    Is it missing an @NgModule annotation?


Error: src/app/imex/file-imex/file-imex.module.ts:16:3 - error TS2345: Argument of type '{ imports: (typeof CommonModule | typeof UiModule)[]; declarations: (typeof FileImexComponent)[]; entryComponents: (typeof FileImexComponent)[]; exports: (typeof FileImexComponent)[]; }' is not assignable to parameter of type 'NgModule'.
  Object literal may only specify known properties, and 'entryComponents' does not exist in type 'NgModule'.

16   entryComponents: [
     ~~~~~~~~~~~~~~~


Error: src/app/pages/config-page/config-page.component.ts:16:9 - error TS2305: Module '"@angular/material"' has no exported member 'MatSlideToggleChange'.

16 import {MatSlideToggleChange} from '@angular/material';
           ~~~~~~~~~~~~~~~~~~~~


Error: src/app/pages/config-page/config-page.module.ts:12:5 - error NG6002: This import contains errors, which may affect components that depend on this NgModule.

12     ConfigModule,
       ~~~~~~~~~~~~


Error: src/app/pages/config-page/config-page.module.ts:13:5 - error NG6002: 'UiModule' does not appear to be an NgModule class.

13     UiModule,
       ~~~~~~~~

  src/app/ui/ui.module.ts:259:14
    259 export class UiModule {
                     ~~~~~~~~
    Is it missing an @NgModule annotation?


Error: src/app/pages/config-page/config-page.module.ts:14:5 - error NG6002: This import contains errors, which may affect components that depend on this NgModule.

14     GoogleModule,
       ~~~~~~~~~~~~


Error: src/app/pages/config-page/config-page.module.ts:15:5 - error NG6002: This import contains errors, which may affect components that depend on this NgModule.

15     JiraModule,
       ~~~~~~~~~~


Error: src/app/pages/daily-summary/daily-summary.module.ts:17:5 - error NG6002: 'UiModule' does not appear to be an NgModule class.

17     UiModule,
       ~~~~~~~~

  src/app/ui/ui.module.ts:259:14
    259 export class UiModule {
                     ~~~~~~~~
    Is it missing an @NgModule annotation?


Error: src/app/pages/daily-summary/daily-summary.module.ts:18:5 - error NG6002: This import contains errors, which may affect components that depend on this NgModule.

18     GoogleModule,
       ~~~~~~~~~~~~


Error: src/app/pages/daily-summary/daily-summary.module.ts:20:5 - error NG6002: This import contains errors, which may affect components that depend on this NgModule.

20     WorklogModule,
       ~~~~~~~~~~~~~


Error: src/app/pages/daily-summary/daily-summary.module.ts:21:5 - error NG6002: 'MetricModule' does not appear to be an NgModule class.

21     MetricModule,
       ~~~~~~~~~~~~

  src/app/features/metric/metric.module.ts:41:14
    41 export class MetricModule {
                    ~~~~~~~~~~~~
    Is it missing an @NgModule annotation?


Error: src/app/pages/daily-summary/daily-summary.module.ts:22:5 - error NG6002: This import contains errors, which may affect components that depend on this NgModule.

22     TasksModule,
       ~~~~~~~~~~~


Error: src/app/pages/daily-summary/daily-summary.module.ts:28:3 - error TS2345: Argument of type '{ imports: (typeof RouterModule | typeof UiModule | typeof GoogleModule)[]; declarations: (typeof DailySummaryComponent | typeof PlanTasksTomorrowComponent)[]; entryComponents: undefined[]; }' is not assignable to parameter of type 'NgModule'.
  Object literal may only specify known properties, and 'entryComponents' does not exist in type 'NgModule'.

28   entryComponents: []
     ~~~~~~~~~~~~~~~


Error: src/app/pages/metric-page/metric-page.module.ts:11:5 - error NG6002: 'UiModule' does not appear to be an NgModule class.

11     UiModule,
       ~~~~~~~~

  src/app/ui/ui.module.ts:259:14
    259 export class UiModule {
                     ~~~~~~~~
    Is it missing an @NgModule annotation?


Error: src/app/pages/metric-page/metric-page.module.ts:12:5 - error NG6002: 'MetricModule' does not appear to be an NgModule class.

12     MetricModule,
       ~~~~~~~~~~~~

  src/app/features/metric/metric.module.ts:41:14
    41 export class MetricModule {
                    ~~~~~~~~~~~~
    Is it missing an @NgModule annotation?


Error: src/app/pages/pages.module.ts:15:5 - error NG6002: This import contains errors, which may affect components that depend on this NgModule.

15     ConfigPageModule,
       ~~~~~~~~~~~~~~~~


Error: src/app/pages/pages.module.ts:16:5 - error NG6002: This import contains errors, which may affect components that depend on this NgModule.

16     ProjectPageModule,
       ~~~~~~~~~~~~~~~~~


Error: src/app/pages/pages.module.ts:17:5 - error NG6002: This import contains errors, which may affect components that depend on this NgModule.

17     WorkViewPageModule,
       ~~~~~~~~~~~~~~~~~~


Error: src/app/pages/pages.module.ts:18:5 - error NG6002: This import contains errors, which may affect components that depend on this NgModule.

18     DailySummaryModule,
       ~~~~~~~~~~~~~~~~~~


Error: src/app/pages/pages.module.ts:19:5 - error NG6002: This import contains errors, which may affect components that depend on this NgModule.

19     MetricPageModule,
       ~~~~~~~~~~~~~~~~


Error: src/app/pages/pages.module.ts:20:5 - error NG6002: This import contains errors, which may affect components that depend on this NgModule.

20     WorklogPageModule,
       ~~~~~~~~~~~~~~~~~


Error: src/app/pages/pages.module.ts:21:5 - error NG6002: This import contains errors, which may affect components that depend on this NgModule.

21     SchedulePageModule,
       ~~~~~~~~~~~~~~~~~~


Error: src/app/pages/pages.module.ts:22:5 - error NG6002: This import contains errors, which may affect components that depend on this NgModule.

22     ProjectSettingsModule,
       ~~~~~~~~~~~~~~~~~~~~~


Error: src/app/pages/project-page/project-page.module.ts:10:5 - error NG6002: 'UiModule' does not appear to be an NgModule class.

10     UiModule,
       ~~~~~~~~

  src/app/ui/ui.module.ts:259:14
    259 export class UiModule {
                     ~~~~~~~~
    Is it missing an @NgModule annotation?


Error: src/app/pages/project-page/project-page.module.ts:11:5 - error NG6002: This import contains errors, which may affect components that depend on this NgModule.

11     ProjectModule
       ~~~~~~~~~~~~~


Error: src/app/pages/project-settings/project-settings.module.ts:14:5 - error NG6002: This import contains errors, which may affect components that depend on this NgModule.

14     ConfigModule,
       ~~~~~~~~~~~~


Error: src/app/pages/project-settings/project-settings.module.ts:15:5 - error NG6002: 'UiModule' does not appear to be an NgModule class.

15     UiModule,
       ~~~~~~~~

  src/app/ui/ui.module.ts:259:14
    259 export class UiModule {
                     ~~~~~~~~
    Is it missing an @NgModule annotation?


Error: src/app/pages/project-settings/project-settings.module.ts:16:5 - error NG6002: This import contains errors, which may affect components that depend on this NgModule.

16     JiraModule,
       ~~~~~~~~~~


Error: src/app/pages/schedule-page/schedule-page.component.ts:6:9 - error TS2305: Module '"@angular/material"' has no exported member 'MatDialog'.

6 import {MatDialog} from '@angular/material';
          ~~~~~~~~~


Error: src/app/pages/schedule-page/schedule-page.component.ts:31:13 - error NG2003: No suitable injection token for parameter '_matDialog' of class 'SchedulePageComponent'.
  Consider using the @Inject decorator to specify an injection token.

31     private _matDialog: MatDialog,
               ~~~~~~~~~~

  src/app/pages/schedule-page/schedule-page.component.ts:31:25
    31     private _matDialog: MatDialog,
                               ~~~~~~~~~
    This type does not have a value, so it cannot be used as injection token.


Error: src/app/pages/schedule-page/schedule-page.module.ts:8:18 - error NG6001: The class 'SchedulePageComponent' is listed in the declarations of the NgModule 'SchedulePageModule', but is not a directive, a component, or a pipe. Either remove it from the NgModule's declarations, or add an appropriate Angular decorator.

8   declarations: [SchedulePageComponent],
                   ~~~~~~~~~~~~~~~~~~~~~

  src/app/pages/schedule-page/schedule-page.component.ts:23:14
    23 export class SchedulePageComponent {
                    ~~~~~~~~~~~~~~~~~~~~~
    'SchedulePageComponent' is declared here.


Error: src/app/pages/schedule-page/schedule-page.module.ts:11:5 - error NG6002: 'UiModule' does not appear to be an NgModule class.

11     UiModule,
       ~~~~~~~~

  src/app/ui/ui.module.ts:259:14
    259 export class UiModule {
                     ~~~~~~~~
    Is it missing an @NgModule annotation?


Error: src/app/pages/schedule-page/schedule-page.module.ts:13:13 - error NG6003: 'SchedulePageComponent' does not appear to be an NgModule, Component, Directive, or Pipe class.

13   exports: [SchedulePageComponent]
               ~~~~~~~~~~~~~~~~~~~~~

  src/app/pages/schedule-page/schedule-page.component.ts:23:14
    23 export class SchedulePageComponent {
                    ~~~~~~~~~~~~~~~~~~~~~
    Is it missing an Angular annotation?


Error: src/app/pages/work-view/work-view-page.module.ts:16:5 - error NG6002: 'UiModule' does not appear to be an NgModule class.

16     UiModule,
       ~~~~~~~~

  src/app/ui/ui.module.ts:259:14
    259 export class UiModule {
                     ~~~~~~~~
    Is it missing an @NgModule annotation?


Error: src/app/pages/work-view/work-view-page.module.ts:20:5 - error NG6002: This import contains errors, which may affect components that depend on this NgModule.

20     TasksModule,
       ~~~~~~~~~~~


Error: src/app/pages/work-view/work-view-page.module.ts:22:5 - error NG6002: This import contains errors, which may affect components that depend on this NgModule.

22     TimeTrackingModule,
       ~~~~~~~~~~~~~~~~~~


Error: src/app/pages/work-view/work-view-page.module.ts:23:5 - error NG6002: 'MetricModule' does not appear to be an NgModule class.

23     MetricModule,
       ~~~~~~~~~~~~

  src/app/features/metric/metric.module.ts:41:14
    41 export class MetricModule {
                    ~~~~~~~~~~~~
    Is it missing an @NgModule annotation?


Error: src/app/pages/worklog-page/worklog-page.module.ts:11:5 - error NG6002: 'UiModule' does not appear to be an NgModule class.

11     UiModule,
       ~~~~~~~~

  src/app/ui/ui.module.ts:259:14
    259 export class UiModule {
                     ~~~~~~~~
    Is it missing an @NgModule annotation?


Error: src/app/pages/worklog-page/worklog-page.module.ts:12:5 - error NG6002: This import contains errors, which may affect components that depend on this NgModule.

12     WorklogModule,
       ~~~~~~~~~~~~~


Error: src/app/ui/chip-list-input/chip-list-input.component.html:1:1 - error NG8001: 'mat-form-field' is not a known element:
1. If 'mat-form-field' is an Angular component, then verify that it is part of this module.
2. If 'mat-form-field' is a Web Component then add 'CUSTOM_ELEMENTS_SCHEMA' to the '@NgModule.schemas' of this component to suppress this message.

1 <mat-form-field>
  ~~~~~~~~~~~~~~~~

  src/app/ui/chip-list-input/chip-list-input.component.ts:21:16
    21   templateUrl: './chip-list-input.component.html',
                      ~~~~~~~~~~~~~~~~~~~~~~~~~~~~~~~~~~
    Error occurs in the template of component ChipListInputComponent.


Error: src/app/ui/chip-list-input/chip-list-input.component.html:2:3 - error NG8001: 'mat-chip-list' is not a known element:
1. If 'mat-chip-list' is an Angular component, then verify that it is part of this module.
2. If 'mat-chip-list' is a Web Component then add 'CUSTOM_ELEMENTS_SCHEMA' to the '@NgModule.schemas' of this component to suppress this message.

2   <mat-chip-list #chipListElRef>
    ~~~~~~~~~~~~~~~~~~~~~~~~~~~~~~

  src/app/ui/chip-list-input/chip-list-input.component.ts:21:16
    21   templateUrl: './chip-list-input.component.html',
                      ~~~~~~~~~~~~~~~~~~~~~~~~~~~~~~~~~~
    Error occurs in the template of component ChipListInputComponent.


Error: src/app/ui/chip-list-input/chip-list-input.component.html:28:7 - error NG8002: Can't bind to 'formControl' since it isn't a known property of 'input'.

28       [formControl]="inputCtrl"
         ~~~~~~~~~~~~~~~~~~~~~~~~~

  src/app/ui/chip-list-input/chip-list-input.component.ts:21:16
    21   templateUrl: './chip-list-input.component.html',
                      ~~~~~~~~~~~~~~~~~~~~~~~~~~~~~~~~~~
    Error occurs in the template of component ChipListInputComponent.


Error: src/app/ui/chip-list-input/chip-list-input.component.html:29:7 - error NG8002: Can't bind to 'matAutocomplete' since it isn't a known property of 'input'.

29       [matAutocomplete]="autoElRef"
         ~~~~~~~~~~~~~~~~~~~~~~~~~~~~~

  src/app/ui/chip-list-input/chip-list-input.component.ts:21:16
    21   templateUrl: './chip-list-input.component.html',
                      ~~~~~~~~~~~~~~~~~~~~~~~~~~~~~~~~~~
    Error occurs in the template of component ChipListInputComponent.


Error: src/app/ui/chip-list-input/chip-list-input.component.html:30:7 - error NG8002: Can't bind to 'matChipInputAddOnBlur' since it isn't a known property of 'input'.

30       [matChipInputAddOnBlur]="true"
         ~~~~~~~~~~~~~~~~~~~~~~~~~~~~~~

  src/app/ui/chip-list-input/chip-list-input.component.ts:21:16
    21   templateUrl: './chip-list-input.component.html',
                      ~~~~~~~~~~~~~~~~~~~~~~~~~~~~~~~~~~
    Error occurs in the template of component ChipListInputComponent.


Error: src/app/ui/chip-list-input/chip-list-input.component.html:31:7 - error NG8002: Can't bind to 'matChipInputFor' since it isn't a known property of 'input'.

31       [matChipInputFor]="chipListElRef"
         ~~~~~~~~~~~~~~~~~~~~~~~~~~~~~~~~~

  src/app/ui/chip-list-input/chip-list-input.component.ts:21:16
    21   templateUrl: './chip-list-input.component.html',
                      ~~~~~~~~~~~~~~~~~~~~~~~~~~~~~~~~~~
    Error occurs in the template of component ChipListInputComponent.


Error: src/app/ui/chip-list-input/chip-list-input.component.html:32:7 - error NG8002: Can't bind to 'matChipInputSeparatorKeyCodes' since it isn't a known property of 'input'.

32       [matChipInputSeparatorKeyCodes]="separatorKeysCodes"
         ~~~~~~~~~~~~~~~~~~~~~~~~~~~~~~~~~~~~~~~~~~~~~~~~~~~~

  src/app/ui/chip-list-input/chip-list-input.component.ts:21:16
    21   templateUrl: './chip-list-input.component.html',
                      ~~~~~~~~~~~~~~~~~~~~~~~~~~~~~~~~~~
    Error occurs in the template of component ChipListInputComponent.


Error: src/app/ui/chip-list-input/chip-list-input.component.html:35:3 - error NG8001: 'mat-autocomplete' is not a known element:
1. If 'mat-autocomplete' is an Angular component, then verify that it is part of this module.
2. If 'mat-autocomplete' is a Web Component then add 'CUSTOM_ELEMENTS_SCHEMA' to the '@NgModule.schemas' of this component to suppress this message.

35   <mat-autocomplete #autoElRef="matAutocomplete"
     ~~~~~~~~~~~~~~~~~~~~~~~~~~~~~~~~~~~~~~~~~~~~~~
36                     (optionSelected)="selected($event)">
   ~~~~~~~~~~~~~~~~~~~~~~~~~~~~~~~~~~~~~~~~~~~~~~~~~~~~~~~~

  src/app/ui/chip-list-input/chip-list-input.component.ts:21:16
    21   templateUrl: './chip-list-input.component.html',
                      ~~~~~~~~~~~~~~~~~~~~~~~~~~~~~~~~~~
    Error occurs in the template of component ChipListInputComponent.


Error: src/app/ui/chip-list-input/chip-list-input.component.html:35:33 - error NG8003: No directive found with exportAs 'matAutocomplete'.

35   <mat-autocomplete #autoElRef="matAutocomplete"
                                   ~~~~~~~~~~~~~~~

  src/app/ui/chip-list-input/chip-list-input.component.ts:21:16
    21   templateUrl: './chip-list-input.component.html',
                      ~~~~~~~~~~~~~~~~~~~~~~~~~~~~~~~~~~
    Error occurs in the template of component ChipListInputComponent.


Error: src/app/ui/collapsible/collapsible.component.html:3:3 - error NG8001: 'mat-icon' is not a known element:
1. If 'mat-icon' is an Angular component, then verify that it is part of this module.
2. If 'mat-icon' is a Web Component then add 'CUSTOM_ELEMENTS_SCHEMA' to the '@NgModule.schemas' of this component to suppress this message.

3   <mat-icon class="collapsible-expand-icon">expand_more</mat-icon>
    ~~~~~~~~~~~~~~~~~~~~~~~~~~~~~~~~~~~~~~~~~~

  src/app/ui/collapsible/collapsible.component.ts:6:16
    6   templateUrl: './collapsible.component.html',
                     ~~~~~~~~~~~~~~~~~~~~~~~~~~~~~~
    Error occurs in the template of component CollapsibleComponent.


Error: src/app/ui/datetime-input/datetime-input.component.html:3:3 - error NG8001: 'mat-form-field' is not a known element:
1. If 'mat-form-field' is an Angular component, then verify that it is part of this module.
2. If 'mat-form-field' is a Web Component then add 'CUSTOM_ELEMENTS_SCHEMA' to the '@NgModule.schemas' of this component to suppress this message.

3   <mat-form-field>
    ~~~~~~~~~~~~~~~~

  src/app/ui/datetime-input/datetime-input.component.ts:7:16
    7   templateUrl: './datetime-input.component.html',
                     ~~~~~~~~~~~~~~~~~~~~~~~~~~~~~~~~~
    Error occurs in the template of component DatetimeInputComponent.


Error: src/app/ui/datetime-input/datetime-input.component.html:6:12 - error NG8002: Can't bind to 'ngModel' since it isn't a known property of 'input'.

6            [ngModel]="strValue"
             ~~~~~~~~~~~~~~~~~~~~

  src/app/ui/datetime-input/datetime-input.component.ts:7:16
    7   templateUrl: './datetime-input.component.html',
                     ~~~~~~~~~~~~~~~~~~~~~~~~~~~~~~~~~
    Error occurs in the template of component DatetimeInputComponent.


Error: src/app/ui/datetime-input/datetime-input.component.html:12:12 - error NG8002: Can't bind to 'ngModel' since it isn't a known property of 'input'.

12            [ngModel]="strValue"
              ~~~~~~~~~~~~~~~~~~~~

  src/app/ui/datetime-input/datetime-input.component.ts:7:16
    7   templateUrl: './datetime-input.component.html',
                     ~~~~~~~~~~~~~~~~~~~~~~~~~~~~~~~~~
    Error occurs in the template of component DatetimeInputComponent.


Error: src/app/ui/datetime-input/datetime-input.component.html:13:12 - error NG8002: Can't bind to 'owlDateTime' since it isn't a known property of 'input'.

13            [owlDateTime]="dt1"
              ~~~~~~~~~~~~~~~~~~~

  src/app/ui/datetime-input/datetime-input.component.ts:7:16
    7   templateUrl: './datetime-input.component.html',
                     ~~~~~~~~~~~~~~~~~~~~~~~~~~~~~~~~~
    Error occurs in the template of component DatetimeInputComponent.


Error: src/app/ui/datetime-input/datetime-input.component.html:15:5 - error NG8001: 'mat-error' is not a known element:
1. If 'mat-error' is an Angular component, then verify that it is part of this module.
2. If 'mat-error' is a Web Component then add 'CUSTOM_ELEMENTS_SCHEMA' to the '@NgModule.schemas' of this component to suppress this message.

15     <mat-error>{{T.V.E_DATETIME|translate}}</mat-error>
       ~~~~~~~~~~~

  src/app/ui/datetime-input/datetime-input.component.ts:7:16
    7   templateUrl: './datetime-input.component.html',
                     ~~~~~~~~~~~~~~~~~~~~~~~~~~~~~~~~~
    Error occurs in the template of component DatetimeInputComponent.


Error: src/app/ui/datetime-input/datetime-input.component.html:15:33 - error NG8004: No pipe found with name 'translate'.

15     <mat-error>{{T.V.E_DATETIME|translate}}</mat-error>
                                   ~~~~~~~~~

  src/app/ui/datetime-input/datetime-input.component.ts:7:16
    7   templateUrl: './datetime-input.component.html',
                     ~~~~~~~~~~~~~~~~~~~~~~~~~~~~~~~~~
    Error occurs in the template of component DatetimeInputComponent.


Error: src/app/ui/datetime-input/datetime-input.component.html:16:5 - error NG8001: 'mat-icon' is not a known element:
1. If 'mat-icon' is an Angular component, then verify that it is part of this module.
2. If 'mat-icon' is a Web Component then add 'CUSTOM_ELEMENTS_SCHEMA' to the '@NgModule.schemas' of this component to suppress this message.

16     <mat-icon [owlDateTimeTrigger]="dt1"
       ~~~~~~~~~~~~~~~~~~~~~~~~~~~~~~~~~~~~
17               matSuffix=""
   ~~~~~~~~~~~~~~~~~~~~~~~~~~
18               style="cursor: pointer;">alarm
   ~~~~~~~~~~~~~~~~~~~~~~~~~~~~~~~~~~~~~~~

  src/app/ui/datetime-input/datetime-input.component.ts:7:16
    7   templateUrl: './datetime-input.component.html',
                     ~~~~~~~~~~~~~~~~~~~~~~~~~~~~~~~~~
    Error occurs in the template of component DatetimeInputComponent.


Error: src/app/ui/datetime-input/datetime-input.component.html:16:15 - error NG8002: Can't bind to 'owlDateTimeTrigger' since it isn't a known property of 'mat-icon'.
1. If 'mat-icon' is an Angular component and it has 'owlDateTimeTrigger' input, then verify that it is part of this module.
2. If 'mat-icon' is a Web Component then add 'CUSTOM_ELEMENTS_SCHEMA' to the '@NgModule.schemas' of this component to suppress this message.
3. To allow any property add 'NO_ERRORS_SCHEMA' to the '@NgModule.schemas' of this component.

16     <mat-icon [owlDateTimeTrigger]="dt1"
                 ~~~~~~~~~~~~~~~~~~~~~~~~~~

  src/app/ui/datetime-input/datetime-input.component.ts:7:16
    7   templateUrl: './datetime-input.component.html',
                     ~~~~~~~~~~~~~~~~~~~~~~~~~~~~~~~~~
    Error occurs in the template of component DatetimeInputComponent.


Error: src/app/ui/datetime-input/datetime-input.component.html:21:3 - error NG8001: 'owl-date-time' is not a known element:
1. If 'owl-date-time' is an Angular component, then verify that it is part of this module.
2. If 'owl-date-time' is a Web Component then add 'CUSTOM_ELEMENTS_SCHEMA' to the '@NgModule.schemas' of this component to suppress this message.

21   <owl-date-time #dt1></owl-date-time>
     ~~~~~~~~~~~~~~~~~~~~

  src/app/ui/datetime-input/datetime-input.component.ts:7:16
    7   templateUrl: './datetime-input.component.html',
                     ~~~~~~~~~~~~~~~~~~~~~~~~~~~~~~~~~
    Error occurs in the template of component DatetimeInputComponent.


Error: src/app/ui/datetime-input/datetime-input.component.html:23:3 - error NG8001: 'mat-chip-list' is not a known element:
1. If 'mat-chip-list' is an Angular component, then verify that it is part of this module.
2. If 'mat-chip-list' is a Web Component then add 'CUSTOM_ELEMENTS_SCHEMA' to the '@NgModule.schemas' of this component to suppress this message.

23   <mat-chip-list>
     ~~~~~~~~~~~~~~~

  src/app/ui/datetime-input/datetime-input.component.ts:7:16
    7   templateUrl: './datetime-input.component.html',
                     ~~~~~~~~~~~~~~~~~~~~~~~~~~~~~~~~~
    Error occurs in the template of component DatetimeInputComponent.


Error: src/app/ui/datetime-input/datetime-input.component.html:24:5 - error NG8001: 'mat-chip' is not a known element:
1. If 'mat-chip' is an Angular component, then verify that it is part of this module.
2. If 'mat-chip' is a Web Component then add 'CUSTOM_ELEMENTS_SCHEMA' to the '@NgModule.schemas' of this component to suppress this message.

24     <mat-chip (click)="setCommonVal('15M')">{{T.DATETIME_INPUT.IN|translate:{time: '15m'} }}</mat-chip>
       ~~~~~~~~~~~~~~~~~~~~~~~~~~~~~~~~~~~~~~~~

  src/app/ui/datetime-input/datetime-input.component.ts:7:16
    7   templateUrl: './datetime-input.component.html',
                     ~~~~~~~~~~~~~~~~~~~~~~~~~~~~~~~~~
    Error occurs in the template of component DatetimeInputComponent.


Error: src/app/ui/datetime-input/datetime-input.component.html:24:67 - error NG8004: No pipe found with name 'translate'.

24     <mat-chip (click)="setCommonVal('15M')">{{T.DATETIME_INPUT.IN|translate:{time: '15m'} }}</mat-chip>
                                                                     ~~~~~~~~~

  src/app/ui/datetime-input/datetime-input.component.ts:7:16
    7   templateUrl: './datetime-input.component.html',
                     ~~~~~~~~~~~~~~~~~~~~~~~~~~~~~~~~~
    Error occurs in the template of component DatetimeInputComponent.


Error: src/app/ui/datetime-input/datetime-input.component.html:25:5 - error NG8001: 'mat-chip' is not a known element:
1. If 'mat-chip' is an Angular component, then verify that it is part of this module.
2. If 'mat-chip' is a Web Component then add 'CUSTOM_ELEMENTS_SCHEMA' to the '@NgModule.schemas' of this component to suppress this message.

25     <mat-chip (click)="setCommonVal('1H')">{{T.DATETIME_INPUT.IN|translate:{time: '1h'} }}</mat-chip>
       ~~~~~~~~~~~~~~~~~~~~~~~~~~~~~~~~~~~~~~~

  src/app/ui/datetime-input/datetime-input.component.ts:7:16
    7   templateUrl: './datetime-input.component.html',
                     ~~~~~~~~~~~~~~~~~~~~~~~~~~~~~~~~~
    Error occurs in the template of component DatetimeInputComponent.


Error: src/app/ui/datetime-input/datetime-input.component.html:25:66 - error NG8004: No pipe found with name 'translate'.

25     <mat-chip (click)="setCommonVal('1H')">{{T.DATETIME_INPUT.IN|translate:{time: '1h'} }}</mat-chip>
                                                                    ~~~~~~~~~

  src/app/ui/datetime-input/datetime-input.component.ts:7:16
    7   templateUrl: './datetime-input.component.html',
                     ~~~~~~~~~~~~~~~~~~~~~~~~~~~~~~~~~
    Error occurs in the template of component DatetimeInputComponent.


Error: src/app/ui/datetime-input/datetime-input.component.html:26:5 - error NG8001: 'mat-chip' is not a known element:
1. If 'mat-chip' is an Angular component, then verify that it is part of this module.
2. If 'mat-chip' is a Web Component then add 'CUSTOM_ELEMENTS_SCHEMA' to the '@NgModule.schemas' of this component to suppress this message.

26     <mat-chip (click)="setCommonVal('2H')">{{T.DATETIME_INPUT.IN|translate:{time: '2h'} }}</mat-chip>
       ~~~~~~~~~~~~~~~~~~~~~~~~~~~~~~~~~~~~~~~

  src/app/ui/datetime-input/datetime-input.component.ts:7:16
    7   templateUrl: './datetime-input.component.html',
                     ~~~~~~~~~~~~~~~~~~~~~~~~~~~~~~~~~
    Error occurs in the template of component DatetimeInputComponent.


Error: src/app/ui/datetime-input/datetime-input.component.html:26:66 - error NG8004: No pipe found with name 'translate'.

26     <mat-chip (click)="setCommonVal('2H')">{{T.DATETIME_INPUT.IN|translate:{time: '2h'} }}</mat-chip>
                                                                    ~~~~~~~~~

  src/app/ui/datetime-input/datetime-input.component.ts:7:16
    7   templateUrl: './datetime-input.component.html',
                     ~~~~~~~~~~~~~~~~~~~~~~~~~~~~~~~~~
    Error occurs in the template of component DatetimeInputComponent.


Error: src/app/ui/datetime-input/datetime-input.component.html:27:5 - error NG8001: 'mat-chip' is not a known element:
1. If 'mat-chip' is an Angular component, then verify that it is part of this module.
2. If 'mat-chip' is a Web Component then add 'CUSTOM_ELEMENTS_SCHEMA' to the '@NgModule.schemas' of this component to suppress this message.

27     <mat-chip (click)="setCommonVal('5H')">{{T.DATETIME_INPUT.IN|translate:{time: '5h'} }}</mat-chip>
       ~~~~~~~~~~~~~~~~~~~~~~~~~~~~~~~~~~~~~~~

  src/app/ui/datetime-input/datetime-input.component.ts:7:16
    7   templateUrl: './datetime-input.component.html',
                     ~~~~~~~~~~~~~~~~~~~~~~~~~~~~~~~~~
    Error occurs in the template of component DatetimeInputComponent.


Error: src/app/ui/datetime-input/datetime-input.component.html:27:66 - error NG8004: No pipe found with name 'translate'.

27     <mat-chip (click)="setCommonVal('5H')">{{T.DATETIME_INPUT.IN|translate:{time: '5h'} }}</mat-chip>
                                                                    ~~~~~~~~~

  src/app/ui/datetime-input/datetime-input.component.ts:7:16
    7   templateUrl: './datetime-input.component.html',
                     ~~~~~~~~~~~~~~~~~~~~~~~~~~~~~~~~~
    Error occurs in the template of component DatetimeInputComponent.


Error: src/app/ui/datetime-input/datetime-input.component.html:28:5 - error NG8001: 'mat-chip' is not a known element:
1. If 'mat-chip' is an Angular component, then verify that it is part of this module.
2. If 'mat-chip' is a Web Component then add 'CUSTOM_ELEMENTS_SCHEMA' to the '@NgModule.schemas' of this component to suppress this message.

28     <mat-chip (click)="setCommonVal('TOMORROW_11')">{{T.DATETIME_INPUT.TOMORROW|translate:{time: '11:00'} }}</mat-chip>
       ~~~~~~~~~~~~~~~~~~~~~~~~~~~~~~~~~~~~~~~~~~~~~~~~

  src/app/ui/datetime-input/datetime-input.component.ts:7:16
    7   templateUrl: './datetime-input.component.html',
                     ~~~~~~~~~~~~~~~~~~~~~~~~~~~~~~~~~
    Error occurs in the template of component DatetimeInputComponent.


Error: src/app/ui/datetime-input/datetime-input.component.html:28:81 - error NG8004: No pipe found with name 'translate'.

28     <mat-chip (click)="setCommonVal('TOMORROW_11')">{{T.DATETIME_INPUT.TOMORROW|translate:{time: '11:00'} }}</mat-chip>
                                                                                   ~~~~~~~~~

  src/app/ui/datetime-input/datetime-input.component.ts:7:16
    7   templateUrl: './datetime-input.component.html',
                     ~~~~~~~~~~~~~~~~~~~~~~~~~~~~~~~~~
    Error occurs in the template of component DatetimeInputComponent.


Error: src/app/ui/dialog-confirm/dialog-confirm.component.html:1:1 - error NG8001: 'mat-dialog-content' is not a known element:
1. If 'mat-dialog-content' is an Angular component, then verify that it is part of this module.
2. If 'mat-dialog-content' is a Web Component then add 'CUSTOM_ELEMENTS_SCHEMA' to the '@NgModule.schemas' of this component to suppress this message.

1 <mat-dialog-content>
  ~~~~~~~~~~~~~~~~~~~~

  src/app/ui/dialog-confirm/dialog-confirm.component.ts:7:16
    7   templateUrl: './dialog-confirm.component.html',
                     ~~~~~~~~~~~~~~~~~~~~~~~~~~~~~~~~~
    Error occurs in the template of component DialogConfirmComponent.


Error: src/app/ui/dialog-confirm/dialog-confirm.component.html:2:34 - error NG8004: No pipe found with name 'translate'.

2   <div [innerHtml]="data.message|translate:data.translateParams"
                                   ~~~~~~~~~

  src/app/ui/dialog-confirm/dialog-confirm.component.ts:7:16
    7   templateUrl: './dialog-confirm.component.html',
                     ~~~~~~~~~~~~~~~~~~~~~~~~~~~~~~~~~
    Error occurs in the template of component DialogConfirmComponent.


Error: src/app/ui/dialog-confirm/dialog-confirm.component.html:6:1 - error NG8001: 'mat-dialog-actions' is not a known element:
1. If 'mat-dialog-actions' is an Angular component, then verify that it is part of this module.
2. If 'mat-dialog-actions' is a Web Component then add 'CUSTOM_ELEMENTS_SCHEMA' to the '@NgModule.schemas' of this component to suppress this message.

6 <mat-dialog-actions align="end">
  ~~~~~~~~~~~~~~~~~~~~~~~~~~~~~~~~

  src/app/ui/dialog-confirm/dialog-confirm.component.ts:7:16
    7   templateUrl: './dialog-confirm.component.html',
                     ~~~~~~~~~~~~~~~~~~~~~~~~~~~~~~~~~
    Error occurs in the template of component DialogConfirmComponent.


Error: src/app/ui/dialog-confirm/dialog-confirm.component.html:12:7 - error NG8001: 'mat-icon' is not a known element:
1. If 'mat-icon' is an Angular component, then verify that it is part of this module.
2. If 'mat-icon' is a Web Component then add 'CUSTOM_ELEMENTS_SCHEMA' to the '@NgModule.schemas' of this component to suppress this message.

12       <mat-icon>close</mat-icon>
         ~~~~~~~~~~

  src/app/ui/dialog-confirm/dialog-confirm.component.ts:7:16
    7   templateUrl: './dialog-confirm.component.html',
                     ~~~~~~~~~~~~~~~~~~~~~~~~~~~~~~~~~
    Error occurs in the template of component DialogConfirmComponent.


Error: src/app/ui/dialog-confirm/dialog-confirm.component.html:13:40 - error NG8004: No pipe found with name 'translate'.

13       {{(data.cancelTxt || T.G.CANCEL)|translate}}
                                          ~~~~~~~~~

  src/app/ui/dialog-confirm/dialog-confirm.component.ts:7:16
    7   templateUrl: './dialog-confirm.component.html',
                     ~~~~~~~~~~~~~~~~~~~~~~~~~~~~~~~~~
    Error occurs in the template of component DialogConfirmComponent.


Error: src/app/ui/dialog-confirm/dialog-confirm.component.html:20:7 - error NG8001: 'mat-icon' is not a known element:
1. If 'mat-icon' is an Angular component, then verify that it is part of this module.
2. If 'mat-icon' is a Web Component then add 'CUSTOM_ELEMENTS_SCHEMA' to the '@NgModule.schemas' of this component to suppress this message.

20       <mat-icon>check</mat-icon>
         ~~~~~~~~~~

  src/app/ui/dialog-confirm/dialog-confirm.component.ts:7:16
    7   templateUrl: './dialog-confirm.component.html',
                     ~~~~~~~~~~~~~~~~~~~~~~~~~~~~~~~~~
    Error occurs in the template of component DialogConfirmComponent.


Error: src/app/ui/dialog-confirm/dialog-confirm.component.html:21:32 - error NG8004: No pipe found with name 'translate'.

21       {{(data.okTxt || T.G.OK)|translate}}
                                  ~~~~~~~~~

  src/app/ui/dialog-confirm/dialog-confirm.component.ts:7:16
    7   templateUrl: './dialog-confirm.component.html',
                     ~~~~~~~~~~~~~~~~~~~~~~~~~~~~~~~~~
    Error occurs in the template of component DialogConfirmComponent.


Error: src/app/ui/dialog-fullscreen-markdown/dialog-fullscreen-markdown.component.ts:2:9 - error TS2305: Module '"@angular/material"' has no exported member 'MAT_DIALOG_DATA'.

2 import {MAT_DIALOG_DATA, MatDialogRef} from '@angular/material';
          ~~~~~~~~~~~~~~~


Error: src/app/ui/dialog-fullscreen-markdown/dialog-fullscreen-markdown.component.ts:2:26 - error TS2305: Module '"@angular/material"' has no exported member 'MatDialogRef'.

2 import {MAT_DIALOG_DATA, MatDialogRef} from '@angular/material';
                           ~~~~~~~~~~~~


Error: src/app/ui/dialog-fullscreen-markdown/dialog-fullscreen-markdown.component.ts:15:13 - error NG2003: No suitable injection token for parameter '_matDialogRef' of class 'DialogFullscreenMarkdownComponent'.
  Consider using the @Inject decorator to specify an injection token.

15     private _matDialogRef: MatDialogRef<DialogFullscreenMarkdownComponent>,
               ~~~~~~~~~~~~~

  src/app/ui/dialog-fullscreen-markdown/dialog-fullscreen-markdown.component.ts:15:28
    15     private _matDialogRef: MatDialogRef<DialogFullscreenMarkdownComponent>,
                                  ~~~~~~~~~~~~~~~~~~~~~~~~~~~~~~~~~~~~~~~~~~~~~~~
    This type does not have a value, so it cannot be used as injection token.


Error: src/app/ui/duration/input-duration-formly/input-duration-formly.component.html:1:8 - error NG8002: Can't bind to 'errorStateMatcher' since it isn't a known property of 'input'.

1 <input [errorStateMatcher]="errorStateMatcher"
         ~~~~~~~~~~~~~~~~~~~~~~~~~~~~~~~~~~~~~~~

  src/app/ui/duration/input-duration-formly/input-duration-formly.component.ts:7:16
    7   templateUrl: './input-duration-formly.component.html',
                     ~~~~~~~~~~~~~~~~~~~~~~~~~~~~~~~~~~~~~~~~
    Error occurs in the template of component InputDurationFormlyComponent.


Error: src/app/ui/duration/input-duration-formly/input-duration-formly.component.html:1:29 - error TS2339: Property 'errorStateMatcher' does not exist on type 'InputDurationFormlyComponent'.

1 <input [errorStateMatcher]="errorStateMatcher"
                              ~~~~~~~~~~~~~~~~~

  src/app/ui/duration/input-duration-formly/input-duration-formly.component.ts:7:16
    7   templateUrl: './input-duration-formly.component.html',
                     ~~~~~~~~~~~~~~~~~~~~~~~~~~~~~~~~~~~~~~~~
    Error occurs in the template of component InputDurationFormlyComponent.


Error: src/app/ui/duration/input-duration-formly/input-duration-formly.component.html:2:8 - error NG8002: Can't bind to 'formControl' since it isn't a known property of 'input'.

2        [formControl]="formControl"
         ~~~~~~~~~~~~~~~~~~~~~~~~~~~

  src/app/ui/duration/input-duration-formly/input-duration-formly.component.ts:7:16
    7   templateUrl: './input-duration-formly.component.html',
                     ~~~~~~~~~~~~~~~~~~~~~~~~~~~~~~~~~~~~~~~~
    Error occurs in the template of component InputDurationFormlyComponent.


Error: src/app/ui/duration/input-duration-formly/input-duration-formly.component.html:2:23 - error TS2339: Property 'formControl' does not exist on type 'InputDurationFormlyComponent'.

2        [formControl]="formControl"
                        ~~~~~~~~~~~

  src/app/ui/duration/input-duration-formly/input-duration-formly.component.ts:7:16
    7   templateUrl: './input-duration-formly.component.html',
                     ~~~~~~~~~~~~~~~~~~~~~~~~~~~~~~~~~~~~~~~~
    Error occurs in the template of component InputDurationFormlyComponent.


Error: src/app/ui/duration/input-duration-formly/input-duration-formly.component.html:3:8 - error NG8002: Can't bind to 'formlyAttributes' since it isn't a known property of 'input'.

3        [formlyAttributes]="field"
         ~~~~~~~~~~~~~~~~~~~~~~~~~~

  src/app/ui/duration/input-duration-formly/input-duration-formly.component.ts:7:16
    7   templateUrl: './input-duration-formly.component.html',
                     ~~~~~~~~~~~~~~~~~~~~~~~~~~~~~~~~~~~~~~~~
    Error occurs in the template of component InputDurationFormlyComponent.


Error: src/app/ui/duration/input-duration-formly/input-duration-formly.component.html:3:28 - error TS2339: Property 'field' does not exist on type 'InputDurationFormlyComponent'.

3        [formlyAttributes]="field"
                             ~~~~~

  src/app/ui/duration/input-duration-formly/input-duration-formly.component.ts:7:16
    7   templateUrl: './input-duration-formly.component.html',
                     ~~~~~~~~~~~~~~~~~~~~~~~~~~~~~~~~~~~~~~~~
    Error occurs in the template of component InputDurationFormlyComponent.


Error: src/app/ui/duration/input-duration-formly/input-duration-formly.component.html:4:14 - error TS2339: Property 'id' does not exist on type 'InputDurationFormlyComponent'.

4        [id]="id"
               ~~

  src/app/ui/duration/input-duration-formly/input-duration-formly.component.ts:7:16
    7   templateUrl: './input-duration-formly.component.html',
                     ~~~~~~~~~~~~~~~~~~~~~~~~~~~~~~~~~~~~~~~~
    Error occurs in the template of component InputDurationFormlyComponent.


Error: src/app/ui/duration/input-duration-formly/input-duration-formly.component.html:5:23 - error TS2339: Property 'to' does not exist on type 'InputDurationFormlyComponent'.

5        [placeholder]="to.placeholder"
                        ~~

  src/app/ui/duration/input-duration-formly/input-duration-formly.component.ts:7:16
    7   templateUrl: './input-duration-formly.component.html',
                     ~~~~~~~~~~~~~~~~~~~~~~~~~~~~~~~~~~~~~~~~
    Error occurs in the template of component InputDurationFormlyComponent.


Error: src/app/ui/duration/input-duration-formly/input-duration-formly.component.ts:11:51 - error TS2314: Generic type 'FieldType<F>' requires 1 type argument(s).

11 export class InputDurationFormlyComponent extends FieldType {
                                                     ~~~~~~~~~


Error: src/app/ui/duration/input-duration-slider/input-duration-slider.component.html:18:12 - error NG8002: Can't bind to 'ngModel' since it isn't a known property of 'input'.

18            [ngModel]="_model"
              ~~~~~~~~~~~~~~~~~~

  src/app/ui/duration/input-duration-slider/input-duration-slider.component.ts:20:16
    20   templateUrl: './input-duration-slider.component.html',
                      ~~~~~~~~~~~~~~~~~~~~~~~~~~~~~~~~~~~~~~~~
    Error occurs in the template of component InputDurationSliderComponent.


Error: src/app/ui/duration/input-duration-slider/input-duration-slider.component.html:21:45 - error NG8004: No pipe found with name 'translate'.

21            [placeholder]="T.G.CLICK_TO_EDIT|translate"
                                               ~~~~~~~~~

  src/app/ui/duration/input-duration-slider/input-duration-slider.component.ts:20:16
    20   templateUrl: './input-duration-slider.component.html',
                      ~~~~~~~~~~~~~~~~~~~~~~~~~~~~~~~~~~~~~~~~
    Error occurs in the template of component InputDurationSliderComponent.


Error: src/app/ui/full-page-spinner/full-page-spinner.component.html:1:1 - error NG8001: 'mat-spinner' is not a known element:
1. If 'mat-spinner' is an Angular component, then verify that it is part of this module.
2. If 'mat-spinner' is a Web Component then add 'CUSTOM_ELEMENTS_SCHEMA' to the '@NgModule.schemas' of this component to suppress this message.

1 <mat-spinner></mat-spinner>
  ~~~~~~~~~~~~~

  src/app/ui/full-page-spinner/full-page-spinner.component.ts:6:16
    6   templateUrl: './full-page-spinner.component.html',
                     ~~~~~~~~~~~~~~~~~~~~~~~~~~~~~~~~~~~~
    Error occurs in the template of component FullPageSpinnerComponent.


Error: src/app/ui/help-section/help-section.component.html:7:3 - error NG8001: 'mat-icon' is not a known element:
1. If 'mat-icon' is an Angular component, then verify that it is part of this module.
2. If 'mat-icon' is a Web Component then add 'CUSTOM_ELEMENTS_SCHEMA' to the '@NgModule.schemas' of this component to suppress this message.

7   <mat-icon>{{isShowHelp ? 'close' : 'help_outline'}}</mat-icon>
    ~~~~~~~~~~

  src/app/ui/help-section/help-section.component.ts:6:16
    6   templateUrl: './help-section.component.html',
                     ~~~~~~~~~~~~~~~~~~~~~~~~~~~~~~~
    Error occurs in the template of component HelpSectionComponent.


Error: src/app/ui/inline-markdown/inline-markdown.component.ts:20:9 - error TS2305: Module '"@angular/material"' has no exported member 'MatDialog'.

20 import {MatDialog} from '@angular/material';
           ~~~~~~~~~


Error: src/app/ui/inline-markdown/inline-markdown.component.ts:75:13 - error NG2003: No suitable injection token for parameter '_matDialog' of class 'InlineMarkdownComponent'.
  Consider using the @Inject decorator to specify an injection token.

75     private _matDialog: MatDialog,
               ~~~~~~~~~~

  src/app/ui/inline-markdown/inline-markdown.component.ts:75:25
    75     private _matDialog: MatDialog,
                               ~~~~~~~~~
    This type does not have a value, so it cannot be used as injection token.


Error: src/app/ui/theme-select/theme-select.component.html:1:1 - error NG8001: 'mat-form-field' is not a known element:
1. If 'mat-form-field' is an Angular component, then verify that it is part of this module.
2. If 'mat-form-field' is a Web Component then add 'CUSTOM_ELEMENTS_SCHEMA' to the '@NgModule.schemas' of this component to suppress this message.

1 <mat-form-field>
  ~~~~~~~~~~~~~~~~

  src/app/ui/theme-select/theme-select.component.ts:8:16
    8   templateUrl: './theme-select.component.html',
                     ~~~~~~~~~~~~~~~~~~~~~~~~~~~~~~~
    Error occurs in the template of component ThemeSelectComponent.


Error: src/app/ui/theme-select/theme-select.component.html:2:3 - error NG8001: 'mat-select' is not a known element:
1. If 'mat-select' is an Angular component, then verify that it is part of this module.
2. If 'mat-select' is a Web Component then add 'CUSTOM_ELEMENTS_SCHEMA' to the '@NgModule.schemas' of this component to suppress this message.

2   <mat-select [placeholder]="T.THEMES.SELECT_THEME|translate">
    ~~~~~~~~~~~~~~~~~~~~~~~~~~~~~~~~~~~~~~~~~~~~~~~~~~~~~~~~~~~~

  src/app/ui/theme-select/theme-select.component.ts:8:16
    8   templateUrl: './theme-select.component.html',
                     ~~~~~~~~~~~~~~~~~~~~~~~~~~~~~~~
    Error occurs in the template of component ThemeSelectComponent.


Error: src/app/ui/theme-select/theme-select.component.html:2:15 - error NG8002: Can't bind to 'placeholder' since it isn't a known property of 'mat-select'.
1. If 'mat-select' is an Angular component and it has 'placeholder' input, then verify that it is part of this module.
2. If 'mat-select' is a Web Component then add 'CUSTOM_ELEMENTS_SCHEMA' to the '@NgModule.schemas' of this component to suppress this message.
3. To allow any property add 'NO_ERRORS_SCHEMA' to the '@NgModule.schemas' of this component.

2   <mat-select [placeholder]="T.THEMES.SELECT_THEME|translate">
                ~~~~~~~~~~~~~~~~~~~~~~~~~~~~~~~~~~~~~~~~~~~~~~~

  src/app/ui/theme-select/theme-select.component.ts:8:16
    8   templateUrl: './theme-select.component.html',
                     ~~~~~~~~~~~~~~~~~~~~~~~~~~~~~~~
    Error occurs in the template of component ThemeSelectComponent.


Error: src/app/ui/theme-select/theme-select.component.html:2:52 - error NG8004: No pipe found with name 'translate'.

2   <mat-select [placeholder]="T.THEMES.SELECT_THEME|translate">
                                                     ~~~~~~~~~

  src/app/ui/theme-select/theme-select.component.ts:8:16
    8   templateUrl: './theme-select.component.html',
                     ~~~~~~~~~~~~~~~~~~~~~~~~~~~~~~~
    Error occurs in the template of component ThemeSelectComponent.


Error: src/app/ui/ui.module.ts:61:58 - error TS2307: Cannot find module 'ng-pick-datetime' or its corresponding type declarations.

61 import {OwlDateTimeModule, OwlNativeDateTimeModule} from 'ng-pick-datetime';
                                                            ~~~~~~~~~~~~~~~~~~


Error: src/app/ui/ui.module.ts:77:12 - error NG1010: Value

Error: src/app/ui/ui.module.ts:85:9 - error TS2740: Type 'typeof InputDurationFormlyComponent' is missing the following properties from type 'Type<FieldType<FormlyFieldConfig<FormlyFieldProps & { [additionalProperties: string]: any; }>>>': apply, call, bind, length, and 4 more.

85         component: InputDurationFormlyComponent,
           ~~~~~~~~~

  node_modules/@ngx-formly/core/lib/models/config.d.ts:15:5
    15     component?: Type<FieldType>;
           ~~~~~~~~~
    The expected type comes from property 'component' which is declared here on type 'TypeOption'


Error: src/app/ui/ui.module.ts:142:5 - error TS2322: Type 'typeof InputDurationFormlyComponent' is not assignable to type 'any[] | Type<any>'.
  Type 'typeof InputDurationFormlyComponent' is missing the following properties from type 'Type<any>': apply, call, bind, length, and 4 more.

142     InputDurationFormlyComponent,
        ~~~~~~~~~~~~~~~~~~~~~~~~~~~~



exit=1
