--- npm run lint (exit 0) ---

  ! eslint(no-unused-vars): Identifier 'WITNESS_REACT_CYPRESS_RWA_PLACEHOLDERS' is imported but never used.
   ,-[packages/core/src/receipts/holdout-react-cypress-rwa-witness.ts:6:2]
 5 |     summarizeWitnessReactCypressRwaTwoLaneParity,
 6 |     WITNESS_REACT_CYPRESS_RWA_PLACEHOLDERS,
   :     ^^^^^^^^^^^^^^^^^^^|^^^^^^^^^^^^^^^^^^
   :                        `-- 'WITNESS_REACT_CYPRESS_RWA_PLACEHOLDERS' is imported here
 7 |     WITNESS_REACT_CYPRESS_RWA_ROUTES,
   `----
  help: Consider removing this import.

  ! eslint(no-unused-vars): Type alias 'RefRow' is declared but never used.
    ,-[packages/cli/src/fixture/react-appsmith-ingest.ts:38:6]
 37 | 
 38 | type RefRow = { ref: string; object: { type: 'commit' | 'tag'; sha: string } };
    :      ^^^|^^
    :         `-- 'RefRow' is declared here
 39 | type Candidate = {
    `----
  help: Consider removing this declaration.

  ! eslint(no-unused-vars): Variable 'umiMajor' is declared but never used. Unused variables should start with a '_'.
      ,-[packages/cli/src/fixture/react-appsmith-ingest.ts:1011:9]
 1010 |         const webpackMajor = selectedPackage.webpackMajor;
 1011 |         const umiMajor = selectedPackage.umiMajor ?? null;
      :               ^^^^|^^^
      :                   `-- 'umiMajor' is declared here
 1012 |         const craMajor = selectedPackage.craMajor ?? null;
      `----
  help: Consider removing this declaration.

  ! eslint(no-unused-vars): Identifier 'NODE_ARCHIVE_SHA256' is imported but never used.
    ,-[packages/cli/src/fixture/angular-realworld-v15-to-v16-run.ts:14:27]
 13 | } from './angular-realworld-v15-to-v16-ingest.ts';
 14 | import { CHROMIUM_SHA256, NODE_ARCHIVE_SHA256 } from './angular-realworld-v15-ingest.ts';
    :                           ^^^^^^^^^|^^^^^^^^^
    :                                    `-- 'NODE_ARCHIVE_SHA256' is imported here
 15 | 
    `----
  help: Consider removing this import.

  ! eslint(no-unused-vars): Identifier 'TRUST_SCHEMA' is imported but never used.
    ,-[packages/trust/src/enterprise.ts:29:30]
 28 | } from './coverage-report.ts';
 29 | import { asRecord, asString, TRUST_SCHEMA, type TrustManifest } from './schema.ts';
    :                              ^^^^^^|^^^^^
    :                                    `-- 'TRUST_SCHEMA' is imported here
 30 | 
    `----
  help: Consider removing this import.

  ! eslint(no-unused-vars): Identifier 'WITNESS_NEXT_KILLED_BY_GOOGLE_TRACKED_EVENTS' is imported but never used.
    ,-[packages/core/test/witness-next-killedbygoogle-receipt.test.ts:13:2]
 12 |     WITNESS_NEXT_KILLED_BY_GOOGLE_SCHEMA,
 13 |     WITNESS_NEXT_KILLED_BY_GOOGLE_TRACKED_EVENTS,
    :     ^^^^^^^^^^^^^^^^^^^^^^|^^^^^^^^^^^^^^^^^^^^^
    :                           `-- 'WITNESS_NEXT_KILLED_BY_GOOGLE_TRACKED_EVENTS' is imported here
 14 |     witnessNextKilledByGoogleBehaviorDigest,
    `----
  help: Consider removing this import.

  ! eslint(no-unused-vars): Variable 'KBG_FILTER' is declared but never used. Unused variables should start with a '_'.
      ,-[packages/cli/src/witness/real-app-run.ts:2147:7]
 2146 | const KBG_SEARCH_BOX = '#searchBox' as const;
 2147 | const KBG_FILTER = '#listFilter' as const;
      :       ^^^^^|^^^^
      :            `-- 'KBG_FILTER' is declared here
 2148 | const KBG_FILTER_INPUT = '#react-select-filter-select-input' as const;
      `----
  help: Consider removing this declaration.

  ! eslint(no-unused-vars): Identifier 'cp' is imported but never used.
   ,-[packages/cli/src/fixture/angular-realworld-v15-to-v16-ingest.ts:5:2]
 4 |     access,
 5 |     cp,
   :     ^|
   :      `-- 'cp' is imported here
 6 |     mkdir,
   `----
  help: Consider removing this import.

  ! eslint(no-unused-vars): Identifier 'withQuery' is imported but never used.
    ,-[packages/cli/src/fixture/react-verdaccio-ingest.ts:16:29]
 15 | import { basename, dirname, join, relative, resolve } from 'pathe';
 16 | import { joinURL, parseURL, withQuery } from 'ufo';
    :                             ^^^^|^^^^
    :                                 `-- 'withQuery' is imported here
 17 | import { canonicalize, sha256 } from '../../../core/src/receipts/canonicalize.ts';
    `----
  help: Consider removing this import.

  ! eslint(no-unused-vars): Type alias 'RefRow' is declared but never used.
    ,-[packages/cli/src/fixture/react-verdaccio-ingest.ts:36:6]
 35 | 
 36 | type RefRow = { ref: string; object: { type: 'commit' | 'tag'; sha: string } };
    :      ^^^|^^
    :         `-- 'RefRow' is declared here
 37 | type Candidate = {
    `----
  help: Consider removing this declaration.

  ! eslint-plugin-unicorn(no-useless-fallback-in-spread): Empty fallbacks in spreads are unnecessary
     ,-[packages/cli/src/operator/batch.ts:588:29]
 587 |                     cwd: root,
 588 |                     env: { ...process.env, ...(step.env ?? {}) },
     :                                            ^^^^^^^^^^^^^^^^^^^
 589 |                     maxBuffer: 64 * 1024 * 1024,
     `----
  help: Spreading falsy values in object literals won't add any unexpected properties, so it's unnecessary to add an empty object as fallback.

  ! eslint-plugin-unicorn(no-useless-spread): Using a spread operator here creates a new object unnecessarily.
     ,-[packages/trust/src/coverage-report.ts:651:9]
 650 |                             interventions: {
 651 |                                 ...(typeof interventions.count === 'number'
     :                                 ^^^
 652 |                                     ? { count: interventions.count }
     `----
  help: This expression returns a new object. Spreading it into an object expression to create a new object is redundant.

  ! eslint(no-unused-vars): Identifier 'withQuery' is imported but never used.
    ,-[packages/cli/src/fixture/react-apisix-dashboard-ingest.ts:16:29]
 15 | import { basename, dirname, join, relative, resolve } from 'pathe';
 16 | import { joinURL, parseURL, withQuery } from 'ufo';
    :                             ^^^^|^^^^
    :                                 `-- 'withQuery' is imported here
 17 | import { canonicalize, sha256 } from '../../../core/src/receipts/canonicalize.ts';
    `----
  help: Consider removing this import.

  ! eslint(no-unused-vars): Variable 'hex40' is declared but never used. Unused variables should start with a '_'.
    ,-[packages/cli/src/fixture/react-apisix-dashboard-ingest.ts:30:7]
 29 | const cacheRoot = join(root, '.versionless/cache/react-apisix-dashboard-source-t684');
 30 | const hex40 = createRegExp(
    :       ^^|^^
    :         `-- 'hex40' is declared here
 31 |     charIn('0123456789').from('a', 'f').times(40).at.lineStart().at.lineEnd(),
    `----
  help: Consider removing this declaration.

  ! eslint(no-unused-vars): Type alias 'RefRow' is declared but never used.
    ,-[packages/cli/src/fixture/react-apisix-dashboard-ingest.ts:37:6]
 36 | 
 37 | type RefRow = { ref: string; object: { type: 'commit' | 'tag'; sha: string } };
    :      ^^^|^^
    :         `-- 'RefRow' is declared here
 38 | type Candidate = {
    `----
  help: Consider removing this declaration.

  ! eslint(no-unsafe-optional-chaining): Unsafe usage of optional chaining
     ,-[packages/core/test/corpus-conformance.test.ts:896:11]
 895 |         expect(earlier).toBeDefined();
 896 |         expect((earlier?.source as Record<string, unknown>).revision).toBe(
     :                 ^^^^^^^^^^^^^^^
 897 |             verified.receipt.source.revision,
     `----
  help: If this short-circuits with 'undefined' the evaluation will throw TypeError

  ! eslint(no-unsafe-optional-chaining): Unsafe usage of optional chaining
     ,-[packages/core/test/corpus-conformance.test.ts:959:5]
 958 |         expect(verified.receipt.source.revision).toBe(
 959 |             (killedbygoogle?.source as Record<string, unknown>).revision,
     :              ^^^^^^^^^^^^^^^^^^^^^^
 960 |         );
     `----
  help: If this short-circuits with 'undefined' the evaluation will throw TypeError

  ! eslint(no-unsafe-optional-chaining): Unsafe usage of optional chaining
     ,-[packages/core/test/corpus-conformance.test.ts:962:5]
 961 |         expect(verified.receipt.source.archiveSha256).toBe(
 962 |             (killedbygoogle?.source as Record<string, unknown>).archiveSha256,
     :              ^^^^^^^^^^^^^^^^^^^^^^
 963 |         );
     `----
  help: If this short-circuits with 'undefined' the evaluation will throw TypeError

  ! eslint(no-unused-vars): Variable 'umiMajor' is declared but never used. Unused variables should start with a '_'.
     ,-[packages/cli/src/fixture/react-unleash-ingest.ts:934:9]
 933 |         const webpackMajor = selectedPackage.webpackMajor;
 934 |         const umiMajor = selectedPackage.umiMajor ?? null;
     :               ^^^^|^^^
     :                   `-- 'umiMajor' is declared here
 935 |         const craMajor = selectedPackage.craMajor ?? null;
     `----
  help: Consider removing this declaration.

  ! eslint(no-unused-vars): Variable 'craMajor' is declared but never used. Unused variables should start with a '_'.
     ,-[packages/cli/src/fixture/react-unleash-ingest.ts:935:9]
 934 |         const umiMajor = selectedPackage.umiMajor ?? null;
 935 |         const craMajor = selectedPackage.craMajor ?? null;
     :               ^^^^|^^^
     :                   `-- 'craMajor' is declared here
 936 |         const viteMajor = selectedPackage.viteMajor ?? null;
     `----
  help: Consider removing this declaration.

  ! eslint(no-extra-boolean-cast): Redundant Boolean call
     ,-[packages/cli/src/fixture/vite8-shared-adapter-cohort-run.ts:148:8]
 147 |                 violations.push('url-not-canonical');
 148 |             if (Boolean(parseURL(candidate.url).host)) violations.push('url-remote');
     :                 ^^^^^^^^^^^^^^^^^^^^^^^^^^^^^^^^^^^^^
 149 |         }
     `----
  help: Remove the Boolean call as it will already be coerced to a boolean

  ! eslint-plugin-unicorn(no-useless-spread): Using a spread operator here creates a new array unnecessarily.
     ,-[packages/cli/src/fixture/vite8-shared-adapter-cohort-run.ts:208:13]
 207 |         actualValidation,
 208 |         missing: [...expected.filter((entry) => !actualByPath.has(entry.path))].sort(
     :                   ^^^
 209 |             (left, right) => compareUtf16CodeUnits(left.path, right.path),
     `----
  help: `expected.filter` returns a new array. Spreading it into an array expression to create a new array is redundant.

  ! eslint-plugin-unicorn(no-useless-spread): Using a spread operator here creates a new array unnecessarily.
     ,-[packages/cli/src/fixture/vite8-shared-adapter-cohort-run.ts:211:16]
 210 |         ),
 211 |         unexpected: [...actual.filter((entry) => !expectedByPath.has(entry.path))].sort(
     :                      ^^^
 212 |             (left, right) => compareUtf16CodeUnits(left.path, right.path),
     `----
  help: `actual.filter` returns a new array. Spreading it into an array expression to create a new array is redundant.

  ! eslint(no-unused-vars): Variable 'umiMajor' is declared but never used. Unused variables should start with a '_'.
     ,-[packages/cli/src/fixture/react-kafka-ui-v0-3-3-ingest.ts:774:9]
 773 |         const webpackMajor = selectedPackage.webpackMajor;
 774 |         const umiMajor = selectedPackage.umiMajor ?? null;
     :               ^^^^|^^^
     :                   `-- 'umiMajor' is declared here
 775 |         const craMajor = selectedPackage.craMajor ?? null;
     `----
  help: Consider removing this declaration.

  ! eslint(no-unused-vars): Identifier 'rm' is imported but never used.
   ,-[packages/cli/src/fixture/react-sqlpad-v5-5-0-ingest.ts:2:52]
 1 | import { createHash } from 'node:crypto';
 2 | import { access, mkdir, readFile, readdir, rename, rm, writeFile } from 'node:fs/promises';
   :                                                    ^|
   :                                                     `-- 'rm' is imported here
 3 | import { request } from 'node:https';
   `----
  help: Consider removing this import.

  ! eslint(no-unused-vars): Type alias 'RefRow' is declared but never used.
    ,-[packages/cli/src/fixture/react-mattermost-ingest.ts:39:6]
 38 | 
 39 | type RefRow = { ref: string; object: { type: 'commit' | 'tag'; sha: string } };
    :      ^^^|^^
    :         `-- 'RefRow' is declared here
 40 | type Candidate = {
    `----
  help: Consider removing this declaration.

  ! eslint(no-unused-vars): Variable 'umiMajor' is declared but never used. Unused variables should start with a '_'.
     ,-[packages/cli/src/fixture/react-mattermost-ingest.ts:954:9]
 953 |         const webpackMajor = selectedPackage.webpackMajor;
 954 |         const umiMajor = selectedPackage.umiMajor ?? null;
     :               ^^^^|^^^
     :                   `-- 'umiMajor' is declared here
 955 |         const craMajor = selectedPackage.craMajor ?? null;
     `----
  help: Consider removing this declaration.

  ! eslint(no-unused-vars): Type alias 'RefRow' is declared but never used.
    ,-[packages/cli/src/fixture/react-strapi-ingest.ts:38:6]
 37 | 
 38 | type RefRow = { ref: string; object: { type: 'commit' | 'tag'; sha: string } };
    :      ^^^|^^
    :         `-- 'RefRow' is declared here
 39 | type Candidate = {
    `----
  help: Consider removing this declaration.

  ! eslint(no-unused-vars): Variable 'umiMajor' is declared but never used. Unused variables should start with a '_'.
     ,-[packages/cli/src/fixture/react-strapi-ingest.ts:967:9]
 966 |         const webpackMajor = selectedPackage.webpackMajor;
 967 |         const umiMajor = selectedPackage.umiMajor ?? null;
     :               ^^^^|^^^
     :                   `-- 'umiMajor' is declared here
 968 |         const craMajor = selectedPackage.craMajor ?? null;
     `----
  help: Consider removing this declaration.

  ! eslint(no-unused-vars): Identifier 'cp' is imported but never used.
   ,-[packages/cli/src/fixture/angular-realworld-v15-ingest.ts:5:2]
 4 |     access,
 5 |     cp,
   :     ^|
   :      `-- 'cp' is imported here
 6 |     mkdir,
   `----
  help: Consider removing this import.

  ! eslint(no-unused-vars): Variable 't643StartPath' is declared but never used. Unused variables should start with a '_'.
    ,-[packages/cli/src/fixture/angular-realworld-production-parity-run.ts:29:7]
 28 | const t643AttemptDirectory = path.join(output, 'attempts');
 29 | const t643StartPath = path.join(t643AttemptDirectory, 't643-start.json');
    :       ^^^^^^|^^^^^^
    :             `-- 't643StartPath' is declared here
 30 | const t643ReceiptPath = path.join(t643AttemptDirectory, 't643-receipt.json');
    `----
  help: Consider removing this declaration.

Found 31 warnings and 0 errors.
Finished in 95ms on 632 files with 93 rules using 18 threads.

npm warn Unknown project config "store-dir". This will stop working in the next major version of npm. See `npm help npmrc` for supported config options.
npm warn Unknown project config "virtual-store-dir". This will stop working in the next major version of npm. See `npm help npmrc` for supported config options.
npm warn Unknown project config "state-dir". This will stop working in the next major version of npm. See `npm help npmrc` for supported config options.
npm notice run versionless-workspace@0.0.0 lint
npm notice run vp lint

--- npm test (exit 0) ---
 RUN  /Users/jacksm5pro/dev/open-source/versionless

{"preflight":"pass"}

 Test Files  258 passed (258)
      Tests  2686 passed | 2 skipped (2688)
   Start at  18:40:08
   Duration  152.33s (transform 11.02s, setup 0ms, import 35.28s, tests 265.71s, environment 12ms)


npm warn Unknown project config "store-dir". This will stop working in the next major version of npm. See `npm help npmrc` for supported config options.
npm warn Unknown project config "virtual-store-dir". This will stop working in the next major version of npm. See `npm help npmrc` for supported config options.
npm warn Unknown project config "state-dir". This will stop working in the next major version of npm. See `npm help npmrc` for supported config options.
npm warn Unknown project config "store-dir". This will stop working in the next major version of npm. See `npm help npmrc` for supported config options.
npm warn Unknown project config "virtual-store-dir". This will stop working in the next major version of npm. See `npm help npmrc` for supported config options.
npm warn Unknown project config "state-dir". This will stop working in the next major version of npm. See `npm help npmrc` for supported config options.
npm notice run versionless-workspace@0.0.0 test
npm notice run vp test --project node

--- npm run trust:verify -- --offline (exit 0) ---
{"valid":true,"digest":"443f82436041cded28d40b53ca8916ab8fd0660d3294d97443995e8646c1039c","deterministicCore":"85df362d673bf8874d042d38ff1757d5cce0fd2fe83561e0b03f051b42014742","artifacts":12}

npm warn Unknown project config "store-dir". This will stop working in the next major version of npm. See `npm help npmrc` for supported config options.
npm warn Unknown project config "virtual-store-dir". This will stop working in the next major version of npm. See `npm help npmrc` for supported config options.
npm warn Unknown project config "state-dir". This will stop working in the next major version of npm. See `npm help npmrc` for supported config options.
npm notice run versionless-workspace@0.0.0 trust:verify
npm notice run node --experimental-strip-types packages/cli/src/cli.ts trust:verify --offline

--- npm run receipt:verify (exit 0) ---
{"valid":true,"digest":"52400147929220935a9ebe47a16c8dff50b5c28e9d51c930d000c99c2bdc8a21","artifacts":10}

npm warn Unknown project config "store-dir". This will stop working in the next major version of npm. See `npm help npmrc` for supported config options.
npm warn Unknown project config "virtual-store-dir". This will stop working in the next major version of npm. See `npm help npmrc` for supported config options.
npm warn Unknown project config "state-dir". This will stop working in the next major version of npm. See `npm help npmrc` for supported config options.
npm notice run versionless-workspace@0.0.0 receipt:verify
npm notice run node --experimental-strip-types packages/cli/src/cli.ts receipt:verify

--- node --experimental-strip-types packages/cli/src/cli.ts refusal-census --verify-only --json (exit 0) ---
{"flow":"refusal-census","file":"evidence/runs/operator-flows/refusal-census.json","verifyOnly":true,"matchesPublished":true,"published":true,"census":{"schemaVersion":"versionless.refusal-census.v1","generatedBy":"versionless refusal-census","adapterFreezeComposite":"27741d9c8bfac1b6bb0b330423b1cf258fcde722f548ecb9cf8b389cc98e4234","roots":["packages/cli/src/operator","packages/frameworks/react","packages/frameworks/angular","packages/core/src/migrations","packages/core/src/bundlers","packages/core/src/analysis"],"filesScanned":84,"summary":{"sites":188,"byOrigin":{"frozen-adapter":101,"pipeline":87},"byClassification":{"defect":5,"refusal":133,"unclassified":50},"byStage":{"acquire":14,"analyze":2,"apply":5,"arguments":8,"batch":6,"build":5,"era-cell":9,"ingest":17,"install":9,"license-at-pin":4,"not-reached":69,"plan":23,"plan-or-build":13,"refusal-census":1,"supported-matrix":1,"witness-synthesize":2},"distinctCodes":188,"recordedRefusalSites":99},"entries":[{"code":"acquire.consent-not-declared","message":"Acquire: no consent id was declared, so this stage opened no socket. A fetch this repository makes is stamped with the purpose-bound consent it was made under and recorded against it; there is no unconsented fetch path. Declare it with --consent <id> or in VERSIONLESS_CONSENT_ID.","messageForm":"static","staticSegments":["Acquire: no consent id was declared, so this stage opened no socket. A fetch this repository makes is stamped with the purpose-bound consent it was made under and recorded against it; there is no unconsented fetch path. Declare it with --consent <id> or in VERSIONLESS_CONSENT_ID."],"classification":"refusal","condition":"consentId === null || consentId === ''","conditionForm":"if-consequent","origin":"pipeline","stage":"acquire","stageBasis":"the acquire stage fetches an application source under consent through this module.","file":"packages/cli/src/operator/acquire.ts","line":209,"enclosing":"resolveConsentId"},{"code":"acquire.network-mode-not-consented","message":"Acquire: VERSIONLESS_NETWORK_MODE is not `consented`, so the host has not been told this process may reach the network. A consent id declares what a fetch is for; the network mode declares that a fetch may happen at all, and this stage requires both.","messageForm":"static","staticSegments":["Acquire: VERSIONLESS_NETWORK_MODE is not `consented`, so the host has not been told this process may reach the network. A consent id declares what a fetch is for; the network mode declares that a fetch may happen at all, and this stage requires both."],"classification":"refusal","condition":"environment.VERSIONLESS_NETWORK_MODE !== 'consented'","conditionForm":"if-consequent","origin":"pipeline","stage":"acquire","stageBasis":"the acquire stage fetches an application source under consent through this module.","file":"packages/cli/src/operator/acquire.ts","line":217,"enclosing":"resolveConsentId"},{"code":"acquire.repository-not-owner-name","message":"Acquire: ${repository === '' ? '<empty>' : repository} is not an owner/name repository. This stage fetches a named repository at a named ref; it does not resolve a bare name, a URL, or a local path.","messageForm":"composed","staticSegments":["Acquire:","is not an owner/name repository. This stage fetches a named repository at a named ref; it does not resolve a bare name, a URL, or a local path."],"classification":"refusal","condition":"parts.length !== 2 || owner === '' || name === ''","conditionForm":"if-consequent","origin":"pipeline","stage":"acquire","stageBasis":"the acquire stage fetches an application source under consent through this module.","file":"packages/cli/src/operator/acquire.ts","line":233,"enclosing":"splitRepository"},{"code":"acquire.identifier-not-declared","message":"Acquire: no --id was declared. The identifier keys the cache, the work tree and the published record, and deriving one from a repository name would make two different pins of the same repository collide. Declare it with --id <identifier>.","messageForm":"static","staticSegments":["Acquire: no --id was declared. The identifier keys the cache, the work tree and the published record, and deriving one from a repository name would make two different pins of the same repository collide. Declare it with --id <identifier>."],"classification":"refusal","condition":"declared === null || declared === ''","conditionForm":"if-consequent","origin":"pipeline","stage":"acquire","stageBasis":"the acquire stage fetches an application source under consent through this module.","file":"packages/cli/src/operator/acquire.ts","line":245,"enclosing":"resolveIdentifier"},{"code":"acquire.licence-absent-at-pin","message":"Acquire: the source root at the pinned commit carries no licence file, so the terms this application is offered under are not in the tree that was fetched. This stage does not acquire an application whose licence it never read. The license-at-pin stage said: ${refusal.message}","messageForm":"composed","staticSegments":["Acquire: the source root at the pinned commit carries no licence file, so the terms this application is offered under are not in the tree that was fetched. This stage does not acquire an application whose licence it never read. The license-at-pin stage said:"],"classification":"refusal","condition":"refusal.code === 'license-at-pin.licence-file-absent'","conditionForm":"if-consequent","origin":"pipeline","stage":"acquire","stageBasis":"the acquire stage fetches an application source under consent through this module.","file":"packages/cli/src/operator/acquire.ts","line":356,"enclosing":"readLicenceForAcquisition"},{"code":"acquire.ref-not-declared","message":"Acquire: no --ref was declared. This stage fetches a repository at a pin an operator named — a tag, a branch, or a 40-character commit sha — and it does not fetch a default branch on the operator’s behalf.","messageForm":"static","staticSegments":["Acquire: no --ref was declared. This stage fetches a repository at a pin an operator named — a tag, a branch, or a 40-character commit sha — and it does not fetch a default branch on the operator’s behalf."],"classification":"refusal","condition":"ref === null || ref === ''","conditionForm":"if-consequent","origin":"pipeline","stage":"acquire","stageBasis":"the acquire stage fetches an application source under consent through this module.","file":"packages/cli/src/operator/acquire.ts","line":395,"enclosing":"acquireApplicationSource"},{"code":"acquire.ref-not-resolvable","message":"Acquire: ${owner}/${name} did not resolve the ref ${ref} to an object. A pin this stage cannot resolve is refused rather than substituted with a branch head, a nearby tag, or the default branch.","messageForm":"composed","staticSegments":["Acquire:","/","did not resolve the ref","to an object. A pin this stage cannot resolve is refused rather than substituted with a branch head, a nearby tag, or the default branch."],"classification":"refusal","condition":"LOWER_HEX_40.test(ref)","conditionForm":"if-alternate","origin":"pipeline","stage":"acquire","stageBasis":"the acquire stage fetches an application source under consent through this module.","file":"packages/cli/src/operator/acquire.ts","line":446,"enclosing":"acquireApplicationSource"},{"code":"acquire.ref-not-resolvable-2","message":"Acquire: the ref ${ref} in ${owner}/${name} resolved to no 40-character object sha, so there is no commit to pin to. A pin this stage cannot resolve is refused rather than substituted.","messageForm":"composed","staticSegments":["Acquire: the ref","in","/","resolved to no 40-character object sha, so there is no commit to pin to. A pin this stage cannot resolve is refused rather than substituted."],"classification":"refusal","condition":"typeof objectSha !== 'string' || !LOWER_HEX_40.test(objectSha)","conditionForm":"if-consequent","origin":"pipeline","stage":"acquire","stageBasis":"the acquire stage fetches an application source under consent through this module.","file":"packages/cli/src/operator/acquire.ts","line":456,"enclosing":"acquireApplicationSource"},{"code":"acquire.ref-not-resolvable-3","message":"Acquire: the commit ${commitSha} in ${owner}/${name} carries no root tree sha, so there is nothing to reconcile the archive against. A pin this stage cannot resolve is refused rather than substituted.","messageForm":"composed","staticSegments":["Acquire: the commit","in","/","carries no root tree sha, so there is nothing to reconcile the archive against. A pin this stage cannot resolve is refused rather than substituted."],"classification":"refusal","condition":"typeof rootTreeSha !== 'string'","conditionForm":"if-consequent","origin":"pipeline","stage":"acquire","stageBasis":"the acquire stage fetches an application source under consent through this module.","file":"packages/cli/src/operator/acquire.ts","line":478,"enclosing":"acquireApplicationSource"},{"code":"acquire.git-tree-truncated","message":"Acquire: the recursive Git tree for ${rootTreeSha} came back truncated, so the archive cannot be reconciled against the whole tree. A partial reconciliation would report parity over the entries that happened to arrive, which is not a parity claim.","messageForm":"composed","staticSegments":["Acquire: the recursive Git tree for","came back truncated, so the archive cannot be reconciled against the whole tree. A partial reconciliation would report parity over the entries that happened to arrive, which is not a parity claim."],"classification":"refusal","condition":"tree.truncated === true","conditionForm":"if-consequent","origin":"pipeline","stage":"acquire","stageBasis":"the acquire stage fetches an application source under consent through this module.","file":"packages/cli/src/operator/acquire.ts","line":488,"enclosing":"acquireApplicationSource"},{"code":"acquire.archive-streams-differ","message":"Acquire: the ${String(ACQUIRE_ARCHIVE_STREAMS)} archive streams fetched at ${commitSha} are not byte-identical, so what this host received is not reproducible from the same request. Publishing either one would record a source nobody can re-fetch.","messageForm":"composed","staticSegments":["Acquire: the","archive streams fetched at","are not byte-identical, so what this host received is not reproducible from the same request. Publishing either one would record a source nobody can re-fetch."],"classification":"refusal","condition":"!archivesByteIdentical","conditionForm":"if-consequent","origin":"pipeline","stage":"acquire","stageBasis":"the acquire stage fetches an application source under consent through this module.","file":"packages/cli/src/operator/acquire.ts","line":517,"enclosing":"acquireApplicationSource"},{"code":"acquire.archive-root-not-single","message":"Acquire: the archive at ${commitSha} extracted to ${String(roots.length)} roots rather than one, so which directory is the application source is not something this stage reads. It does not pick one.","messageForm":"composed","staticSegments":["Acquire: the archive at","extracted to","roots rather than one, so which directory is the application source is not something this stage reads. It does not pick one."],"classification":"refusal","condition":"roots.length !== 1 || singleRoot === undefined","conditionForm":"if-consequent","origin":"pipeline","stage":"acquire","stageBasis":"the acquire stage fetches an application source under consent through this module.","file":"packages/cli/src/operator/acquire.ts","line":530,"enclosing":"acquireApplicationSource"},{"code":"acquire.archive-parity-differs","message":"Acquire: the archive at ${commitSha} does not reconcile with the Git tree at the same commit — ${String(parity.missingFiles)} missing, ${String(parity.extraFiles)} extra, ${String(parity.mismatchedBlobs)} mismatched of ${String(parity.gitBlobs)} blobs. These bytes are not the bytes ${owner}/${name} publishes at that revision, so nothing is published from them.","messageForm":"composed","staticSegments":["Acquire: the archive at","does not reconcile with the Git tree at the same commit —","missing,","extra,","mismatched of","blobs. These bytes are not the bytes","/","publishes at that revision, so nothing is published from them."],"classification":"refusal","condition":"!archiveMatchesGitTree(parity)","conditionForm":"if-consequent","origin":"pipeline","stage":"acquire","stageBasis":"the acquire stage fetches an application source under consent through this module.","file":"packages/cli/src/operator/acquire.ts","line":550,"enclosing":"acquireApplicationSource"},{"code":"acquire.no-accepted-responses","message":"Acquire: the transaction accepted no responses, so there is no durable ledger to publish a record against. An acquisition record with no accepted response is a record of nothing.","messageForm":"static","staticSegments":["Acquire: the transaction accepted no responses, so there is no durable ledger to publish a record against. An acquisition record with no accepted response is a record of nothing."],"classification":"refusal","condition":"first === undefined","conditionForm":"if-consequent","origin":"pipeline","stage":"acquire","stageBasis":"the acquire stage fetches an application source under consent through this module.","file":"packages/cli/src/operator/acquire.ts","line":565,"enclosing":"acquireApplicationSource"},{"code":"analyze.application-root-not-a-directory","message":"Application root is not a directory: ${root}","messageForm":"composed","staticSegments":["Application root is not a directory:"],"classification":"refusal","condition":"!(await directoryExists(root))","conditionForm":"if-consequent","origin":"pipeline","stage":"analyze","stageBasis":"the analyze stage reads the tree through this module.","file":"packages/cli/src/operator/analyze.ts","line":274,"enclosing":"assertApplicationRoot"},{"code":"analyze.application-root-carries-no-manifest","message":"Application root carries no package.json: ${root}","messageForm":"composed","staticSegments":["Application root carries no package.json:"],"classification":"refusal","condition":"!(await fileExists(path.join(root, 'package.json')))","conditionForm":"if-consequent","origin":"pipeline","stage":"analyze","stageBasis":"the analyze stage reads the tree through this module.","file":"packages/cli/src/operator/analyze.ts","line":281,"enclosing":"assertApplicationRoot"},{"code":"apply.lane-is-the-application-root","message":"migrate: --out must not be the application root.","messageForm":"static","staticSegments":["migrate: --out must not be the application root."],"classification":"refusal","condition":"application === lane","conditionForm":"if-consequent","origin":"pipeline","stage":"apply","stageBasis":"the apply stage writes the lane through this module.","file":"packages/cli/src/operator/apply.ts","line":50,"enclosing":"assertSeparateLane"},{"code":"apply.lane-inside-the-application","message":"migrate: --out is inside the application root (${laneInside}). The flow never writes into the tree it read.","messageForm":"composed","staticSegments":["migrate: --out is inside the application root (","). The flow never writes into the tree it read."],"classification":"refusal","condition":"laneInside !== '' && !laneInside.startsWith('..') && !path.isAbsolute(laneInside)","conditionForm":"if-consequent","origin":"pipeline","stage":"apply","stageBasis":"the apply stage writes the lane through this module.","file":"packages/cli/src/operator/apply.ts","line":58,"enclosing":"assertSeparateLane"},{"code":"apply.application-inside-the-lane","message":"migrate: the application root is inside --out. The flow never writes into the tree it read.","messageForm":"static","staticSegments":["migrate: the application root is inside --out. The flow never writes into the tree it read."],"classification":"refusal","condition":"applicationInside !== '' && !applicationInside.startsWith('..') && !path.isAbsolute(applicationInside)","conditionForm":"if-consequent","origin":"pipeline","stage":"apply","stageBasis":"the apply stage writes the lane through this module.","file":"packages/cli/src/operator/apply.ts","line":70,"enclosing":"assertSeparateLane"},{"code":"apply.lane-already-carries-files","message":"migrate: --out already carries ${String(entries.length)} entr${entries.length === 1 ? 'y' : 'ies'}. Point it at a new directory rather than have this flow overwrite one.","messageForm":"composed","staticSegments":["migrate: --out already carries","entr",". Point it at a new directory rather than have this flow overwrite one."],"classification":"refusal","condition":"entries.length > 0","conditionForm":"if-consequent","origin":"pipeline","stage":"apply","stageBasis":"the apply stage writes the lane through this module.","file":"packages/cli/src/operator/apply.ts","line":84,"enclosing":"assertEmptyLane"},{"code":"pipeline.apply.migrate-composed-digest-mismatch-for","message":"migrate: composed digest mismatch for ${entry.path}","messageForm":"composed","staticSegments":["migrate: composed digest mismatch for"],"classification":"defect","condition":"sha256(entry.source) !== entry.sha256After","conditionForm":"if-consequent","origin":"pipeline","stage":"apply","stageBasis":"the apply stage writes the lane through this module.","file":"packages/cli/src/operator/apply.ts","line":147,"enclosing":"applyPlan"},{"code":"batch.manifest-is-not-readable","message":"batch: ${source} is not readable as JSON. A manifest is a JSON document carrying `applications`, or a newline list of application roots.","messageForm":"composed","staticSegments":["batch:","is not readable as JSON. A manifest is a JSON document carrying `applications`, or a newline list of application roots."],"classification":"refusal","condition":"trimmed.startsWith('{') || trimmed.startsWith('[')","conditionForm":"if-consequent","origin":"pipeline","stage":"batch","stageBasis":"the batch flow reads the fleet it was handed here, before any application is invoked.","file":"packages/cli/src/operator/batch.ts","line":207,"enclosing":"parseManifest"},{"code":"batch.manifest-declares-no-applications","message":"batch: ${source} carries no `applications` array. This command has no fleet of its own to fall back to.","messageForm":"composed","staticSegments":["batch:","carries no `applications` array. This command has no fleet of its own to fall back to."],"classification":"refusal","condition":"!Array.isArray(entries)","conditionForm":"if-consequent","origin":"pipeline","stage":"batch","stageBasis":"the batch flow reads the fleet it was handed here, before any application is invoked.","file":"packages/cli/src/operator/batch.ts","line":218,"enclosing":"parseManifest"},{"code":"batch.manifest-entry-names-no-root","message":"batch: an entry in ${source} names no `root`. Every application in a manifest is a root this command can read.","messageForm":"composed","staticSegments":["batch: an entry in","names no `root`. Every application in a manifest is a root this command can read."],"classification":"refusal","condition":"root === null","conditionForm":"if-consequent","origin":"pipeline","stage":"batch","stageBasis":"the batch flow reads the fleet it was handed here, before any application is invoked.","file":"packages/cli/src/operator/batch.ts","line":231,"enclosing":"parseManifest"},{"code":"batch.manifest-declares-no-applications-2","message":"batch: ${source} lists no application roots. This command has no fleet of its own to fall back to.","messageForm":"composed","staticSegments":["batch:","lists no application roots. This command has no fleet of its own to fall back to."],"classification":"refusal","condition":"roots.length === 0","conditionForm":"if-consequent","origin":"pipeline","stage":"batch","stageBasis":"the batch flow reads the fleet it was handed here, before any application is invoked.","file":"packages/cli/src/operator/batch.ts","line":255,"enclosing":"parseManifest"},{"code":"batch.no-applications-declared","message":"batch: --apps <manifest-file> or --apps <application-root> is required, and may be repeated. This command carries no fleet in its own source.","messageForm":"static","staticSegments":["batch: --apps <manifest-file> or --apps <application-root> is required, and may be repeated. This command carries no fleet in its own source."],"classification":"refusal","condition":"entries.length === 0","conditionForm":"if-consequent","origin":"pipeline","stage":"batch","stageBasis":"the batch flow reads the fleet it was handed here, before any application is invoked.","file":"packages/cli/src/operator/batch.ts","line":285,"enclosing":"readFleet"},{"code":"batch.declared-application-is-not-readable","message":"batch: ${entry} is neither a manifest file nor a directory this command can read. A fleet entry names something on disk.","messageForm":"composed","staticSegments":["batch:","is neither a manifest file nor a directory this command can read. A fleet entry names something on disk."],"classification":"refusal","condition":"unconditional within readFleet","conditionForm":"unconditional","origin":"pipeline","stage":"batch","stageBasis":"the batch flow reads the fleet it was handed here, before any application is invoked.","file":"packages/cli/src/operator/batch.ts","line":302,"enclosing":"readFleet"},{"code":"build.lane-closure-absent","message":"Build: the lane carries no node_modules, so the build tool its manifest declares is not resolvable from the lane. Run the install stage first rather than have this stage build against the workspace closure instead of the lane closure.","messageForm":"static","staticSegments":["Build: the lane carries no node_modules, so the build tool its manifest declares is not resolvable from the lane. Run the install stage first rather than have this stage build against the workspace closure instead of the lane closure."],"classification":"refusal","condition":"!(await directoryExists(path.join(laneDir, 'node_modules')))","conditionForm":"if-consequent","origin":"pipeline","stage":"build","stageBasis":"the build stage runs the lane build through this module.","file":"packages/cli/src/operator/build.ts","line":52,"enclosing":"planLaneBuild"},{"code":"build.no-build-script","message":"Build: the lane's package.json declares no build script, so there is no command to run. The lane composition rewrites that script; a lane without one was not composed by this flow.","messageForm":"static","staticSegments":["Build: the lane's package.json declares no build script, so there is no command to run. The lane composition rewrites that script; a lane without one was not composed by this flow."],"classification":"refusal","condition":"typeof script !== 'string' || script.trim() === ''","conditionForm":"if-consequent","origin":"pipeline","stage":"build","stageBasis":"the build stage runs the lane build through this module.","file":"packages/cli/src/operator/build.ts","line":63,"enclosing":"planLaneBuild"},{"code":"build.configuration-absent","message":"Build: the lane carries no ${configuration}, so the generated build configuration this stage runs against is missing. The lane composition writes it; a lane without one was not composed by this flow.","messageForm":"composed","staticSegments":["Build: the lane carries no",", so the generated build configuration this stage runs against is missing. The lane composition writes it; a lane without one was not composed by this flow."],"classification":"refusal","condition":"!(await fileInLane(laneDir, configuration))","conditionForm":"if-consequent","origin":"pipeline","stage":"build","stageBasis":"the build stage runs the lane build through this module.","file":"packages/cli/src/operator/build.ts","line":71,"enclosing":"planLaneBuild"},{"code":"pipeline.build.build","message":"build: ${plan.command.join(' ')} failed in the lane. This is a defect rather than a refusal: the lane was composed and installed and the build still did not complete. ${detail}","messageForm":"composed","staticSegments":["build:","failed in the lane. This is a defect rather than a refusal: the lane was composed and installed and the build still did not complete."],"classification":"defect","condition":"unconditional within runLaneBuild","conditionForm":"unconditional","origin":"pipeline","stage":"build","stageBasis":"the build stage runs the lane build through this module.","file":"packages/cli/src/operator/build.ts","line":147,"enclosing":"runLaneBuild"},{"code":"era-cell.declared-cell-not-described","message":"Era cell: --cell ${declarations.cell} names a cell this stage carries no description of. The cells it describes are ${DESCRIBED_CELLS.map((cell) => cell.id).join(', ')}. A cell nobody described has no Node line to read, and this stage does not infer one from an identifier.","messageForm":"composed","staticSegments":["Era cell: --cell","names a cell this stage carries no description of. The cells it describes are",". A cell nobody described has no Node line to read, and this stage does not infer one from an identifier."],"classification":"refusal","condition":"declared === null","conditionForm":"if-consequent","origin":"pipeline","stage":"era-cell","stageBasis":"the era-cell stage determines the toolchain cell and reads what this host can supply here.","file":"packages/cli/src/operator/era-cell.ts","line":1138,"enclosing":"requiredCellOf"},{"code":"era-cell.declared-node-not-a-version","message":"Era cell: --node ${declarations.node} does not read as a Node major or a Node version. This stage installs a runtime by major line, so a declaration it cannot read a major out of is refused rather than resolved into one.","messageForm":"composed","staticSegments":["Era cell: --node","does not read as a Node major or a Node version. This stage installs a runtime by major line, so a declaration it cannot read a major out of is refused rather than resolved into one."],"classification":"refusal","condition":"major === null","conditionForm":"if-consequent","origin":"pipeline","stage":"era-cell","stageBasis":"the era-cell stage determines the toolchain cell and reads what this host can supply here.","file":"packages/cli/src/operator/era-cell.ts","line":1208,"enclosing":"establishEraCell"},{"code":"era-cell.node-major-sources-disagree","message":"Era cell: this tree names ${String(distinct.length)} different Node major lines (${distinct.join(', ')}) in ${String(named.length)} of its own declarations — ${named.map(renderNodeMajorSource).join('; ')}. Which one the application was built inside is not something a precedence order settles when the sources contradict each other, so this stage reads none of them; declare it with --node <major>. Every source consulted: ${consulted.map(renderNodeMajorSource).join('; ')}.","messageForm":"composed","staticSegments":["Era cell: this tree names","different Node major lines (",") in","of its own declarations —",". Which one the application was built inside is not something a precedence order settles when the sources contradict each other, so this stage reads none of them; declare it with --node <major>. Every source consulted:","."],"classification":"refusal","condition":"distinct.length > 1","conditionForm":"if-consequent","origin":"pipeline","stage":"era-cell","stageBasis":"the era-cell stage determines the toolchain cell and reads what this host can supply here.","file":"packages/cli/src/operator/era-cell.ts","line":1256,"enclosing":"establishEraCell"},{"code":"era-cell.cell-not-declared-for-framework","message":"Era cell: the ${analysis.lineage} lineage publishes no target-cell registry this stage can read a Node line out of — ${analysis.cellReadings.reason ?? 'no cell was published for this tree'} — and the tree declares no Node era of its own in .nvmrc, .node-version, package.json#volta.node, .tool-versions, any Dockerfile* FROM a node image, any .github/workflows node-version, or package.json#engines.node. Nothing here names the toolchain era the install stage would run inside; declare it with --cell <id> or --node <major>.","messageForm":"composed","staticSegments":["Era cell: the","lineage publishes no target-cell registry this stage can read a Node line out of —","— and the tree declares no Node era of its own in .nvmrc, .node-version, package.json#volta.node, .tool-versions, any Dockerfile* FROM a node image, any .github/workflows node-version, or package.json#engines.node. Nothing here names the toolchain era the install stage would run inside; declare it with --cell <id> or --node <major>."],"classification":"refusal","condition":"stated.length === 0","conditionForm":"if-consequent","origin":"pipeline","stage":"era-cell","stageBasis":"the era-cell stage determines the toolchain cell and reads what this host can supply here.","file":"packages/cli/src/operator/era-cell.ts","line":1301,"enclosing":"establishEraCell"},{"code":"era-cell.node-major-not-inferable","message":"Era cell: ${String(stated.length)} declaration(s) in this tree state a Node line and none of them names exactly one major this stage reads — ${consulted.map(renderNodeMajorSource).join('; ')}. A range with an open lower bound names every major above it, a matrix names several, and a floating image tag names whatever it resolves to today rather than what the authors ran; none of those is a reading, and this stage picks from none of them. Declare the era with --node <major>.","messageForm":"composed","staticSegments":["Era cell:","declaration(s) in this tree state a Node line and none of them names exactly one major this stage reads —",". A range with an open lower bound names every major above it, a matrix names several, and a floating image tag names whatever it resolves to today rather than what the authors ran; none of those is a reading, and this stage picks from none of them. Declare the era with --node <major>."],"classification":"refusal","condition":"lane === undefined","conditionForm":"if-consequent","origin":"pipeline","stage":"era-cell","stageBasis":"the era-cell stage determines the toolchain cell and reads what this host can supply here.","file":"packages/cli/src/operator/era-cell.ts","line":1307,"enclosing":"establishEraCell"},{"code":"era-cell.declared-range-excludes-the-lane-runtime","message":"Era cell: this application declares engines.node ${declaredRange ?? ''} in package.json#engines.node, and the runtime the install and build stages would run the lane in is Node ${String(reading.runningNodeMajor)} (${reading.runningNodeVersion}), which that range does not admit. The lane is not installed in a runtime the application's own manifest excludes; declare the runtime with --node <major> if the range is stale, or provide a runtime the range admits.","messageForm":"composed","staticSegments":["Era cell: this application declares engines.node","in package.json#engines.node, and the runtime the install and build stages would run the lane in is Node","(","), which that range does not admit. The lane is not installed in a runtime the application's own manifest excludes; declare the runtime with --node <major> if the range is stale, or provide a runtime the range admits."],"classification":"refusal","condition":"satisfied === false","conditionForm":"if-consequent","origin":"pipeline","stage":"era-cell","stageBasis":"the era-cell stage determines the toolchain cell and reads what this host can supply here.","file":"packages/cli/src/operator/era-cell.ts","line":1325,"enclosing":"establishEraCell"},{"code":"era-cell.declared-architecture-not-recognised","message":"Era cell: --arch ${declarations.architecture} is not one of ${ARCHITECTURES.join(', ')}. This stage matches a runtime by architecture, and an architecture it does not recognise matches nothing rather than matching everything.","messageForm":"composed","staticSegments":["Era cell: --arch","is not one of",". This stage matches a runtime by architecture, and an architecture it does not recognise matches nothing rather than matching everything."],"classification":"refusal","condition":"!ARCHITECTURES.includes(declarations.architecture)","conditionForm":"if-consequent","origin":"pipeline","stage":"era-cell","stageBasis":"the era-cell stage determines the toolchain cell and reads what this host can supply here.","file":"packages/cli/src/operator/era-cell.ts","line":1362,"enclosing":"establishEraCell"},{"code":"era-cell.arch-not-available","message":"Era cell: the cell requires a Node ${String(nodeMajor)} runtime at ${architecture} and this host is ${reading.platform}-${reading.architecture}. The requirement is read rather than assumed: ${sentence(architectureBasis)} ${translation === null ? `No translation of ${architecture} is available on ${reading.platform}-${reading.architecture}, so there is no remedy available on this host.` : `${translation} can translate ${architecture} here, but no ${architecture} Node ${String(nodeMajor)} runtime is present at any location this stage reads (${reading.suppliers.join(', ')}), and this stage opens no network to obtain one.`} The install this cell would run inside is refused before it is attempted rather than after it fails.","messageForm":"composed","staticSegments":["Era cell: the cell requires a Node","runtime at","and this host is","-",". The requirement is read rather than assumed:","The install this cell would run inside is refused before it is attempted rather than after it fails."],"classification":"refusal","condition":"candidates.length === 0 && architecture !== reading.architecture","conditionForm":"if-consequent","origin":"pipeline","stage":"era-cell","stageBasis":"the era-cell stage determines the toolchain cell and reads what this host can supply here.","file":"packages/cli/src/operator/era-cell.ts","line":1424,"enclosing":"establishEraCell"},{"code":"era-cell.required-node-not-installed","message":"Era cell: the cell requires Node ${String(nodeMajor)} on ${reading.platform}-${architecture} and no such runtime is present at any location this stage reads (${reading.suppliers.join(', ')}). The runtimes it found are ${reading.installed.length === 0 ? 'none' : reading.installed .map( (runtime) => `${runtime.version} ${runtime.platform}-${runtime.architecture} (${runtime.supplier})`, ) .join(', ')}. This stage opens no network, so a runtime this host does not already carry is a refusal rather than a fetch.","messageForm":"composed","staticSegments":["Era cell: the cell requires Node","on","-","and no such runtime is present at any location this stage reads (","). The runtimes it found are",". This stage opens no network, so a runtime this host does not already carry is a refusal rather than a fetch."],"classification":"refusal","condition":"candidates.length === 0","conditionForm":"if-consequent","origin":"pipeline","stage":"era-cell","stageBasis":"the era-cell stage determines the toolchain cell and reads what this host can supply here.","file":"packages/cli/src/operator/era-cell.ts","line":1435,"enclosing":"establishEraCell"},{"code":"arguments.unknown-flag","message":"${command}: unknown flag ${arg}. Accepted flags: ${[...valueFlags, ...booleanFlags].sort().join(', ')}","messageForm":"composed","staticSegments":[": unknown flag",". Accepted flags:"],"classification":"refusal","condition":"!valueFlags.includes(arg)","conditionForm":"if-consequent","origin":"pipeline","stage":"arguments","stageBasis":"the command surface parses and validates arguments here before any stage runs.","file":"packages/cli/src/operator/flows.ts","line":372,"enclosing":"parseOperatorArguments"},{"code":"arguments.flag-requires-a-value","message":"${command}: ${arg} requires a value","messageForm":"composed","staticSegments":[":","requires a value"],"classification":"refusal","condition":"value === undefined || value.startsWith('--')","conditionForm":"if-consequent","origin":"pipeline","stage":"arguments","stageBasis":"the command surface parses and validates arguments here before any stage runs.","file":"packages/cli/src/operator/flows.ts","line":380,"enclosing":"parseOperatorArguments"},{"code":"arguments.wrong-positional-count","message":"${expected === 0 ? `${command}: takes no positional arguments, received ${String(positional.length)}` : repositoryPositional ? `${command}: exactly one owner/name repository is required, received ${String(positional.length)}` : `${command}: exactly one application root is required, received ${String(positional.length)}`}","messageForm":"composed","staticSegments":[],"classification":"refusal","condition":"positional.length !== expected","conditionForm":"if-consequent","origin":"pipeline","stage":"arguments","stageBasis":"the command surface parses and validates arguments here before any stage runs.","file":"packages/cli/src/operator/flows.ts","line":394,"enclosing":"parseOperatorArguments"},{"code":"arguments.single-value-flag-repeated","message":"${command}: ${flag} may be given at most once","messageForm":"composed","staticSegments":[":","may be given at most once"],"classification":"refusal","condition":"(flags[flag]?.length ?? 0) > 1","conditionForm":"if-consequent","origin":"pipeline","stage":"arguments","stageBasis":"the command surface parses and validates arguments here before any stage runs.","file":"packages/cli/src/operator/flows.ts","line":407,"enclosing":"parseOperatorArguments"},{"code":"arguments.migrate-requires-an-output-lane","message":"migrate: --out <dir> is required; this flow never writes in place","messageForm":"static","staticSegments":["migrate: --out <dir> is required; this flow never writes in place"],"classification":"refusal","condition":"command === 'migrate' && flags['--out'] === undefined","conditionForm":"if-consequent","origin":"pipeline","stage":"arguments","stageBasis":"the command surface parses and validates arguments here before any stage runs.","file":"packages/cli/src/operator/flows.ts","line":414,"enclosing":"parseOperatorArguments"},{"code":"arguments.batch-requires-an-output-lane-root","message":"batch: --out <lane-root> is required; every application in a fleet gets its own lane below it, and this flow never writes in place","messageForm":"static","staticSegments":["batch: --out <lane-root> is required; every application in a fleet gets its own lane below it, and this flow never writes in place"],"classification":"refusal","condition":"command === 'batch' && flags['--out'] === undefined","conditionForm":"if-consequent","origin":"pipeline","stage":"arguments","stageBasis":"the command surface parses and validates arguments here before any stage runs.","file":"packages/cli/src/operator/flows.ts","line":421,"enclosing":"parseOperatorArguments"},{"code":"arguments.run-requires-an-output-lane","message":"${command}: --out <dir> is required; this flow never writes in place","messageForm":"composed","staticSegments":[": --out <dir> is required; this flow never writes in place"],"classification":"refusal","condition":"(command === 'run' || command === 'intervention-count') && flags['--out'] === undefined","conditionForm":"if-consequent","origin":"pipeline","stage":"arguments","stageBasis":"the command surface parses and validates arguments here before any stage runs.","file":"packages/cli/src/operator/flows.ts","line":429,"enclosing":"parseOperatorArguments"},{"code":"ingest.acquisition-journal-not-source-bound","message":"Ingest: ${file} records the acquisition of this tree with result ${result ?? 'none'} rather than source-bound. Only a transaction that bound a source states a revision these bytes are pinned to, so this stage reads no pin out of it; declare the revision with --revision <commit-sha> if you know it by other means.","messageForm":"composed","staticSegments":["Ingest:","records the acquisition of this tree with result","rather than source-bound. Only a transaction that bound a source states a revision these bytes are pinned to, so this stage reads no pin out of it; declare the revision with --revision <commit-sha> if you know it by other means."],"classification":"refusal","condition":"result !== 'source-bound'","conditionForm":"if-consequent","origin":"pipeline","stage":"ingest","stageBasis":"the ingest stage admits an application source through this module.","file":"packages/cli/src/operator/ingest.ts","line":335,"enclosing":"revisionOfAcquisitionJournal"},{"code":"ingest.acquisition-journal-carries-no-consent","message":"Ingest: ${file} names no consentId, so nothing in it says under whose consent the network was opened. A journal without consent is not a reading this stage adopts a pin from.","messageForm":"composed","staticSegments":["Ingest:","names no consentId, so nothing in it says under whose consent the network was opened. A journal without consent is not a reading this stage adopts a pin from."],"classification":"refusal","condition":"consentId === null","conditionForm":"if-consequent","origin":"pipeline","stage":"ingest","stageBasis":"the ingest stage admits an application source through this module.","file":"packages/cli/src/operator/ingest.ts","line":343,"enclosing":"revisionOfAcquisitionJournal"},{"code":"ingest.acquisition-journal-carries-no-parity-basis","message":"Ingest: ${file} carries no parity basis — archiveMatchesGitTree ${String(matchesGitTree)}, archivesByteIdentical ${String(byteIdentical)}, archive manifest ${journalled ?? 'unrecorded'}. A journal that did not reconcile its archive against the Git tree the repository publishes establishes no relationship between these bytes and the commit it names, so this stage reads no pin out of it.","messageForm":"composed","staticSegments":["Ingest:","carries no parity basis — archiveMatchesGitTree",", archivesByteIdentical",", archive manifest",". A journal that did not reconcile its archive against the Git tree the repository publishes establishes no relationship between these bytes and the commit it names, so this stage reads no pin out of it."],"classification":"refusal","condition":"journalled === null || !matchesGitTree || !byteIdentical","conditionForm":"if-consequent","origin":"pipeline","stage":"ingest","stageBasis":"the ingest stage admits an application source through this module.","file":"packages/cli/src/operator/ingest.ts","line":354,"enclosing":"revisionOfAcquisitionJournal"},{"code":"ingest.acquisition-journal-revision-unreadable","message":"Ingest: ${file} records the revision ${commitSha ?? 'none'}, which is not a 40-character lower-case hexadecimal commit sha. The pin is what the licence reading and every later record are relative to, so an abbreviated or symbolic revision is refused rather than resolved into one.","messageForm":"composed","staticSegments":["Ingest:","records the revision",", which is not a 40-character lower-case hexadecimal commit sha. The pin is what the licence reading and every later record are relative to, so an abbreviated or symbolic revision is refused rather than resolved into one."],"classification":"refusal","condition":"commitSha === null || !lowerHex40.test(commitSha)","conditionForm":"if-consequent","origin":"pipeline","stage":"ingest","stageBasis":"the ingest stage admits an application source through this module.","file":"packages/cli/src/operator/ingest.ts","line":362,"enclosing":"revisionOfAcquisitionJournal"},{"code":"ingest.acquisition-journal-does-not-match-the-tree","message":"Ingest: ${file} journalled the manifest digest ${journalled} for the source it acquired, and the tree on disk walks to ${tree.normalizedManifestSha256}. These are not the same bytes, so the revision that journal names is not the revision this tree is sitting at; re-acquire the source, or declare the revision with --revision <commit-sha>.${walked === null ? '' : ` The tree walked was the enclosing acquisition tree at ${walked.acquisitionRoot}, which is what that journal is about.`}","messageForm":"composed","staticSegments":["Ingest:","journalled the manifest digest","for the source it acquired, and the tree on disk walks to",". These are not the same bytes, so the revision that journal names is not the revision this tree is sitting at; re-acquire the source, or declare the revision with --revision <commit-sha>."],"classification":"refusal","condition":"journalled !== tree.normalizedManifestSha256","conditionForm":"if-consequent","origin":"pipeline","stage":"ingest","stageBasis":"the ingest stage admits an application source through this module.","file":"packages/cli/src/operator/ingest.ts","line":369,"enclosing":"revisionOfAcquisitionJournal"},{"code":"ingest.declared-frontend-root-carries-no-manifest","message":"Ingest: --frontend-root ${declared} was declared and that directory carries no package.json. The frontend root is where the application's own manifest lives; this stage does not look elsewhere for it.","messageForm":"composed","staticSegments":["Ingest: --frontend-root","was declared and that directory carries no package.json. The frontend root is where the application's own manifest lives; this stage does not look elsewhere for it."],"classification":"refusal","condition":"!(await fileExists(path.join(sourceRoot, declared, 'package.json')))","conditionForm":"if-consequent","origin":"pipeline","stage":"ingest","stageBasis":"the ingest stage admits an application source through this module.","file":"packages/cli/src/operator/ingest.ts","line":526,"enclosing":"readFrontendRoot"},{"code":"ingest.frontend-root-lineage-ambiguous","message":"Ingest: ${String(declaring.length)} of the directories considered declare a framework this stage reads, so which one is the application is not something this stage reads: ${basis}. Declare it with --frontend-root <dir>.","messageForm":"composed","staticSegments":["Ingest:","of the directories considered declare a framework this stage reads, so which one is the application is not something this stage reads:",". Declare it with --frontend-root <dir>."],"classification":"refusal","condition":"declaring.length > 1","conditionForm":"if-consequent","origin":"pipeline","stage":"ingest","stageBasis":"the ingest stage admits an application source through this module.","file":"packages/cli/src/operator/ingest.ts","line":548,"enclosing":"readFrontendRoot"},{"code":"ingest.frontend-root-not-found","message":"Ingest: neither ${sourceRoot} nor any of its immediate subdirectories carries a package.json, so this stage found no frontend to admit. Declare the directory with --frontend-root <dir> if the manifest sits deeper than one level.","messageForm":"composed","staticSegments":["Ingest: neither","nor any of its immediate subdirectories carries a package.json, so this stage found no frontend to admit. Declare the directory with --frontend-root <dir> if the manifest sits deeper than one level."],"classification":"refusal","condition":"candidates.length === 0","conditionForm":"if-consequent","origin":"pipeline","stage":"ingest","stageBasis":"the ingest stage admits an application source through this module.","file":"packages/cli/src/operator/ingest.ts","line":555,"enclosing":"readFrontendRoot"},{"code":"ingest.frontend-root-ambiguous","message":"Ingest: ${String(subdirectories.length)} immediate subdirectories carry a package.json (${subdirectories .map((candidate) => candidate.directory) .join(', ')}), so which one is the application is not something this stage reads. Declare it with --frontend-root <dir>.","messageForm":"composed","staticSegments":["Ingest:","immediate subdirectories carry a package.json (","), so which one is the application is not something this stage reads. Declare it with --frontend-root <dir>."],"classification":"refusal","condition":"subdirectories.length > 1","conditionForm":"if-consequent","origin":"pipeline","stage":"ingest","stageBasis":"the ingest stage admits an application source through this module.","file":"packages/cli/src/operator/ingest.ts","line":563,"enclosing":"readFrontendRoot"},{"code":"ingest.frontend-root-declares-no-framework","message":"Ingest: none of the directories considered declares react, next or angular, so this stage read no frontend to admit: ${basis}. A directory carrying a manifest is not a frontend; declare the one that is with --frontend-root <dir>.","messageForm":"composed","staticSegments":["Ingest: none of the directories considered declares react, next or angular, so this stage read no frontend to admit:",". A directory carrying a manifest is not a frontend; declare the one that is with --frontend-root <dir>."],"classification":"refusal","condition":"unconditional within readFrontendRoot","conditionForm":"unconditional","origin":"pipeline","stage":"ingest","stageBasis":"the ingest stage admits an application source through this module.","file":"packages/cli/src/operator/ingest.ts","line":571,"enclosing":"readFrontendRoot"},{"code":"ingest.source-root-not-a-directory","message":"Ingest: the application source ${sourceRoot} is not a directory. This stage reads a source that is already on disk; it does not acquire one.","messageForm":"composed","staticSegments":["Ingest: the application source","is not a directory. This stage reads a source that is already on disk; it does not acquire one."],"classification":"refusal","condition":"!(await directoryExists(sourceRoot))","conditionForm":"if-consequent","origin":"pipeline","stage":"ingest","stageBasis":"the ingest stage admits an application source through this module.","file":"packages/cli/src/operator/ingest.ts","line":607,"enclosing":"ingestApplicationSource"},{"code":"ingest.frontend-manifest-unreadable","message":"Ingest: ${path.join(frontendRoot, 'package.json')} is not readable as a JSON object, so nothing about this application's identity or its declared dependencies can be read from it.","messageForm":"composed","staticSegments":["Ingest:","is not readable as a JSON object, so nothing about this application's identity or its declared dependencies can be read from it."],"classification":"refusal","condition":"manifest === null","conditionForm":"if-consequent","origin":"pipeline","stage":"ingest","stageBasis":"the ingest stage admits an application source through this module.","file":"packages/cli/src/operator/ingest.ts","line":623,"enclosing":"ingestApplicationSource"},{"code":"ingest.identifier-not-determined","message":"Ingest: ${frontendManifestPath} declares no name, so this application has no identity this stage read. The directory it happens to sit in is not an identity, and this flow does not use one as a substitute; declare it with --id <identifier>.","messageForm":"composed","staticSegments":["Ingest:","declares no name, so this application has no identity this stage read. The directory it happens to sit in is not an identity, and this flow does not use one as a substitute; declare it with --id <identifier>."],"classification":"refusal","condition":"journalled === null","conditionForm":"if-consequent","origin":"pipeline","stage":"ingest","stageBasis":"the ingest stage admits an application source through this module.","file":"packages/cli/src/operator/ingest.ts","line":670,"enclosing":"ingestApplicationSource"},{"code":"ingest.declared-revision-is-not-a-commit-sha","message":"Ingest: --revision ${commitSha} is not a 40-character lower-case hexadecimal commit sha. The pin is what the licence reading and every later record are relative to, so an abbreviated or symbolic revision is refused rather than resolved into one.","messageForm":"composed","staticSegments":["Ingest: --revision","is not a 40-character lower-case hexadecimal commit sha. The pin is what the licence reading and every later record are relative to, so an abbreviated or symbolic revision is refused rather than resolved into one."],"classification":"refusal","condition":"!lowerHex40.test(commitSha)","conditionForm":"if-consequent","origin":"pipeline","stage":"ingest","stageBasis":"the ingest stage admits an application source through this module.","file":"packages/cli/src/operator/ingest.ts","line":688,"enclosing":"ingestApplicationSource"},{"code":"ingest.revision-not-determined","message":"Ingest: ${sourceRoot} carries no readable Git metadata and no acquisition journal of this pipeline's own names it, so the revision this source is pinned to is not something this stage read. An unpinned source has no revision for the licence reading or any later record to be relative to; declare it with --revision <commit-sha>.","messageForm":"composed","staticSegments":["Ingest:","carries no readable Git metadata and no acquisition journal of this pipeline's own names it, so the revision this source is pinned to is not something this stage read. An unpinned source has no revision for the licence reading or any later record to be relative to; declare it with --revision <commit-sha>."],"classification":"refusal","condition":"read === null","conditionForm":"if-consequent","origin":"pipeline","stage":"ingest","stageBasis":"the ingest stage admits an application source through this module.","file":"packages/cli/src/operator/ingest.ts","line":713,"enclosing":"ingestApplicationSource"},{"code":"ingest.declared-lockfile-absent","message":"Ingest: --lockfile ${lockfile} was declared and ${path.join(frontendRoot, lockfile)} does not exist. This stage reads the closure the declared lockfile pins; it does not fall back to another one.","messageForm":"composed","staticSegments":["Ingest: --lockfile","was declared and","does not exist. This stage reads the closure the declared lockfile pins; it does not fall back to another one."],"classification":"refusal","condition":"!(await fileExists(path.join(frontendDirectory, lockfile)))","conditionForm":"if-consequent","origin":"pipeline","stage":"ingest","stageBasis":"the ingest stage admits an application source through this module.","file":"packages/cli/src/operator/ingest.ts","line":731,"enclosing":"ingestApplicationSource"},{"code":"ingest.lockfile-closure-unreadable","message":"Ingest: ${path.join(frontendRoot, lockfile)} could not be read as a dependency closure — ${error instanceof Error ? error.message : String(error)}. A lockfile whose shape this reading does not recognise is refused rather than recorded as a closure it is not.","messageForm":"composed","staticSegments":["Ingest:","could not be read as a dependency closure —",". A lockfile whose shape this reading does not recognise is refused rather than recorded as a closure it is not."],"classification":"refusal","condition":"lockfile !== null","conditionForm":"if-consequent","origin":"pipeline","stage":"ingest","stageBasis":"the ingest stage admits an application source through this module.","file":"packages/cli/src/operator/ingest.ts","line":762,"enclosing":"ingestApplicationSource"},{"code":"install.install-script-policy-conflicts","message":"Install: the install-script allowance and the install-script skip were both declared. They are opposite policies and this flow does not pick between two declarations.","messageForm":"static","staticSegments":["Install: the install-script allowance and the install-script skip were both declared. They are opposite policies and this flow does not pick between two declarations."],"classification":"refusal","condition":"policy.allowInstallScripts && policy.skipInstallScripts","conditionForm":"if-consequent","origin":"pipeline","stage":"install","stageBasis":"the install stage resolves the lane closure through this module.","file":"packages/cli/src/operator/install.ts","line":177,"enclosing":"planLaneInstall"},{"code":"install.network-not-permitted","message":"Install: VERSIONLESS_NETWORK_MODE is offline, so this stage may not reach a registry. No closure was resolved and nothing was installed.","messageForm":"static","staticSegments":["Install: VERSIONLESS_NETWORK_MODE is offline, so this stage may not reach a registry. No closure was resolved and nothing was installed."],"classification":"refusal","condition":"environment.VERSIONLESS_NETWORK_MODE === 'offline'","conditionForm":"if-consequent","origin":"pipeline","stage":"install","stageBasis":"the install stage resolves the lane closure through this module.","file":"packages/cli/src/operator/install.ts","line":185,"enclosing":"planLaneInstall"},{"code":"install.package-manager-not-npm","message":"Install: the lane carries ${name}, so its closure is pinned by ${FOREIGN_LOCKFILES[name] ?? 'another package manager'}. The two policies this stage carries — the remote-tarball allowance and the install-script allowance — are npm policies, and this flow does not translate them onto another package manager.","messageForm":"composed","staticSegments":["Install: the lane carries",", so its closure is pinned by",". The two policies this stage carries — the remote-tarball allowance and the install-script allowance — are npm policies, and this flow does not translate them onto another package manager."],"classification":"refusal","condition":"await fileExists(path.join(laneDir, name))","conditionForm":"if-consequent","origin":"pipeline","stage":"install","stageBasis":"the install stage resolves the lane closure through this module.","file":"packages/cli/src/operator/install.ts","line":194,"enclosing":"planLaneInstall"},{"code":"install.lockfile-absent","message":"Install: the lane carries none of ${NPM_LOCKFILES.join(', ')}, so there is no pinned closure to install. This flow installs a recorded closure rather than resolving a new one.","messageForm":"composed","staticSegments":["Install: the lane carries none of",", so there is no pinned closure to install. This flow installs a recorded closure rather than resolving a new one."],"classification":"refusal","condition":"lockfile === null","conditionForm":"if-consequent","origin":"pipeline","stage":"install","stageBasis":"the install stage resolves the lane closure through this module.","file":"packages/cli/src/operator/install.ts","line":204,"enclosing":"planLaneInstall"},{"code":"install.lockfile-unreadable","message":"Install: ${lockfile} is not readable as a JSON object, so the closure it pins cannot be read and no install policy can be checked against it.","messageForm":"composed","staticSegments":["Install:","is not readable as a JSON object, so the closure it pins cannot be read and no install policy can be checked against it."],"classification":"refusal","condition":"document === null","conditionForm":"if-consequent","origin":"pipeline","stage":"install","stageBasis":"the install stage resolves the lane closure through this module.","file":"packages/cli/src/operator/install.ts","line":212,"enclosing":"planLaneInstall"},{"code":"install.remote-tarball-policy-not-declared","message":"Install: the lockfile resolves ${String(findings.remoteTarballDependencies.length)} dependency(ies) from outside ${DEFAULT_REGISTRY_HOST}, first ${findings.remoteTarballDependencies[0] ?? ''}. Modern npm refuses those with EALLOWREMOTE unless the remote-tarball allowance is declared. Declare --allow-remote-tarballs to carry that policy; this flow does not take the allowance on an operator's behalf.","messageForm":"composed","staticSegments":["Install: the lockfile resolves","dependency(ies) from outside",", first",". Modern npm refuses those with EALLOWREMOTE unless the remote-tarball allowance is declared. Declare --allow-remote-tarballs to carry that policy; this flow does not take the allowance on an operator's behalf."],"classification":"refusal","condition":"findings.remoteTarballDependencies.length > 0 && !policy.allowRemoteTarballs","conditionForm":"if-consequent","origin":"pipeline","stage":"install","stageBasis":"the install stage resolves the lane closure through this module.","file":"packages/cli/src/operator/install.ts","line":220,"enclosing":"planLaneInstall"},{"code":"install.install-script-policy-not-declared","message":"Install: the lockfile declares ${String(findings.installScriptPackages.length)} package(s) carrying an install script, first ${findings.installScriptPackages[0] ?? ''}. Modern npm skips them by default, which produces a tree whose native build was never attempted. Declare --allow-install-scripts to run them or --skip-install-scripts to record the skip as a decision; this flow does not let the default stand unnamed.","messageForm":"composed","staticSegments":["Install: the lockfile declares","package(s) carrying an install script, first",". Modern npm skips them by default, which produces a tree whose native build was never attempted. Declare --allow-install-scripts to run them or --skip-install-scripts to record the skip as a decision; this flow does not let the default stand unnamed."],"classification":"refusal","condition":"findings.installScriptPackages.length > 0 && !policy.allowInstallScripts && !policy.skipInstallScripts","conditionForm":"if-consequent","origin":"pipeline","stage":"install","stageBasis":"the install stage resolves the lane closure through this module.","file":"packages/cli/src/operator/install.ts","line":231,"enclosing":"planLaneInstall"},{"code":"install.peer-resolution-policy-not-declared","message":"Install: npm refused the lane closure with ERESOLVE — a peer dependency conflict between the application's own era pins and the build toolchain the lane now declares. Declare --allow-peer-conflicts to install through it, which is a decision about what the lane's closure may be, or change what the lane declares. This flow does not take that decision on an operator's behalf.","messageForm":"static","staticSegments":["Install: npm refused the lane closure with ERESOLVE — a peer dependency conflict between the application's own era pins and the build toolchain the lane now declares. Declare --allow-peer-conflicts to install through it, which is a decision about what the lane's closure may be, or change what the lane declares. This flow does not take that decision on an operator's behalf."],"classification":"refusal","condition":"detail.includes('ERESOLVE') && !policy.allowPeerConflicts","conditionForm":"if-consequent","origin":"pipeline","stage":"install","stageBasis":"the install stage resolves the lane closure through this module.","file":"packages/cli/src/operator/install.ts","line":337,"enclosing":"runLaneInstall"},{"code":"pipeline.install.install","message":"install: ${plan.command.join(' ')} failed in the lane. This is a defect rather than a refusal: the declared policies were applied and the pinned closure still did not install. ${detail}","messageForm":"composed","staticSegments":["install:","failed in the lane. This is a defect rather than a refusal: the declared policies were applied and the pinned closure still did not install."],"classification":"defect","condition":"unconditional within runLaneInstall","conditionForm":"unconditional","origin":"pipeline","stage":"install","stageBasis":"the install stage resolves the lane closure through this module.","file":"packages/cli/src/operator/install.ts","line":343,"enclosing":"runLaneInstall"},{"code":"license-at-pin.licence-file-absent","message":"License at pin: the source root carries none of ${LICENCE_FILENAMES.join(', ')}, so there is no licence text to read at the pinned revision. This flow records the licence it observed rather than inferring one from a manifest field, and it does not admit an application whose terms it never read.","messageForm":"composed","staticSegments":["License at pin: the source root carries none of",", so there is no licence text to read at the pinned revision. This flow records the licence it observed rather than inferring one from a manifest field, and it does not admit an application whose terms it never read."],"classification":"refusal","condition":"found.length === 0","conditionForm":"if-consequent","origin":"pipeline","stage":"license-at-pin","stageBasis":"the license-at-pin stage reads the licence at the pinned source here; the ingest stage composes the same reading.","file":"packages/cli/src/operator/license.ts","line":309,"enclosing":"readLicenceAtPin"},{"code":"license-at-pin.root-licence-files-state-different-identifiers","message":"License at pin: the source root carries ${String(found.length)} licence files stating ${observed.join(' and ')}. Which one the application is offered under is a reading this flow will not make; declare it with --license <identifier> if the pinned source settles it, and this record will say the identifier was declared rather than observed.","messageForm":"composed","staticSegments":["License at pin: the source root carries","licence files stating",". Which one the application is offered under is a reading this flow will not make; declare it with --license <identifier> if the pinned source settles it, and this record will say the identifier was declared rather than observed."],"classification":"refusal","condition":"policy.declaredIdentifier === null && observed.length > 1","conditionForm":"if-consequent","origin":"pipeline","stage":"license-at-pin","stageBasis":"the license-at-pin stage reads the licence at the pinned source here; the ingest stage composes the same reading.","file":"packages/cli/src/operator/license.ts","line":364,"enclosing":"readLicenceAtPin"},{"code":"license-at-pin.identifier-not-recognised","message":"License at pin: ${found.join(', ')} is present at the pinned revision and its text matches none of the licences this stage reads verbatim (${LICENCE_SIGNATURES.map((signature) => signature.identifier).join(', ')}). A licence this flow cannot read is not a licence it will guess at; declare it with --license <identifier>, and this record will say the identifier was declared rather than observed.","messageForm":"composed","staticSegments":["License at pin:","is present at the pinned revision and its text matches none of the licences this stage reads verbatim (","). A licence this flow cannot read is not a licence it will guess at; declare it with --license <identifier>, and this record will say the identifier was declared rather than observed."],"classification":"refusal","condition":"policy.declaredIdentifier === null && single === null","conditionForm":"if-consequent","origin":"pipeline","stage":"license-at-pin","stageBasis":"the license-at-pin stage reads the licence at the pinned source here; the ingest stage composes the same reading.","file":"packages/cli/src/operator/license.ts","line":372,"enclosing":"readLicenceAtPin"},{"code":"license-at-pin.manifest-field-conflicts-with-licence-text","message":"License at pin: the licence text at the pinned revision reads ${single} and the manifest declares ${manifestLicenseField}. This flow does not pick between a file and a field that disagree; declare the identifier with --license <identifier> to settle it, and this record will say it was declared.","messageForm":"composed","staticSegments":["License at pin: the licence text at the pinned revision reads","and the manifest declares",". This flow does not pick between a file and a field that disagree; declare the identifier with --license <identifier> to settle it, and this record will say it was declared."],"classification":"refusal","condition":"policy.declaredIdentifier === null && manifestLicenseField !== null && single !== null && manifestLicenseField !== single","conditionForm":"if-consequent","origin":"pipeline","stage":"license-at-pin","stageBasis":"the license-at-pin stage reads the licence at the pinned source here; the ingest stage composes the same reading.","file":"packages/cli/src/operator/license.ts","line":384,"enclosing":"readLicenceAtPin"},{"code":"supported-matrix.trust-package-did-not-verify","message":"supported-matrix: the trust package did not verify; nothing is quotable.","messageForm":"static","staticSegments":["supported-matrix: the trust package did not verify; nothing is quotable."],"classification":"refusal","condition":"!trust.valid","conditionForm":"if-consequent","origin":"pipeline","stage":"supported-matrix","stageBasis":"the supported-matrix flow verifies trust and renders the matrix here.","file":"packages/cli/src/operator/matrix.ts","line":52,"enclosing":"readSupportedMatrix"},{"code":"plan.angular.no-workspace-document","message":"Angular plan: the application root carries neither angular.json nor .angular-cli.json, so there is no workspace document to migrate.","messageForm":"static","staticSegments":["Angular plan: the application root carries neither angular.json nor .angular-cli.json, so there is no workspace document to migrate."],"classification":"refusal","condition":"workspaceConfigPath === null","conditionForm":"if-consequent","origin":"pipeline","stage":"plan","stageBasis":"the plan stage composes the changeset through this module.","file":"packages/cli/src/operator/plan.ts","line":161,"enclosing":"composeAngularPlan"},{"code":"plan.angular.no-declared-source-root","message":"Angular plan: ${workspaceConfigPath} declares no sourceRoot for a build target, so the application source directories are unknown. Supply --source-dir <dir> (repeatable) rather than have this flow guess.","messageForm":"composed","staticSegments":["Angular plan:","declares no sourceRoot for a build target, so the application source directories are unknown. Supply --source-dir <dir> (repeatable) rather than have this flow guess."],"classification":"refusal","condition":"sourceDirectories.length === 0","conditionForm":"if-consequent","origin":"pipeline","stage":"plan","stageBasis":"the plan stage composes the changeset through this module.","file":"packages/cli/src/operator/plan.ts","line":173,"enclosing":"composeAngularPlan"},{"code":"plan.angular.source-directory-escapes-the-application-root","message":"Angular plan: source directory escapes the application root: ${directory}","messageForm":"composed","staticSegments":["Angular plan: source directory escapes the application root:"],"classification":"refusal","condition":"path.isAbsolute(directory) || directory.startsWith('..')","conditionForm":"if-consequent","origin":"pipeline","stage":"plan","stageBasis":"the plan stage composes the changeset through this module.","file":"packages/cli/src/operator/plan.ts","line":185,"enclosing":"composeAngularPlan"},{"code":"plan.angular.no-tsconfig","message":"Angular plan: the application root carries no tsconfig.json.","messageForm":"static","staticSegments":["Angular plan: the application root carries no tsconfig.json."],"classification":"refusal","condition":"tsConfigPath === null","conditionForm":"if-consequent","origin":"pipeline","stage":"plan","stageBasis":"the plan stage composes the changeset through this module.","file":"packages/cli/src/operator/plan.ts","line":196,"enclosing":"composeAngularPlan"},{"code":"plan.react.no-entry-document-template","message":"React plan: this create-react-app tree carries no public/index.html, so the adapter has no entry-document template to derive from.","messageForm":"static","staticSegments":["React plan: this create-react-app tree carries no public/index.html, so the adapter has no entry-document template to derive from."],"classification":"refusal","condition":"!(await fileExists(template))","conditionForm":"if-consequent","origin":"frozen-adapter","stage":"plan","stageBasis":"the plan stage composes the changeset through this module.","file":"packages/cli/src/operator/plan.ts","line":310,"enclosing":"composeReactPlan"},{"code":"plan.react.entry-module-unknown","message":"React plan: none of ${CRA_ENTRY_MODULES.join(', ')} exists, so the application entry module is unknown. Supply --entry <module> rather than have this flow guess.","messageForm":"composed","staticSegments":["React plan: none of","exists, so the application entry module is unknown. Supply --entry <module> rather than have this flow guess."],"classification":"refusal","condition":"entryModule === null","conditionForm":"if-consequent","origin":"pipeline","stage":"plan","stageBasis":"the plan stage composes the changeset through this module.","file":"packages/cli/src/operator/plan.ts","line":323,"enclosing":"composeReactPlan"},{"code":"plan.react.no-frozen-adapter-claims-this-tree","message":"React plan: this tree declares neither react-scripts nor a Vite configuration, so no frozen React adapter claims it. This flow refuses rather than guessing an origin toolchain.","messageForm":"static","staticSegments":["React plan: this tree declares neither react-scripts nor a Vite configuration, so no frozen React adapter claims it. This flow refuses rather than guessing an origin toolchain."],"classification":"refusal","condition":"unconditional within composeReactPlan","conditionForm":"unconditional","origin":"frozen-adapter","stage":"plan","stageBasis":"the plan stage composes the changeset through this module.","file":"packages/cli/src/operator/plan.ts","line":394,"enclosing":"composeReactPlan"},{"code":"plan.lineage-no-frozen-adapter-claims","message":"Plan: no frozen adapter claims the ${analysis.lineage} lineage detected at this root. React (create-react-app or Vite origin) and Angular are the lineages this repository publishes a migration engine for.","messageForm":"composed","staticSegments":["Plan: no frozen adapter claims the","lineage detected at this root. React (create-react-app or Vite origin) and Angular are the lineages this repository publishes a migration engine for."],"classification":"refusal","condition":"unconditional within planApplication","conditionForm":"unconditional","origin":"frozen-adapter","stage":"plan","stageBasis":"the plan stage composes the changeset through this module.","file":"packages/cli/src/operator/plan.ts","line":468,"enclosing":"planApplication"},{"code":"pipeline.refusal-census.refusal-census","message":"refusal-census: ${String(unlisted.length)} scanned file(s) raise refusals and are not declared in CENSUS_MODULES: ${unlisted.sort().join(', ')}. Declare the module and the basis for its stage reading rather than let the census drop the sites.","messageForm":"composed","staticSegments":["refusal-census:","scanned file(s) raise refusals and are not declared in CENSUS_MODULES:",". Declare the module and the basis for its stage reading rather than let the census drop the sites."],"classification":"defect","condition":"unlisted.length > 0","conditionForm":"if-consequent","origin":"pipeline","stage":"refusal-census","stageBasis":"the census flow derives this document here.","file":"packages/cli/src/operator/refusal-census.ts","line":707,"enclosing":"buildRefusalCensus"},{"code":"pipeline.run.run-the-apply-stage-was-reached-without-a-plan-this-is-a-defect-","message":"run: the apply stage was reached without a plan. This is a defect in the chaining rather than a refusal: the stage order guarantees a plan before an apply.","messageForm":"static","staticSegments":["run: the apply stage was reached without a plan. This is a defect in the chaining rather than a refusal: the stage order guarantees a plan before an apply."],"classification":"defect","condition":"planned === null || analysis === null","conditionForm":"if-consequent","origin":"pipeline","stage":"arguments","stageBasis":"the run flow composes every stage in order here; what it raises of its own is about the chaining, before any stage decides anything.","file":"packages/cli/src/operator/run.ts","line":459,"enclosing":"applied"},{"code":"witness-synthesize.no-journey-derived","message":"witness-synthesize: ${path.relative(process.cwd(), root) || '.'} yields no witness journey. Its ${String(cypress.specFiles.length + playwright.specFiles.length)} located spec file(s) carry no replayable visit, and ${laneUrl === undefined ? 'no lane URL was declared to crawl instead' : `the bounded crawl of ${laneUrl} ended with ${crawl?.refusedReason ?? 'no reached route'}`}. This flow refuses rather than emitting a journey nobody derived.","messageForm":"composed","staticSegments":["witness-synthesize:","yields no witness journey. Its","located spec file(s) carry no replayable visit, and",". This flow refuses rather than emitting a journey nobody derived."],"classification":"refusal","condition":"journeys.length === 0","conditionForm":"if-consequent","origin":"pipeline","stage":"witness-synthesize","stageBasis":"the witness-synthesize stage reads the application own end-to-end suite and, failing that, crawls its served lane through this module.","file":"packages/cli/src/operator/witness-synthesize.ts","line":134,"enclosing":"synthesizeWitnessJourneys"},{"code":"witness-synthesize.bound-is-not-a-non-negative-integer","message":"witness-synthesize: ${flag} must be a non-negative integer, received ${value}","messageForm":"composed","staticSegments":["witness-synthesize:","must be a non-negative integer, received"],"classification":"refusal","condition":"!Number.isInteger(parsed) || parsed < 0","conditionForm":"if-consequent","origin":"pipeline","stage":"witness-synthesize","stageBasis":"the witness-synthesize stage reads the application own end-to-end suite and, failing that, crawls its served lane through this module.","file":"packages/cli/src/operator/witness-synthesize.ts","line":220,"enclosing":"readCrawlBound"},{"code":"frozen.direct-dom-access.direct-dom-input-path-must-be-relative-and-contained","message":"Direct DOM input path must be relative and contained: ${path}","messageForm":"composed","staticSegments":["Direct DOM input path must be relative and contained:"],"classification":"unclassified","condition":"isAbsolute(normalized) || normalized === '..' || normalized.startsWith('../')","conditionForm":"if-consequent","origin":"frozen-adapter","stage":"not-reached","stageBasis":"composed by the direct-dom-inventory command, which is not an operator migration stage.","file":"packages/core/src/analysis/direct-dom-access.ts","line":209,"enclosing":"portablePath"},{"code":"frozen.direct-dom-access.direct-dom-inventory-id-is-required","message":"Direct DOM inventory id is required","messageForm":"static","staticSegments":["Direct DOM inventory id is required"],"classification":"unclassified","condition":"!input.id","conditionForm":"if-consequent","origin":"frozen-adapter","stage":"not-reached","stageBasis":"composed by the direct-dom-inventory command, which is not an operator migration stage.","file":"packages/core/src/analysis/direct-dom-access.ts","line":738,"enclosing":"analyzeDirectDomAccess"},{"code":"frozen.direct-dom-access.direct-dom-inventory-paths-must-be-unique","message":"Direct DOM inventory paths must be unique","messageForm":"static","staticSegments":["Direct DOM inventory paths must be unique"],"classification":"unclassified","condition":"new Set(files.map((file) => file.path)).size !== files.length","conditionForm":"if-consequent","origin":"frozen-adapter","stage":"not-reached","stageBasis":"composed by the direct-dom-inventory command, which is not an operator migration stage.","file":"packages/core/src/analysis/direct-dom-access.ts","line":743,"enclosing":"analyzeDirectDomAccess"},{"code":"frozen.direct-dom-access.unsupported-direct-dom-source-extension","message":"Unsupported direct DOM source extension: ${file.path}","messageForm":"composed","staticSegments":["Unsupported direct DOM source extension:"],"classification":"unclassified","condition":"!['.js', '.jsx', '.ts', '.tsx'].includes(extname(file.path))","conditionForm":"if-consequent","origin":"frozen-adapter","stage":"not-reached","stageBasis":"composed by the direct-dom-inventory command, which is not an operator migration stage.","file":"packages/core/src/analysis/direct-dom-access.ts","line":746,"enclosing":"analyzeDirectDomAccess"},{"code":"frozen.vite8-adapter.vite-8-output-inventory-contains-a-remote-url","message":"Vite 8 output inventory contains a remote URL","messageForm":"static","staticSegments":["Vite 8 output inventory contains a remote URL"],"classification":"unclassified","condition":"parseURL(url).host","conditionForm":"if-consequent","origin":"frozen-adapter","stage":"not-reached","stageBasis":"the Vite 8 adapter kernel is composed by fixture drivers for their own evidence; the generated lane configuration composes the create-react-app adapter only.","file":"packages/core/src/bundlers/vite8-adapter.ts","line":64,"enclosing":"normalizedVite8OutputInventory"},{"code":"frozen.vite8-adapter.vite-8-kernel-lifecycle-evidence-is-incomplete","message":"Vite 8 kernel lifecycle evidence is incomplete","messageForm":"static","staticSegments":["Vite 8 kernel lifecycle evidence is incomplete"],"classification":"unclassified","condition":"value.schemaVersion !== 'versionless.vite8-adapter-kernel.v1' || value.vite !== '8.0.16' || value.locality !== 'process-scoped' || value.runs.length < 2","conditionForm":"if-consequent","origin":"frozen-adapter","stage":"not-reached","stageBasis":"the Vite 8 adapter kernel is composed by fixture drivers for their own evidence; the generated lane configuration composes the create-react-app adapter only.","file":"packages/core/src/bundlers/vite8-adapter.ts","line":77,"enclosing":"assertVite8KernelEvidence"},{"code":"frozen.vite8-adapter.vite-8-kernel-lifecycle-order-differs","message":"Vite 8 kernel lifecycle order differs","messageForm":"static","staticSegments":["Vite 8 kernel lifecycle order differs"],"classification":"unclassified","condition":"canonicalize(run.lifecycle) !== canonicalize(['config-resolved', 'build-start', 'close-bundle'])","conditionForm":"if-consequent","origin":"frozen-adapter","stage":"not-reached","stageBasis":"the Vite 8 adapter kernel is composed by fixture drivers for their own evidence; the generated lane configuration composes the create-react-app adapter only.","file":"packages/core/src/bundlers/vite8-adapter.ts","line":83,"enclosing":"assertVite8KernelEvidence"},{"code":"frozen.vite8-adapter.vite-8-normalized-output-inventory-digest-differs","message":"Vite 8 normalized output inventory digest differs","messageForm":"static","staticSegments":["Vite 8 normalized output inventory digest differs"],"classification":"unclassified","condition":"run.outputSha256 !== sha256(canonicalize(run.output))","conditionForm":"if-consequent","origin":"frozen-adapter","stage":"not-reached","stageBasis":"the Vite 8 adapter kernel is composed by fixture drivers for their own evidence; the generated lane configuration composes the create-react-app adapter only.","file":"packages/core/src/bundlers/vite8-adapter.ts","line":85,"enclosing":"assertVite8KernelEvidence"},{"code":"frozen.vite8-adapter.vite-8-normalized-output-inventory-is-not-unique-and-sorted","message":"Vite 8 normalized output inventory is not unique and sorted","messageForm":"static","staticSegments":["Vite 8 normalized output inventory is not unique and sorted"],"classification":"unclassified","condition":"canonicalize(paths) !== canonicalize([...paths].sort(compareUtf16CodeUnits)) || new Set(paths).size !== paths.length","conditionForm":"if-consequent","origin":"frozen-adapter","stage":"not-reached","stageBasis":"the Vite 8 adapter kernel is composed by fixture drivers for their own evidence; the generated lane configuration composes the create-react-app adapter only.","file":"packages/core/src/bundlers/vite8-adapter.ts","line":91,"enclosing":"assertVite8KernelEvidence"},{"code":"frozen.vite8-adapter.vite-8-output-restoration-is-not-byte-identical","message":"Vite 8 output restoration is not byte-identical","messageForm":"static","staticSegments":["Vite 8 output restoration is not byte-identical"],"classification":"unclassified","condition":"canonicalize(baseline) !== canonicalize(restored)","conditionForm":"if-consequent","origin":"frozen-adapter","stage":"not-reached","stageBasis":"the Vite 8 adapter kernel is composed by fixture drivers for their own evidence; the generated lane configuration composes the create-react-app adapter only.","file":"packages/core/src/bundlers/vite8-adapter.ts","line":100,"enclosing":"assertVite8Restoration"},{"code":"frozen.vite8-adapter.vite-8-kernel-requires-build-lifecycle","message":"Vite 8 kernel requires build lifecycle","messageForm":"static","staticSegments":["Vite 8 kernel requires build lifecycle"],"classification":"unclassified","condition":"config.command !== 'build'","conditionForm":"if-consequent","origin":"frozen-adapter","stage":"not-reached","stageBasis":"the Vite 8 adapter kernel is composed by fixture drivers for their own evidence; the generated lane configuration composes the create-react-app adapter only.","file":"packages/core/src/bundlers/vite8-adapter.ts","line":116,"enclosing":"configResolved"},{"code":"frozen.vite8-adapter.vite-8-kernel-buildstart-lifecycle-differs","message":"Vite 8 kernel buildStart lifecycle differs","messageForm":"static","staticSegments":["Vite 8 kernel buildStart lifecycle differs"],"classification":"unclassified","condition":"canonicalize(lifecycle) !== canonicalize(['config-resolved'])","conditionForm":"if-consequent","origin":"frozen-adapter","stage":"not-reached","stageBasis":"the Vite 8 adapter kernel is composed by fixture drivers for their own evidence; the generated lane configuration composes the create-react-app adapter only.","file":"packages/core/src/bundlers/vite8-adapter.ts","line":122,"enclosing":"buildStart"},{"code":"frozen.vite8-adapter.vite-8-kernel-closebundle-lifecycle-differs","message":"Vite 8 kernel closeBundle lifecycle differs","messageForm":"static","staticSegments":["Vite 8 kernel closeBundle lifecycle differs"],"classification":"unclassified","condition":"canonicalize(lifecycle) !== canonicalize(['config-resolved', 'build-start'])","conditionForm":"if-consequent","origin":"frozen-adapter","stage":"not-reached","stageBasis":"the Vite 8 adapter kernel is composed by fixture drivers for their own evidence; the generated lane configuration composes the create-react-app adapter only.","file":"packages/core/src/bundlers/vite8-adapter.ts","line":130,"enclosing":"handler"},{"code":"frozen.vite8-adapter.vite-8-kernel-evidence-profile-differs","message":"Vite 8 kernel evidence profile differs","messageForm":"static","staticSegments":["Vite 8 kernel evidence profile differs"],"classification":"unclassified","condition":"previous && previous.profile !== options.profile","conditionForm":"if-consequent","origin":"frozen-adapter","stage":"not-reached","stageBasis":"the Vite 8 adapter kernel is composed by fixture drivers for their own evidence; the generated lane configuration composes the create-react-app adapter only.","file":"packages/core/src/bundlers/vite8-adapter.ts","line":142,"enclosing":"handler"},{"code":"frozen.angular-standalone-component.refused","message":"Refused: ${key} Yuku diagnostics: ${JSON.stringify(module.diagnostics)}","messageForm":"composed","staticSegments":["Refused:","Yuku diagnostics:"],"classification":"refusal","condition":"module.diagnostics.length","conditionForm":"if-consequent","origin":"frozen-adapter","stage":"not-reached","stageBasis":"exported from the package barrel but composed by no operator stage: the flows compose craEntryDocument, planViteOriginConfigSource and migrateAngularCliEraWorkspace, and none of them reaches this module.","file":"packages/core/src/migrations/angular-standalone-component.ts","line":142,"enclosing":"analyzeFile"},{"code":"frozen.angular-standalone-component.refused-2","message":"Refused: ${key} IframeComponent symbol is absent","messageForm":"composed","staticSegments":["Refused:","IframeComponent symbol is absent"],"classification":"refusal","condition":"!iframe","conditionForm":"if-consequent","origin":"frozen-adapter","stage":"not-reached","stageBasis":"exported from the package barrel but composed by no operator stage: the flows compose craEntryDocument, planViteOriginConfigSource and migrateAngularCliEraWorkspace, and none of them reaches this module.","file":"packages/core/src/migrations/angular-standalone-component.ts","line":144,"enclosing":"analyzeFile"},{"code":"frozen.angular-standalone-component.refused-3","message":"Refused: ${key} IframeComponent is not the imported binding","messageForm":"composed","staticSegments":["Refused:","IframeComponent is not the imported binding"],"classification":"refusal","condition":"key !== 'component' && !iframe.has(SymbolFlags.Import)","conditionForm":"if-consequent","origin":"frozen-adapter","stage":"not-reached","stageBasis":"exported from the package barrel but composed by no operator stage: the flows compose craEntryDocument, planViteOriginConfigSource and migrateAngularCliEraWorkspace, and none of them reaches this module.","file":"packages/core/src/migrations/angular-standalone-component.ts","line":146,"enclosing":"analyzeFile"},{"code":"frozen.angular-standalone-component.refused-appmodule-iframecomponent-reference-count-differs","message":"Refused: AppModule IframeComponent reference count differs","messageForm":"static","staticSegments":["Refused: AppModule IframeComponent reference count differs"],"classification":"refusal","condition":"key === 'module' && iframe.references.length !== 1","conditionForm":"if-consequent","origin":"frozen-adapter","stage":"not-reached","stageBasis":"exported from the package barrel but composed by no operator stage: the flows compose craEntryDocument, planViteOriginConfigSource and migrateAngularCliEraWorkspace, and none of them reaches this module.","file":"packages/core/src/migrations/angular-standalone-component.ts","line":148,"enclosing":"analyzeFile"},{"code":"frozen.angular-standalone-component.refused-testbed-iframecomponent-reference-count-differs","message":"Refused: TestBed IframeComponent reference count differs","messageForm":"static","staticSegments":["Refused: TestBed IframeComponent reference count differs"],"classification":"refusal","condition":"key === 'spec' && iframe.references.length !== 4","conditionForm":"if-consequent","origin":"frozen-adapter","stage":"not-reached","stageBasis":"exported from the package barrel but composed by no operator stage: the flows compose craEntryDocument, planViteOriginConfigSource and migrateAngularCliEraWorkspace, and none of them reaches this module.","file":"packages/core/src/migrations/angular-standalone-component.ts","line":150,"enclosing":"analyzeFile"},{"code":"frozen.angular-standalone-component.refused-4","message":"Refused: ${pathName} Yuku diagnostics: ${JSON.stringify(module.diagnostics)}","messageForm":"composed","staticSegments":["Refused:","Yuku diagnostics:"],"classification":"refusal","condition":"module.diagnostics.length","conditionForm":"if-consequent","origin":"frozen-adapter","stage":"not-reached","stageBasis":"exported from the package barrel but composed by no operator stage: the flows compose craEntryDocument, planViteOriginConfigSource and migrateAngularCliEraWorkspace, and none of them reaches this module.","file":"packages/core/src/migrations/angular-standalone-component.ts","line":161,"enclosing":"analyzeGaugeFile"},{"code":"frozen.angular-standalone-component.refused-5","message":"Refused: ${pathName} ${symbolName} symbol is absent","messageForm":"composed","staticSegments":["Refused:","symbol is absent"],"classification":"refusal","condition":"!symbol","conditionForm":"if-consequent","origin":"frozen-adapter","stage":"not-reached","stageBasis":"exported from the package barrel but composed by no operator stage: the flows compose craEntryDocument, planViteOriginConfigSource and migrateAngularCliEraWorkspace, and none of them reaches this module.","file":"packages/core/src/migrations/angular-standalone-component.ts","line":165,"enclosing":"analyzeGaugeFile"},{"code":"frozen.angular-standalone-component.refused-6","message":"Refused: ${pathName} ${symbolName} is not imported","messageForm":"composed","staticSegments":["Refused:","is not imported"],"classification":"refusal","condition":"!symbol.has(SymbolFlags.Import)","conditionForm":"if-consequent","origin":"frozen-adapter","stage":"not-reached","stageBasis":"exported from the package barrel but composed by no operator stage: the flows compose craEntryDocument, planViteOriginConfigSource and migrateAngularCliEraWorkspace, and none of them reaches this module.","file":"packages/core/src/migrations/angular-standalone-component.ts","line":168,"enclosing":"analyzeGaugeFile"},{"code":"frozen.angular-standalone-component.refused-7","message":"Refused: ${pathName} ${symbolName} reference count differs","messageForm":"composed","staticSegments":["Refused:","reference count differs"],"classification":"refusal","condition":"symbol.references.length !== references","conditionForm":"if-consequent","origin":"frozen-adapter","stage":"not-reached","stageBasis":"exported from the package barrel but composed by no operator stage: the flows compose craEntryDocument, planViteOriginConfigSource and migrateAngularCliEraWorkspace, and none of them reaches this module.","file":"packages/core/src/migrations/angular-standalone-component.ts","line":170,"enclosing":"analyzeGaugeFile"},{"code":"frozen.angular-standalone-component.refused-exact","message":"Refused: exact ${file} transform span is missing or ambiguous","messageForm":"composed","staticSegments":["Refused: exact","transform span is missing or ambiguous"],"classification":"refusal","condition":"start < 0 || source.indexOf(before, start + 1) >= 0","conditionForm":"if-consequent","origin":"frozen-adapter","stage":"not-reached","stageBasis":"exported from the package barrel but composed by no operator stage: the flows compose craEntryDocument, planViteOriginConfigSource and migrateAngularCliEraWorkspace, and none of them reaches this module.","file":"packages/core/src/migrations/angular-standalone-component.ts","line":182,"enclosing":"replaceExact"},{"code":"frozen.angular-standalone-component.refused-migrated-fuxa-standalone-sha-256-mismatch","message":"Refused: migrated FUXA standalone SHA-256 mismatch","messageForm":"static","staticSegments":["Refused: migrated FUXA standalone SHA-256 mismatch"],"classification":"refusal","condition":"hashes.component !== FUXA_IFRAME_COMPONENT_TARGET_SHA256 || (hashes.module !== FUXA_APP_MODULE_TARGET_SHA256 && hashes.module !== FUXA_COHORT_MODULE_TARGET_SHA256) || hashes.spec !== FUXA_IFRAME_SPEC_TARGET_SHA256","conditionForm":"if-consequent","origin":"frozen-adapter","stage":"not-reached","stageBasis":"exported from the package barrel but composed by no operator stage: the flows compose craEntryDocument, planViteOriginConfigSource and migrateAngularCliEraWorkspace, and none of them reaches this module.","file":"packages/core/src/migrations/angular-standalone-component.ts","line":229,"enclosing":"transformFuxaIframeStandalone"},{"code":"frozen.angular-standalone-component.refused-fuxa-standalone-source-sha-256-mismatch","message":"Refused: FUXA standalone source SHA-256 mismatch","messageForm":"static","staticSegments":["Refused: FUXA standalone source SHA-256 mismatch"],"classification":"refusal","condition":"hashes.component !== FUXA_IFRAME_COMPONENT_SHA256 || (hashes.module !== FUXA_APP_MODULE_SHA256 && hashes.module !== FUXA_GAUGE_MODULE_TARGET_SHA256) || hashes.spec !== FUXA_IFRAME_SPEC_SHA256","conditionForm":"if-consequent","origin":"frozen-adapter","stage":"not-reached","stageBasis":"exported from the package barrel but composed by no operator stage: the flows compose craEntryDocument, planViteOriginConfigSource and migrateAngularCliEraWorkspace, and none of them reaches this module.","file":"packages/core/src/migrations/angular-standalone-component.ts","line":250,"enclosing":"transformFuxaIframeStandalone"},{"code":"frozen.angular-standalone-component.refused-iframecomponent-decorator-shape-differs","message":"Refused: IframeComponent decorator shape differs","messageForm":"static","staticSegments":["Refused: IframeComponent decorator shape differs"],"classification":"refusal","condition":"count(sources.component, componentBefore) !== 1 || count(sources.component, 'standalone:') !== 0","conditionForm":"if-consequent","origin":"frozen-adapter","stage":"not-reached","stageBasis":"exported from the package barrel but composed by no operator stage: the flows compose craEntryDocument, planViteOriginConfigSource and migrateAngularCliEraWorkspace, and none of them reaches this module.","file":"packages/core/src/migrations/angular-standalone-component.ts","line":255,"enclosing":"transformFuxaIframeStandalone"},{"code":"frozen.angular-standalone-component.refused-appmodule-iframecomponent-shape-differs","message":"Refused: AppModule IframeComponent shape differs","messageForm":"static","staticSegments":["Refused: AppModule IframeComponent shape differs"],"classification":"refusal","condition":"count(sources.module, \"import { IframeComponent } from './iframe/iframe.component';\") !== 1 || count(sources.module, moduleDeclaration) !== 1 || count(sources.module, moduleImports) !== 1 || count(sources.module, moduleImportsAfter) !== 0","conditionForm":"if-consequent","origin":"frozen-adapter","stage":"not-reached","stageBasis":"exported from the package barrel but composed by no operator stage: the flows compose craEntryDocument, planViteOriginConfigSource and migrateAngularCliEraWorkspace, and none of them reaches this module.","file":"packages/core/src/migrations/angular-standalone-component.ts","line":263,"enclosing":"transformFuxaIframeStandalone"},{"code":"frozen.angular-standalone-component.refused-testbed-iframecomponent-shape-differs","message":"Refused: TestBed IframeComponent shape differs","messageForm":"static","staticSegments":["Refused: TestBed IframeComponent shape differs"],"classification":"refusal","condition":"count(sources.spec, specBefore) !== 1 || count(sources.spec, specAfter) !== 0","conditionForm":"if-consequent","origin":"frozen-adapter","stage":"not-reached","stageBasis":"exported from the package barrel but composed by no operator stage: the flows compose craEntryDocument, planViteOriginConfigSource and migrateAngularCliEraWorkspace, and none of them reaches this module.","file":"packages/core/src/migrations/angular-standalone-component.ts","line":265,"enclosing":"transformFuxaIframeStandalone"},{"code":"frozen.angular-standalone-component.refused-transformed-standalone-shape-differs","message":"Refused: transformed standalone shape differs","messageForm":"static","staticSegments":["Refused: transformed standalone shape differs"],"classification":"refusal","condition":"!alreadyMigrated(files)","conditionForm":"if-consequent","origin":"frozen-adapter","stage":"not-reached","stageBasis":"exported from the package barrel but composed by no operator stage: the flows compose craEntryDocument, planViteOriginConfigSource and migrateAngularCliEraWorkspace, and none of them reaches this module.","file":"packages/core/src/migrations/angular-standalone-component.ts","line":289,"enclosing":"transformFuxaIframeStandalone"},{"code":"frozen.angular-standalone-component.refused-migrated-fuxa-gauge-cohort-sha-256-mismatch","message":"Refused: migrated FUXA gauge cohort SHA-256 mismatch","messageForm":"static","staticSegments":["Refused: migrated FUXA gauge cohort SHA-256 mismatch"],"classification":"refusal","condition":"hashes.progressComponent !== FUXA_GAUGE_PROGRESS_TARGET_SHA256 || hashes.progressSpec !== FUXA_GAUGE_PROGRESS_SPEC_TARGET_SHA256 || hashes.semaphoreComponent !== FUXA_GAUGE_SEMAPHORE_TARGET_SHA256 || hashes.semaphoreSpec !== FUXA_GAUGE_SEMAPHORE_SPEC_TARGET_SHA256 || (hashes.module !== FUXA_GAUGE_MODULE_TARGET_SHA256 && hashes.module !== FUXA_COHORT_MODULE_TARGET_SHA256)","conditionForm":"if-consequent","origin":"frozen-adapter","stage":"not-reached","stageBasis":"exported from the package barrel but composed by no operator stage: the flows compose craEntryDocument, planViteOriginConfigSource and migrateAngularCliEraWorkspace, and none of them reaches this module.","file":"packages/core/src/migrations/angular-standalone-component.ts","line":357,"enclosing":"transformFuxaGaugeStandalone"},{"code":"frozen.angular-standalone-component.refused-fuxa-gauge-cohort-source-sha-256-mismatch","message":"Refused: FUXA gauge cohort source SHA-256 mismatch","messageForm":"static","staticSegments":["Refused: FUXA gauge cohort source SHA-256 mismatch"],"classification":"refusal","condition":"hashes.progressComponent !== FUXA_GAUGE_PROGRESS_SHA256 || hashes.progressSpec !== FUXA_GAUGE_PROGRESS_SPEC_SHA256 || hashes.semaphoreComponent !== FUXA_GAUGE_SEMAPHORE_SHA256 || hashes.semaphoreSpec !== FUXA_GAUGE_SEMAPHORE_SPEC_SHA256 || (hashes.module !== FUXA_APP_MODULE_SHA256 && hashes.module !== FUXA_APP_MODULE_TARGET_SHA256)","conditionForm":"if-consequent","origin":"frozen-adapter","stage":"not-reached","stageBasis":"exported from the package barrel but composed by no operator stage: the flows compose craEntryDocument, planViteOriginConfigSource and migrateAngularCliEraWorkspace, and none of them reaches this module.","file":"packages/core/src/migrations/angular-standalone-component.ts","line":379,"enclosing":"transformFuxaGaugeStandalone"},{"code":"frozen.angular-standalone-component.refused-fuxa-gauge-cohort-exact-shape-differs","message":"Refused: FUXA gauge cohort exact shape differs","messageForm":"static","staticSegments":["Refused: FUXA gauge cohort exact shape differs"],"classification":"refusal","condition":"count(sources.progressComponent, progressDecoratorBefore) !== 1 || count(sources.progressComponent, 'standalone:') !== 0 || count(sources.semaphoreComponent, semaphoreDecoratorBefore) !== 1 || count(sources.semaphoreComponent, 'standalone:') !== 0 || count(sources.progressSpec, progressSpecBefore) !== 1 || count(sources.semaphoreSpec, semaphoreSpecBefore) !== 1 || count(sources.module, progressDeclaration) !== 1 || count(sources.module, semaphoreDeclaration) !== 1 || count(sources.module, gaugeImportsAfter) !== 0","conditionForm":"if-consequent","origin":"frozen-adapter","stage":"not-reached","stageBasis":"exported from the package barrel but composed by no operator stage: the flows compose craEntryDocument, planViteOriginConfigSource and migrateAngularCliEraWorkspace, and none of them reaches this module.","file":"packages/core/src/migrations/angular-standalone-component.ts","line":391,"enclosing":"transformFuxaGaugeStandalone"},{"code":"frozen.angular-standalone-component.refused-transformed-gauge-cohort-shape-differs","message":"Refused: transformed gauge cohort shape differs","messageForm":"static","staticSegments":["Refused: transformed gauge cohort shape differs"],"classification":"refusal","condition":"!gaugesMigrated(files)","conditionForm":"if-consequent","origin":"frozen-adapter","stage":"not-reached","stageBasis":"exported from the package barrel but composed by no operator stage: the flows compose craEntryDocument, planViteOriginConfigSource and migrateAngularCliEraWorkspace, and none of them reaches this module.","file":"packages/core/src/migrations/angular-standalone-component.ts","line":437,"enclosing":"transformFuxaGaugeStandalone"},{"code":"frozen.angular-cli-era-migration.angular-migration-the-package-manifest-is-not-a-json-object","message":"Angular migration: the package manifest is not a JSON object","messageForm":"static","staticSegments":["Angular migration: the package manifest is not a JSON object"],"classification":"unclassified","condition":"typeof manifest !== 'object' || manifest === null || Array.isArray(manifest)","conditionForm":"if-consequent","origin":"frozen-adapter","stage":"plan","stageBasis":"imported by angular-cli-era-migration.ts, which is the entry point planApplication composes for the Angular lineage.","file":"packages/frameworks/angular/src/angular-cli-era-migration.ts","line":596,"enclosing":"migrateAngularCliEraWorkspace"},{"code":"frozen.angular-cli-json-workspace-synthesis.angular-cli-1-x-workspace-synthesis-the-configuration-is-not-a-j","message":"Angular CLI 1.x workspace synthesis: the configuration is not a JSON object","messageForm":"static","staticSegments":["Angular CLI 1.x workspace synthesis: the configuration is not a JSON object"],"classification":"unclassified","condition":"workspace === null","conditionForm":"if-consequent","origin":"frozen-adapter","stage":"plan","stageBasis":"imported by angular-cli-era-migration.ts, which is the entry point planApplication composes for the Angular lineage.","file":"packages/frameworks/angular/src/angular-cli-json-workspace-synthesis.ts","line":308,"enclosing":"synthesizeAngularWorkspace"},{"code":"frozen.angular-cli-json-workspace-synthesis.angular-cli-1-x-workspace-synthesis-the-configuration-carries-no","message":"Angular CLI 1.x workspace synthesis: the configuration carries no apps[] array, so it is not in the pre-angular.json format this capability translates","messageForm":"static","staticSegments":["Angular CLI 1.x workspace synthesis: the configuration carries no apps[] array,","so it is not in the pre-angular.json format this capability translates"],"classification":"unclassified","condition":"!isAngularCliOneWorkspace(workspace)","conditionForm":"if-consequent","origin":"frozen-adapter","stage":"plan","stageBasis":"imported by angular-cli-era-migration.ts, which is the entry point planApplication composes for the Angular lineage.","file":"packages/frameworks/angular/src/angular-cli-json-workspace-synthesis.ts","line":310,"enclosing":"synthesizeAngularWorkspace"},{"code":"frozen.angular-source-migration.angular-source-migration","message":"Angular source migration: ${path} does not parse, so its era shapes cannot be rewritten and it cannot be honestly counted as unchanged. Diagnostics: ${errors.map((entry) => entry.message).join('; ')}","messageForm":"composed","staticSegments":["Angular source migration:","does not parse, so its era shapes cannot be","rewritten and it cannot be honestly counted as unchanged. Diagnostics:"],"classification":"unclassified","condition":"errors.length > 0","conditionForm":"if-consequent","origin":"frozen-adapter","stage":"plan","stageBasis":"imported by angular-cli-era-migration.ts, which is the entry point planApplication composes for the Angular lineage.","file":"packages/frameworks/angular/src/angular-source-migration.ts","line":203,"enclosing":"migrateAngularSourceModule"},{"code":"frozen.angular-target-cell.angular-manifest-alignment","message":"Angular manifest alignment: \"${field}\" is not an object","messageForm":"composed","staticSegments":["Angular manifest alignment: \"","\" is not an object"],"classification":"unclassified","condition":"typeof value !== 'object' || value === null || Array.isArray(value)","conditionForm":"if-consequent","origin":"frozen-adapter","stage":"plan","stageBasis":"imported by angular-cli-era-migration.ts, which is the entry point planApplication composes for the Angular lineage.","file":"packages/frameworks/angular/src/angular-target-cell.ts","line":894,"enclosing":"dependencyRecord"},{"code":"frozen.angular-target-cell.angular-manifest-alignment-2","message":"Angular manifest alignment: \"${field}.${name}\" is not a string","messageForm":"composed","staticSegments":["Angular manifest alignment: \"",".","\" is not a string"],"classification":"unclassified","condition":"typeof range !== 'string'","conditionForm":"if-consequent","origin":"frozen-adapter","stage":"plan","stageBasis":"imported by angular-cli-era-migration.ts, which is the entry point planApplication composes for the Angular lineage.","file":"packages/frameworks/angular/src/angular-target-cell.ts","line":898,"enclosing":"dependencyRecord"},{"code":"frozen.angular-workspace-migration.angular","message":"Angular ${kind} migration: the configuration appears to carry comments. This capability rewrites strict JSON only; a JSONC configuration would lose its comments silently, so it is refused instead.","messageForm":"composed","staticSegments":["Angular","migration: the configuration appears to carry comments.","This capability rewrites strict JSON only; a JSONC configuration would lose","its comments silently, so it is refused instead."],"classification":"unclassified","condition":"carriesJsonComment(source)","conditionForm":"if-consequent","origin":"frozen-adapter","stage":"plan","stageBasis":"imported by angular-cli-era-migration.ts, which is the entry point planApplication composes for the Angular lineage.","file":"packages/frameworks/angular/src/angular-workspace-migration.ts","line":144,"enclosing":"parseStrictJson"},{"code":"frozen.angular-workspace-migration.angular-2","message":"Angular ${kind} migration: the configuration is not a JSON object","messageForm":"composed","staticSegments":["Angular","migration: the configuration is not a JSON object"],"classification":"unclassified","condition":"typeof parsed !== 'object' || parsed === null || Array.isArray(parsed)","conditionForm":"if-consequent","origin":"frozen-adapter","stage":"plan","stageBasis":"imported by angular-cli-era-migration.ts, which is the entry point planApplication composes for the Angular lineage.","file":"packages/frameworks/angular/src/angular-workspace-migration.ts","line":151,"enclosing":"parseStrictJson"},{"code":"frozen.application-source-dependency.application-source-dependency-declaration","message":"Application source dependency declaration: \"${field}\" is not an object","messageForm":"composed","staticSegments":["Application source dependency declaration: \"","\" is not an object"],"classification":"unclassified","condition":"current !== undefined && (typeof current !== 'object' || current === null)","conditionForm":"if-consequent","origin":"frozen-adapter","stage":"plan","stageBasis":"imported by angular-cli-era-migration.ts, which is the entry point planApplication composes for the Angular lineage.","file":"packages/frameworks/angular/src/application-source-dependency.ts","line":345,"enclosing":"declareApplicationSourceDependencies"},{"code":"frozen.ngrx-effects-migration.ngrx-effects-migration","message":"NgRx effects migration: ${path} does not parse, so its removed ${REMOVED_EFFECT_DECORATOR} decorators cannot be rewritten and it cannot be honestly counted as unchanged. Diagnostics: ${errors.map((entry) => entry.message).join('; ')}","messageForm":"composed","staticSegments":["NgRx effects migration:","does not parse, so its removed","decorators cannot be rewritten and it cannot be honestly counted as unchanged.","Diagnostics:"],"classification":"unclassified","condition":"errors.length > 0","conditionForm":"if-consequent","origin":"frozen-adapter","stage":"plan","stageBasis":"imported by angular-cli-era-migration.ts, which is the entry point planApplication composes for the Angular lineage.","file":"packages/frameworks/angular/src/ngrx-effects-migration.ts","line":270,"enclosing":"migrateNgrxEffectDecorators"},{"code":"frozen.semantic-module.unnamed","message":"${capability}: ${path} does not parse, so it cannot be rewritten and it cannot be honestly counted as unchanged. Diagnostics: ${errors.map((entry) => entry.message).join('; ')}","messageForm":"composed","staticSegments":[":","does not parse, so it cannot be rewritten and it cannot be","honestly counted as unchanged. Diagnostics:"],"classification":"unclassified","condition":"errors.length > 0","conditionForm":"if-consequent","origin":"frozen-adapter","stage":"plan","stageBasis":"imported by capability modules that angular-cli-era-migration.ts composes, which is the entry point planApplication composes for the Angular lineage.","file":"packages/frameworks/angular/src/semantic-module.ts","line":35,"enclosing":"parseModule"},{"code":"frozen.sentry-v8-migration.sentry-v8-migration","message":"Sentry v8 migration: ${path} does not parse, so its removed ${REMOVED_SENTRY_TRACING_MODULE} constructions cannot be rewritten and it cannot be honestly counted as unchanged. Diagnostics: ${errors.map((entry) => entry.message).join('; ')}","messageForm":"composed","staticSegments":["Sentry v8 migration:","does not parse, so its removed","constructions cannot be rewritten and it cannot be","honestly counted as unchanged. Diagnostics:"],"classification":"unclassified","condition":"errors.length > 0","conditionForm":"if-consequent","origin":"frozen-adapter","stage":"plan","stageBasis":"imported by angular-cli-era-migration.ts, which is the entry point planApplication composes for the Angular lineage.","file":"packages/frameworks/angular/src/sentry-v8-migration.ts","line":359,"enclosing":"migrateSentryV8Tracing"},{"code":"frozen.split-element-successor.unnamed","message":"${CAPABILITY}: ${path} does not parse, so it cannot be rewritten and it cannot be honestly counted as unchanged. Diagnostics: ${parsed.errors.map((error) => error.toString()).join('; ')}","messageForm":"composed","staticSegments":[":","does not parse, so it cannot be rewritten and it cannot be","honestly counted as unchanged. Diagnostics:"],"classification":"unclassified","condition":"parsed.errors !== null && parsed.errors.length > 0","conditionForm":"if-consequent","origin":"frozen-adapter","stage":"not-reached","stageBasis":"exported from the package barrel but composed by no operator stage: the flows compose craEntryDocument, planViteOriginConfigSource and migrateAngularCliEraWorkspace, and none of them reaches this module.","file":"packages/frameworks/angular/src/split-element-successor.ts","line":407,"enclosing":"resolveSplitElementSuccessors"},{"code":"frozen.undeclared-runtime-dependency.undeclared-runtime-dependency-reading-a-package-manifest-is-not-","message":"Undeclared runtime dependency reading: a package manifest is not an object","messageForm":"static","staticSegments":["Undeclared runtime dependency reading: a package manifest is not an object"],"classification":"unclassified","condition":"typeof parsed !== 'object' || parsed === null || Array.isArray(parsed)","conditionForm":"if-consequent","origin":"frozen-adapter","stage":"plan","stageBasis":"imported by angular-cli-era-migration.ts, which is the entry point planApplication composes for the Angular lineage.","file":"packages/frameworks/angular/src/undeclared-runtime-dependency.ts","line":141,"enclosing":"readInstalledPackage"},{"code":"frozen.undeclared-runtime-dependency.undeclared-runtime-dependency-reading-a-package-manifest-declare","message":"Undeclared runtime dependency reading: a package manifest declares no name","messageForm":"static","staticSegments":["Undeclared runtime dependency reading: a package manifest declares no name"],"classification":"unclassified","condition":"typeof name !== 'string'","conditionForm":"if-consequent","origin":"frozen-adapter","stage":"plan","stageBasis":"imported by angular-cli-era-migration.ts, which is the entry point planApplication composes for the Angular lineage.","file":"packages/frameworks/angular/src/undeclared-runtime-dependency.ts","line":146,"enclosing":"readInstalledPackage"},{"code":"frozen.undeclared-runtime-dependency.undeclared-runtime-dependency-declaration-dependencies-is-not-an","message":"Undeclared runtime dependency declaration: \"dependencies\" is not an object","messageForm":"static","staticSegments":["Undeclared runtime dependency declaration: \"dependencies\" is not an object"],"classification":"unclassified","condition":"current !== undefined && (typeof current !== 'object' || current === null)","conditionForm":"if-consequent","origin":"frozen-adapter","stage":"plan","stageBasis":"imported by angular-cli-era-migration.ts, which is the entry point planApplication composes for the Angular lineage.","file":"packages/frameworks/angular/src/undeclared-runtime-dependency.ts","line":312,"enclosing":"declareUndeclaredRuntimeDependencies"},{"code":"frozen.react-class-lifecycle-to-hooks.refused-avataaars-yuku-diagnostics","message":"Refused: Avataaars Yuku diagnostics: ${JSON.stringify(module.diagnostics)}","messageForm":"composed","staticSegments":["Refused: Avataaars Yuku diagnostics:"],"classification":"refusal","condition":"module.diagnostics.length","conditionForm":"if-consequent","origin":"frozen-adapter","stage":"not-reached","stageBasis":"a pinned source-level transform, gated on readings the plan stage does not supply.","file":"packages/frameworks/react/src/react-class-lifecycle-to-hooks.ts","line":37,"enclosing":"semantics"},{"code":"frozen.react-class-lifecycle-to-hooks.refused-history-is-not-the-single-imported-listener-binding","message":"Refused: history is not the single imported listener binding","messageForm":"static","staticSegments":["Refused: history is not the single imported listener binding"],"classification":"refusal","condition":"!history?.has(SymbolFlags.Import) || history.references.length !== 1","conditionForm":"if-consequent","origin":"frozen-adapter","stage":"not-reached","stageBasis":"a pinned source-level transform, gated on readings the plan stage does not supply.","file":"packages/frameworks/react/src/react-class-lifecycle-to-hooks.ts","line":42,"enclosing":"semantics"},{"code":"frozen.react-class-lifecycle-to-hooks.refused-app-binding-is-absent","message":"Refused: App binding is absent","messageForm":"static","staticSegments":["Refused: App binding is absent"],"classification":"refusal","condition":"!module.rootScope.find('App')","conditionForm":"if-consequent","origin":"frozen-adapter","stage":"not-reached","stageBasis":"a pinned source-level transform, gated on readings the plan stage does not supply.","file":"packages/frameworks/react/src/react-class-lifecycle-to-hooks.ts","line":43,"enclosing":"semantics"},{"code":"frozen.react-class-lifecycle-to-hooks.refused-react-hook-bindings-differ","message":"Refused: React hook bindings differ","messageForm":"static","staticSegments":["Refused: React hook bindings differ"],"classification":"refusal","condition":"!react?.has(SymbolFlags.Import) || react.references.length !== 2","conditionForm":"if-consequent","origin":"frozen-adapter","stage":"not-reached","stageBasis":"a pinned source-level transform, gated on readings the plan stage does not supply.","file":"packages/frameworks/react/src/react-class-lifecycle-to-hooks.ts","line":47,"enclosing":"semantics"},{"code":"frozen.react-class-lifecycle-to-hooks.refused-transformed-avataaars-shape-is-ambiguous","message":"Refused: transformed Avataaars shape is ambiguous","messageForm":"static","staticSegments":["Refused: transformed Avataaars shape is ambiguous"],"classification":"refusal","condition":"source.indexOf(after) !== source.lastIndexOf(after)","conditionForm":"if-consequent","origin":"frozen-adapter","stage":"not-reached","stageBasis":"a pinned source-level transform, gated on readings the plan stage does not supply.","file":"packages/frameworks/react/src/react-class-lifecycle-to-hooks.ts","line":54,"enclosing":"transformReactClassLifecycleToHooks"},{"code":"frozen.react-class-lifecycle-to-hooks.refused-avataaars-app-source-sha-256-mismatch","message":"Refused: Avataaars App source SHA-256 mismatch","messageForm":"static","staticSegments":["Refused: Avataaars App source SHA-256 mismatch"],"classification":"refusal","condition":"digest(source) !== AVATAAARS_APP_SOURCE_SHA256","conditionForm":"if-consequent","origin":"frozen-adapter","stage":"not-reached","stageBasis":"a pinned source-level transform, gated on readings the plan stage does not supply.","file":"packages/frameworks/react/src/react-class-lifecycle-to-hooks.ts","line":70,"enclosing":"transformReactClassLifecycleToHooks"},{"code":"frozen.react-class-lifecycle-to-hooks.refused-exact-avataaars-lifecycle-shape-is-absent-or-ambiguous","message":"Refused: exact Avataaars lifecycle shape is absent or ambiguous","messageForm":"static","staticSegments":["Refused: exact Avataaars lifecycle shape is absent or ambiguous"],"classification":"refusal","condition":"!beforePattern.test(source) || source.indexOf(before) !== source.lastIndexOf(before)","conditionForm":"if-consequent","origin":"frozen-adapter","stage":"not-reached","stageBasis":"a pinned source-level transform, gated on readings the plan stage does not supply.","file":"packages/frameworks/react/src/react-class-lifecycle-to-hooks.ts","line":72,"enclosing":"transformReactClassLifecycleToHooks"},{"code":"frozen.react-composed-migration.refused-composed-source-sha-256-mismatch-for","message":"Refused: composed source SHA-256 mismatch for ${file}","messageForm":"composed","staticSegments":["Refused: composed source SHA-256 mismatch for"],"classification":"refusal","condition":"sha256(inputs[file]) !== sourceHashes[file]","conditionForm":"if-consequent","origin":"frozen-adapter","stage":"not-reached","stageBasis":"composes the pinned source-level transforms, which the plan stage does not supply readings for.","file":"packages/frameworks/react/src/react-composed-migration.ts","line":60,"enclosing":"assertExactInputs"},{"code":"frozen.react-composed-migration.refused-proven-maintained-package-lock-result-changed","message":"Refused: proven maintained package/lock result changed","messageForm":"static","staticSegments":["Refused: proven maintained package/lock result changed"],"classification":"refusal","condition":"sha256(packageJson) !== REACT_COMPOSED_TARGET_HASHES['package.json'] || sha256(packageLock) !== REACT_COMPOSED_TARGET_HASHES['package-lock.json']","conditionForm":"if-consequent","origin":"frozen-adapter","stage":"not-reached","stageBasis":"composes the pinned source-level transforms, which the plan stage does not supply readings for.","file":"packages/frameworks/react/src/react-composed-migration.ts","line":68,"enclosing":"assertMaintainedPackageResult"},{"code":"frozen.react-composed-migration.refused-maintained-dependency-closure-mismatch","message":"Refused: maintained dependency closure mismatch","messageForm":"static","staticSegments":["Refused: maintained dependency closure mismatch"],"classification":"refusal","condition":"manifest.dependencies?.['react-redux'] !== '7.1.3' || manifest.devDependencies?.webpack !== '4.47.0' || manifest.devDependencies?.['terser-webpack-plugin'] !== '1.4.6' || lock.lockfileVersion !== 1 || lock.dependencies?.['react-redux']?.version !== '7.1.3'","conditionForm":"if-consequent","origin":"frozen-adapter","stage":"not-reached","stageBasis":"composes the pinned source-level transforms, which the plan stage does not supply readings for.","file":"packages/frameworks/react/src/react-composed-migration.ts","line":84,"enclosing":"assertMaintainedPackageResult"},{"code":"frozen.react-composed-migration.refused-locale-transform-was-not-executed","message":"Refused: locale transform was not executed","messageForm":"static","staticSegments":["Refused: locale transform was not executed"],"classification":"refusal","condition":"!semanticEngine","conditionForm":"if-consequent","origin":"frozen-adapter","stage":"not-reached","stageBasis":"composes the pinned source-level transforms, which the plan stage does not supply readings for.","file":"packages/frameworks/react/src/react-composed-migration.ts","line":137,"enclosing":"planReactComposedMigration"},{"code":"frozen.react-composed-migration.refused-composed-target-sha-256-mismatch-for","message":"Refused: composed target SHA-256 mismatch for ${file}","messageForm":"composed","staticSegments":["Refused: composed target SHA-256 mismatch for"],"classification":"refusal","condition":"sha256(outputs[file]) !== REACT_COMPOSED_TARGET_HASHES[file]","conditionForm":"if-consequent","origin":"frozen-adapter","stage":"not-reached","stageBasis":"composes the pinned source-level transforms, which the plan stage does not supply readings for.","file":"packages/frameworks/react/src/react-composed-migration.ts","line":140,"enclosing":"planReactComposedMigration"},{"code":"frozen.react-connect-to-hooks.refused-missing-semantic-symbol","message":"Refused: missing semantic symbol ${name}","messageForm":"composed","staticSegments":["Refused: missing semantic symbol"],"classification":"refusal","condition":"!symbol","conditionForm":"if-consequent","origin":"frozen-adapter","stage":"not-reached","stageBasis":"a pinned source-level transform. The plan stage states in its own unhandled findings that it supplies neither the exact source digests nor the maintained package/lock pair these transforms are gated on, so no application module is rewritten by it.","file":"packages/frameworks/react/src/react-connect-to-hooks.ts","line":32,"enclosing":"assertSymbol"},{"code":"frozen.react-connect-to-hooks.refused","message":"Refused: ${name} is not the imported binding","messageForm":"composed","staticSegments":["Refused:","is not the imported binding"],"classification":"refusal","condition":"options.imported && !symbol.has(SymbolFlags.Import)","conditionForm":"if-consequent","origin":"frozen-adapter","stage":"not-reached","stageBasis":"a pinned source-level transform. The plan stage states in its own unhandled findings that it supplies neither the exact source digests nor the maintained package/lock pair these transforms are gated on, so no application module is rewritten by it.","file":"packages/frameworks/react/src/react-connect-to-hooks.ts","line":34,"enclosing":"assertSymbol"},{"code":"frozen.react-connect-to-hooks.refused-2","message":"Refused: ${name} reference count ${symbol.references.length} != ${options.references}","messageForm":"composed","staticSegments":["Refused:","reference count","!="],"classification":"refusal","condition":"options.references !== undefined && symbol.references.length !== options.references","conditionForm":"if-consequent","origin":"frozen-adapter","stage":"not-reached","stageBasis":"a pinned source-level transform. The plan stage states in its own unhandled findings that it supplies neither the exact source digests nor the maintained package/lock pair these transforms are gated on, so no application module is rewritten by it.","file":"packages/frameworks/react/src/react-connect-to-hooks.ts","line":36,"enclosing":"assertSymbol"},{"code":"frozen.react-connect-to-hooks.refused-localetoggle-source-sha-256-mismatch","message":"Refused: LocaleToggle source SHA-256 mismatch","messageForm":"static","staticSegments":["Refused: LocaleToggle source SHA-256 mismatch"],"classification":"refusal","condition":"sha256(source) !== (options.expectedSha256 ?? LOCALE_TOGGLE_SOURCE_SHA256)","conditionForm":"if-consequent","origin":"frozen-adapter","stage":"not-reached","stageBasis":"a pinned source-level transform. The plan stage states in its own unhandled findings that it supplies neither the exact source digests nor the maintained package/lock pair these transforms are gated on, so no application module is rewritten by it.","file":"packages/frameworks/react/src/react-connect-to-hooks.ts","line":46,"enclosing":"transformReactConnectToHooks"},{"code":"frozen.react-connect-to-hooks.refused-yuku-diagnostics","message":"Refused: Yuku diagnostics: ${JSON.stringify(module.diagnostics)}","messageForm":"composed","staticSegments":["Refused: Yuku diagnostics:"],"classification":"refusal","condition":"module.diagnostics.length","conditionForm":"if-consequent","origin":"frozen-adapter","stage":"not-reached","stageBasis":"a pinned source-level transform. The plan stage states in its own unhandled findings that it supplies neither the exact source digests nor the maintained package/lock pair these transforms are gated on, so no application module is rewritten by it.","file":"packages/frameworks/react/src/react-connect-to-hooks.ts","line":49,"enclosing":"transformReactConnectToHooks"},{"code":"frozen.react-connect-to-hooks.refused-exact-transform-span-missing-or-ambiguous","message":"Refused: exact transform span missing or ambiguous","messageForm":"static","staticSegments":["Refused: exact transform span missing or ambiguous"],"classification":"refusal","condition":"start < 0 || output.indexOf(before, start + 1) >= 0","conditionForm":"if-consequent","origin":"frozen-adapter","stage":"not-reached","stageBasis":"a pinned source-level transform. The plan stage states in its own unhandled findings that it supplies neither the exact source digests nor the maintained package/lock pair these transforms are gated on, so no application module is rewritten by it.","file":"packages/frameworks/react/src/react-connect-to-hooks.ts","line":63,"enclosing":"transformReactConnectToHooks"},{"code":"frozen.react-connect-to-hooks.refused-transformed-yuku-diagnostics","message":"Refused: transformed Yuku diagnostics: ${JSON.stringify(target.diagnostics)}","messageForm":"composed","staticSegments":["Refused: transformed Yuku diagnostics:"],"classification":"refusal","condition":"target.diagnostics.length","conditionForm":"if-consequent","origin":"frozen-adapter","stage":"not-reached","stageBasis":"a pinned source-level transform. The plan stage states in its own unhandled findings that it supplies neither the exact source digests nor the maintained package/lock pair these transforms are gated on, so no application module is rewritten by it.","file":"packages/frameworks/react/src/react-connect-to-hooks.ts","line":74,"enclosing":"transformReactConnectToHooks"},{"code":"frozen.react-connect-to-hooks.refused-legacy-wiring-remains-after-transform","message":"Refused: legacy wiring remains after transform","messageForm":"static","staticSegments":["Refused: legacy wiring remains after transform"],"classification":"refusal","condition":"target.rootScope.find('connect') || target.rootScope.find('mapStateToProps')","conditionForm":"if-consequent","origin":"frozen-adapter","stage":"not-reached","stageBasis":"a pinned source-level transform. The plan stage states in its own unhandled findings that it supplies neither the exact source digests nor the maintained package/lock pair these transforms are gated on, so no application module is rewritten by it.","file":"packages/frameworks/react/src/react-connect-to-hooks.ts","line":81,"enclosing":"transformReactConnectToHooks"},{"code":"frozen.react-cra-process-global.build-outdir-is-unresolved","message":"${CAPABILITY}: build outDir is unresolved","messageForm":"composed","staticSegments":[": build outDir is unresolved"],"classification":"unclassified","condition":"!outputDirectory","conditionForm":"if-consequent","origin":"frozen-adapter","stage":"build","stageBasis":"carries the create-react-app process-global plugin, which runs inside the lane build.","file":"packages/frameworks/react/src/react-cra-process-global.ts","line":567,"enclosing":"handler"},{"code":"frozen.react-cra-vite-adapter.node-core-module","message":"Node core module \"${module}\" has no webpack 4 browser shim","messageForm":"composed","staticSegments":["Node core module \"","\" has no webpack 4 browser shim"],"classification":"unclassified","condition":"specifier === undefined","conditionForm":"if-consequent","origin":"frozen-adapter","stage":"plan-or-build","stageBasis":"carries craEntryDocument, which composeReactPlan calls at plan time, and the create-react-app compatibility plugins, which run inside the lane build.","file":"packages/frameworks/react/src/react-cra-vite-adapter.ts","line":260,"enclosing":"resolveCraNodeCoreModule"},{"code":"frozen.react-cra-vite-adapter.create-react-app-compatibility-this-build-imports-the-node-core-","message":"create-react-app compatibility: this build imports the Node core module \"${module}\", which webpack 4 resolved to the browser shim \"${specifier}\". The package \"${craNodeCoreShimPackage(specifier)}\" is absent from the application dependency closure at ${origin}, so \"${module}\" cannot be provided and would reach the browser as an undefined stub. Install it into that closure or drop the import.","messageForm":"composed","staticSegments":["create-react-app compatibility: this build imports the Node core module \"","\",","which webpack 4 resolved to the browser shim \"","\". The package","\"","\" is absent from the application dependency","closure at",", so \"","\" cannot be provided and would reach the browser","as an undefined stub. Install it into that closure or drop the import."],"classification":"unclassified","condition":"unconditional within resolveCraNodeCoreModule","conditionForm":"unconditional","origin":"frozen-adapter","stage":"plan-or-build","stageBasis":"carries craEntryDocument, which composeReactPlan calls at plan time, and the create-react-app compatibility plugins, which run inside the lane build.","file":"packages/frameworks/react/src/react-cra-vite-adapter.ts","line":264,"enclosing":"resolveCraNodeCoreModule"},{"code":"frozen.react-cra-vite-adapter.cra-node-core-module-resolution-has-no-application-root","message":"CRA node core module resolution has no application root","messageForm":"static","staticSegments":["CRA node core module resolution has no application root"],"classification":"unclassified","condition":"!applicationRoot","conditionForm":"if-consequent","origin":"frozen-adapter","stage":"plan-or-build","stageBasis":"carries craEntryDocument, which composeReactPlan calls at plan time, and the create-react-app compatibility plugins, which run inside the lane build.","file":"packages/frameworks/react/src/react-cra-vite-adapter.ts","line":344,"enclosing":"resolve"},{"code":"frozen.react-cra-vite-adapter.create-react-app-compatibility-the-dependency-module","message":"create-react-app compatibility: the dependency module ${file} parses as neither a script nor an ECMAScript module, so webpack 4's sloppy-mode CommonJS wrapper cannot be reproduced for it and an implicit global it may rely on would reach the browser as a ReferenceError. Parser diagnostics: ${scan.diagnostics.join('; ')}","messageForm":"composed","staticSegments":["create-react-app compatibility: the dependency module","parses as neither","a script nor an ECMAScript module, so webpack 4's sloppy-mode CommonJS wrapper","cannot be reproduced for it and an implicit global it may rely on would reach","the browser as a ReferenceError. Parser diagnostics:"],"classification":"unclassified","condition":"scan.kind === 'unanalyzable'","conditionForm":"if-consequent","origin":"frozen-adapter","stage":"plan-or-build","stageBasis":"carries craEntryDocument, which composeReactPlan calls at plan time, and the create-react-app compatibility plugins, which run inside the lane build.","file":"packages/frameworks/react/src/react-cra-vite-adapter.ts","line":552,"enclosing":"transform"},{"code":"frozen.react-cra-vite-adapter.create-react-app-compatibility-the-dependency-module-2","message":"create-react-app compatibility: the dependency module ${origin} is stored in ${encoding}, which is not UTF-8 and is not an encoding this capability decodes. webpack 4 read every module as UTF-8 regardless of its encoding, so it would have turned this file into mojibake rather than reading it correctly, and reproducing that is not claimed here. Re-encode the file as UTF-8 or drop the import.","messageForm":"composed","staticSegments":["create-react-app compatibility: the dependency module","is stored in",",","which is not UTF-8 and is not an encoding this capability decodes. webpack 4 read every","module as UTF-8 regardless of its encoding, so it would have turned this file into","mojibake rather than reading it correctly, and reproducing that is not claimed here.","Re-encode the file as UTF-8 or drop the import."],"classification":"unclassified","condition":"unconditional within craDecodedModuleSource","conditionForm":"unconditional","origin":"frozen-adapter","stage":"plan-or-build","stageBasis":"carries craEntryDocument, which composeReactPlan calls at plan time, and the create-react-app compatibility plugins, which run inside the lane build.","file":"packages/frameworks/react/src/react-cra-vite-adapter.ts","line":726,"enclosing":"craDecodedModuleSource"},{"code":"frozen.react-cra-vite-adapter.cra-public-directory-outdir-is-unresolved","message":"CRA public directory outDir is unresolved","messageForm":"static","staticSegments":["CRA public directory outDir is unresolved"],"classification":"unclassified","condition":"!outputDirectory","conditionForm":"if-consequent","origin":"frozen-adapter","stage":"plan-or-build","stageBasis":"carries craEntryDocument, which composeReactPlan calls at plan time, and the create-react-app compatibility plugins, which run inside the lane build.","file":"packages/frameworks/react/src/react-cra-vite-adapter.ts","line":930,"enclosing":"handler"},{"code":"frozen.react-data-flow-connect-to-hooks.refused-missing-semantic-symbol","message":"Refused: missing semantic symbol ${name}","messageForm":"composed","staticSegments":["Refused: missing semantic symbol"],"classification":"refusal","condition":"!symbol","conditionForm":"if-consequent","origin":"frozen-adapter","stage":"not-reached","stageBasis":"a pinned source-level transform, gated on readings the plan stage does not supply.","file":"packages/frameworks/react/src/react-data-flow-connect-to-hooks.ts","line":19,"enclosing":"assertSymbol"},{"code":"frozen.react-data-flow-connect-to-hooks.refused","message":"Refused: ${name} is not the imported binding","messageForm":"composed","staticSegments":["Refused:","is not the imported binding"],"classification":"refusal","condition":"options.imported && !symbol.has(SymbolFlags.Import)","conditionForm":"if-consequent","origin":"frozen-adapter","stage":"not-reached","stageBasis":"a pinned source-level transform, gated on readings the plan stage does not supply.","file":"packages/frameworks/react/src/react-data-flow-connect-to-hooks.ts","line":21,"enclosing":"assertSymbol"},{"code":"frozen.react-data-flow-connect-to-hooks.refused-2","message":"Refused: ${name} reference count ${symbol.references.length} != ${options.references}","messageForm":"composed","staticSegments":["Refused:","reference count","!="],"classification":"refusal","condition":"symbol.references.length !== options.references","conditionForm":"if-consequent","origin":"frozen-adapter","stage":"not-reached","stageBasis":"a pinned source-level transform, gated on readings the plan stage does not supply.","file":"packages/frameworks/react/src/react-data-flow-connect-to-hooks.ts","line":23,"enclosing":"assertSymbol"},{"code":"frozen.react-data-flow-connect-to-hooks.refused-3","message":"Refused: ${options.path} source SHA-256 mismatch","messageForm":"composed","staticSegments":["Refused:","source SHA-256 mismatch"],"classification":"refusal","condition":"sha256(source) !== options.expectedSha256","conditionForm":"if-consequent","origin":"frozen-adapter","stage":"not-reached","stageBasis":"a pinned source-level transform, gated on readings the plan stage does not supply.","file":"packages/frameworks/react/src/react-data-flow-connect-to-hooks.ts","line":39,"enclosing":"transform"},{"code":"frozen.react-data-flow-connect-to-hooks.refused-yuku-diagnostics","message":"Refused: Yuku diagnostics: ${JSON.stringify(module.diagnostics)}","messageForm":"composed","staticSegments":["Refused: Yuku diagnostics:"],"classification":"refusal","condition":"module.diagnostics.length","conditionForm":"if-consequent","origin":"frozen-adapter","stage":"not-reached","stageBasis":"a pinned source-level transform, gated on readings the plan stage does not supply.","file":"packages/frameworks/react/src/react-data-flow-connect-to-hooks.ts","line":42,"enclosing":"transform"},{"code":"frozen.react-data-flow-connect-to-hooks.refused-exact-transform-span-missing-or-ambiguous","message":"Refused: exact transform span missing or ambiguous","messageForm":"static","staticSegments":["Refused: exact transform span missing or ambiguous"],"classification":"refusal","condition":"start < 0 || code.indexOf(before, start + 1) >= 0","conditionForm":"if-consequent","origin":"frozen-adapter","stage":"not-reached","stageBasis":"a pinned source-level transform, gated on readings the plan stage does not supply.","file":"packages/frameworks/react/src/react-data-flow-connect-to-hooks.ts","line":50,"enclosing":"transform"},{"code":"frozen.react-data-flow-connect-to-hooks.refused-transformed-yuku-diagnostics","message":"Refused: transformed Yuku diagnostics: ${JSON.stringify(target.diagnostics)}","messageForm":"composed","staticSegments":["Refused: transformed Yuku diagnostics:"],"classification":"refusal","condition":"target.diagnostics.length","conditionForm":"if-consequent","origin":"frozen-adapter","stage":"not-reached","stageBasis":"a pinned source-level transform, gated on readings the plan stage does not supply.","file":"packages/frameworks/react/src/react-data-flow-connect-to-hooks.ts","line":61,"enclosing":"transform"},{"code":"frozen.react-data-flow-connect-to-hooks.refused-legacy-wiring-remains","message":"Refused: legacy wiring remains: ${legacy}","messageForm":"composed","staticSegments":["Refused: legacy wiring remains:"],"classification":"refusal","condition":"target.rootScope.find(legacy)","conditionForm":"if-consequent","origin":"frozen-adapter","stage":"not-reached","stageBasis":"a pinned source-level transform, gated on readings the plan stage does not supply.","file":"packages/frameworks/react/src/react-data-flow-connect-to-hooks.ts","line":75,"enclosing":"transform"},{"code":"frozen.react-next-static-adapter.next-static-migration","message":"Next static migration: ${id} uses a Next.js surface this adapter does not lift. Nothing in this module was rewritten, because a partially lifted module would build and then differ from the application it replaced. Diagnostics: ${scan.diagnostics.join('; ')}","messageForm":"composed","staticSegments":["Next static migration:","uses a Next.js surface this adapter does not lift.","Nothing in this module was rewritten, because a partially lifted module would","build and then differ from the application it replaced.","Diagnostics:"],"classification":"unclassified","condition":"scan.diagnostics.length > 0","conditionForm":"if-consequent","origin":"frozen-adapter","stage":"not-reached","stageBasis":"the Next.js lineage is refused by planApplication before any adapter is composed.","file":"packages/frameworks/react/src/react-next-static-adapter.ts","line":409,"enclosing":"liftNextStaticModule"},{"code":"frozen.react-next-static-adapter.next-static-migration-2","message":"Next static migration: ${origin} is not a Babel configuration object.","messageForm":"composed","staticSegments":["Next static migration:","is not a Babel configuration object."],"classification":"unclassified","condition":"typeof configuration !== 'object' || configuration === null","conditionForm":"if-consequent","origin":"frozen-adapter","stage":"not-reached","stageBasis":"the Next.js lineage is refused by planApplication before any adapter is composed.","file":"packages/frameworks/react/src/react-next-static-adapter.ts","line":751,"enclosing":"planNextBabelPreset"},{"code":"frozen.react-next-static-adapter.next-static-migration-3","message":"Next static migration: ${origin} declares the Babel preset(s) ${foreign.join(', ')} alongside ${nextBabelPresetName}. This translation reads ${nextBabelPresetName} only, and a preset it has not read may transform the emitted code in ways the migrated build would not reproduce.","messageForm":"composed","staticSegments":["Next static migration:","declares the Babel preset(s)","alongside",". This translation reads","only, and a preset it has not read may transform the emitted code in ways the","migrated build would not reproduce."],"classification":"unclassified","condition":"foreign.length > 0","conditionForm":"if-consequent","origin":"frozen-adapter","stage":"not-reached","stageBasis":"the Next.js lineage is refused by planApplication before any adapter is composed.","file":"packages/frameworks/react/src/react-next-static-adapter.ts","line":761,"enclosing":"planNextBabelPreset"},{"code":"frozen.react-next-static-adapter.next-static-migration-4","message":"Next static migration: ${origin} declares the Babel plugin(s) ${unknownPlugins.join(', ')}, which this translation has no reading for. A Babel plugin nobody has read transforms the emitted code by an unknown amount, so the plan refuses rather than dropping it.","messageForm":"composed","staticSegments":["Next static migration:","declares the Babel plugin(s)",", which this translation has no reading for. A Babel","plugin nobody has read transforms the emitted code by an unknown amount, so the","plan refuses rather than dropping it."],"classification":"unclassified","condition":"unknownPlugins.length > 0","conditionForm":"if-consequent","origin":"frozen-adapter","stage":"not-reached","stageBasis":"the Next.js lineage is refused by planApplication before any adapter is composed.","file":"packages/frameworks/react/src/react-next-static-adapter.ts","line":773,"enclosing":"planNextBabelPreset"},{"code":"frozen.react-next-static-adapter.next-static-migration-5","message":"Next static migration: ${origin} is not readable as JSON: ${error instanceof Error ? error.message : String(error)}","messageForm":"composed","staticSegments":["Next static migration:","is not readable as JSON:"],"classification":"unclassified","condition":"unconditional within planNextBabelPresetSource","conditionForm":"unconditional","origin":"frozen-adapter","stage":"not-reached","stageBasis":"the Next.js lineage is refused by planApplication before any adapter is composed.","file":"packages/frameworks/react/src/react-next-static-adapter.ts","line":814,"enclosing":"planNextBabelPresetSource"},{"code":"frozen.react-next-static-adapter.next-static-migration-6","message":"Next static migration: ${file} uses a Next.js surface this adapter does not lift. Diagnostics: ${scan.diagnostics.join('; ')}","messageForm":"composed","staticSegments":["Next static migration:","uses a Next.js surface this adapter does not","lift. Diagnostics:"],"classification":"unclassified","condition":"scan.diagnostics.length > 0","conditionForm":"if-consequent","origin":"frozen-adapter","stage":"not-reached","stageBasis":"the Next.js lineage is refused by planApplication before any adapter is composed.","file":"packages/frameworks/react/src/react-next-static-adapter.ts","line":894,"enclosing":"transform"},{"code":"frozen.react-vite-origin-adapter.vite-origin-migration-the-era-configuration-could-not-be-parsed-","message":"Vite origin migration: the era configuration could not be parsed, so nothing about it can be translated and lifting it would carry unread options into the target build. Parser diagnostics: ${facts.diagnostics.join('; ')}","messageForm":"composed","staticSegments":["Vite origin migration: the era configuration could not be parsed, so nothing about","it can be translated and lifting it would carry unread options into the target","build. Parser diagnostics:"],"classification":"unclassified","condition":"facts.diagnostics.length > 0","conditionForm":"if-consequent","origin":"frozen-adapter","stage":"plan-or-build","stageBasis":"carries planViteOriginConfigSource, which composeReactPlan calls at plan time for a Vite-origin tree, and the Vite-origin adapter plugins, which run inside a build.","file":"packages/frameworks/react/src/react-vite-origin-adapter.ts","line":331,"enclosing":"planViteOriginConfig"},{"code":"frozen.react-vite-origin-adapter.vite-origin-migration-the-era-configuration-declares","message":"Vite origin migration: the era configuration declares ${facts.dynamicOptionKeys} option key(s) that are computed rather than written literally, so this capability cannot say what they configure. Rewrite them as literal keys or translate the configuration by hand.","messageForm":"composed","staticSegments":["Vite origin migration: the era configuration declares","option key(s) that are computed rather than written literally, so this capability","cannot say what they configure. Rewrite them as literal keys or translate the","configuration by hand."],"classification":"unclassified","condition":"facts.dynamicOptionKeys > 0","conditionForm":"if-consequent","origin":"frozen-adapter","stage":"plan-or-build","stageBasis":"carries planViteOriginConfigSource, which composeReactPlan calls at plan time for a Vite-origin tree, and the Vite-origin adapter plugins, which run inside a build.","file":"packages/frameworks/react/src/react-vite-origin-adapter.ts","line":337,"enclosing":"planViteOriginConfig"},{"code":"frozen.react-vite-origin-adapter.vite-origin-migration-the-era-configuration-declares-the-option-","message":"Vite origin migration: the era configuration declares the option(s) ${unsupported.join(', ')}, which this capability has no translation rule for. Carrying them across unexamined would mean claiming a migrated configuration while their current-Vite reading is unknown. Add a rule for each, or translate the configuration by hand.","messageForm":"composed","staticSegments":["Vite origin migration: the era configuration declares the option(s)",", which this capability has no translation rule for.","Carrying them across unexamined would mean claiming a migrated configuration while","their current-Vite reading is unknown. Add a rule for each, or translate the","configuration by hand."],"classification":"unclassified","condition":"unsupported.length > 0","conditionForm":"if-consequent","origin":"frozen-adapter","stage":"plan-or-build","stageBasis":"carries planViteOriginConfigSource, which composeReactPlan calls at plan time for a Vite-origin tree, and the Vite-origin adapter plugins, which run inside a build.","file":"packages/frameworks/react/src/react-vite-origin-adapter.ts","line":345,"enclosing":"planViteOriginConfig"},{"code":"frozen.react-vite-origin-adapter.vite-origin-migration-the-era-configuration-imports","message":"Vite origin migration: the era configuration imports \"${specifier}\", which this capability has no translation for. A Vite 2 plugin usually loads without error under a current Vite plugin container it was never written against, so leaving it in place would produce a build nobody has established anything about. Add a translation for it, or remove it from the configuration deliberately.","messageForm":"composed","staticSegments":["Vite origin migration: the era configuration imports \"","\", which this","capability has no translation for. A Vite 2 plugin usually loads without error","under a current Vite plugin container it was never written against, so leaving","it in place would produce a build nobody has established anything about. Add a","translation for it, or remove it from the configuration deliberately."],"classification":"unclassified","condition":"translation === null","conditionForm":"if-consequent","origin":"frozen-adapter","stage":"plan-or-build","stageBasis":"carries planViteOriginConfigSource, which composeReactPlan calls at plan time for a Vite-origin tree, and the Vite-origin adapter plugins, which run inside a build.","file":"packages/frameworks/react/src/react-vite-origin-adapter.ts","line":357,"enclosing":"planViteOriginConfig"},{"code":"frozen.react-vite-origin-adapter.vite-origin-migration","message":"Vite origin migration: \"${extension}\" needs no CSS preprocessor package","messageForm":"composed","staticSegments":["Vite origin migration: \"","\" needs no CSS preprocessor package"],"classification":"unclassified","condition":"specifier === undefined","conditionForm":"if-consequent","origin":"frozen-adapter","stage":"plan-or-build","stageBasis":"carries planViteOriginConfigSource, which composeReactPlan calls at plan time for a Vite-origin tree, and the Vite-origin adapter plugins, which run inside a build.","file":"packages/frameworks/react/src/react-vite-origin-adapter.ts","line":425,"enclosing":"resolveVitePreprocessor"},{"code":"frozen.react-vite-origin-adapter.vite-origin-migration-this-build-imports","message":"Vite origin migration: this build imports \"${extension}\" stylesheets, which Vite compiles with the \"${specifier}\" package resolved from the application's own dependency closure. It is absent from that closure at ${origin}, so every \"${extension}\" import would fail inside the CSS pipeline. Install it into that closure or drop the stylesheets.","messageForm":"composed","staticSegments":["Vite origin migration: this build imports \"","\" stylesheets, which Vite","compiles with the \"","\" package resolved from the application's own","dependency closure. It is absent from that closure at",", so every","\"","\" import would fail inside the CSS pipeline. Install it into that","closure or drop the stylesheets."],"classification":"unclassified","condition":"unconditional within resolveVitePreprocessor","conditionForm":"unconditional","origin":"frozen-adapter","stage":"plan-or-build","stageBasis":"carries planViteOriginConfigSource, which composeReactPlan calls at plan time for a Vite-origin tree, and the Vite-origin adapter plugins, which run inside a build.","file":"packages/frameworks/react/src/react-vite-origin-adapter.ts","line":429,"enclosing":"resolveVitePreprocessor"},{"code":"frozen.react-vite-origin-adapter.vite-origin-migration-2","message":"Vite origin migration: ${id} calls a removed Vite client API in a shape this capability cannot rewrite faithfully. Left alone the call would survive the build and throw in the browser, so it is refused rather than approximated. Diagnostics: ${scan.diagnostics.join('; ')}","messageForm":"composed","staticSegments":["Vite origin migration:","calls a removed Vite client API in a shape this","capability cannot rewrite faithfully. Left alone the call would survive the build","and throw in the browser, so it is refused rather than approximated.","Diagnostics:"],"classification":"unclassified","condition":"scan.diagnostics.length > 0","conditionForm":"if-consequent","origin":"frozen-adapter","stage":"plan-or-build","stageBasis":"carries planViteOriginConfigSource, which composeReactPlan calls at plan time for a Vite-origin tree, and the Vite-origin adapter plugins, which run inside a build.","file":"packages/frameworks/react/src/react-vite-origin-adapter.ts","line":553,"enclosing":"rewriteRemovedViteClientApis"}],"recordedRefusals":[{"callee":"refuse","message":"${String(candidates.length)} renames claim '${declaredType}.${member}', so which one describes this tree is not established","messageForm":"composed","origin":"frozen-adapter","file":"packages/frameworks/angular/src/declared-type-member-rename.ts","line":167,"enclosing":"recorded through a local helper"},{"callee":"refuse","message":"no member surface was read for '${rename.package}' ${rename.type}","messageForm":"composed","origin":"frozen-adapter","file":"packages/frameworks/angular/src/declared-type-member-rename.ts","line":179,"enclosing":"recorded through a local helper"},{"callee":"refuse","message":"the member surface of ${rename.type} in '${rename.package}'@${surface.version} is incomplete, so it cannot establish that ${rename.to} is declared or that ${rename.from} is not","messageForm":"composed","origin":"frozen-adapter","file":"packages/frameworks/angular/src/declared-type-member-rename.ts","line":183,"enclosing":"recorded through a local helper"},{"callee":"refuse","message":"${rename.since} is said to have renamed ${rename.from} to ${rename.to}, and ${rename.type} in '${rename.package}'@${surface.version} does not declare ${rename.to}","messageForm":"composed","origin":"frozen-adapter","file":"packages/frameworks/angular/src/declared-type-member-rename.ts","line":192,"enclosing":"recorded through a local helper"},{"callee":"refuse","message":"${rename.type} in '${rename.package}'@${surface.version} still declares ${rename.from}, so the diagnostic does not describe this closure and the rename would be a rewrite of working code","messageForm":"composed","origin":"frozen-adapter","file":"packages/frameworks/angular/src/declared-type-member-rename.ts","line":200,"enclosing":"recorded through a local helper"},{"callee":"refuse","message":"column ${String(column)} is not a position in this file","messageForm":"composed","origin":"frozen-adapter","file":"packages/frameworks/angular/src/declared-type-member-rename.ts","line":210,"enclosing":"recorded through a local helper"},{"callee":"refuse","message":"column ${String(column)} is not where '${member}' is written","messageForm":"composed","origin":"frozen-adapter","file":"packages/frameworks/angular/src/declared-type-member-rename.ts","line":214,"enclosing":"recorded through a local helper"},{"callee":"refuse","message":"column ${String(column)} is not the property of a static member expression, so the ${member} the compiler named cannot be placed","messageForm":"composed","origin":"frozen-adapter","file":"packages/frameworks/angular/src/declared-type-member-rename.ts","line":219,"enclosing":"recorded through a local helper"},{"callee":"refuse","message":"'${member}' is missing from the declared ${declaredType}, but it is not spelled as a vendor-prefixed CSS property, so it is not a member this capability can say the platform still carries; it was left exactly as it is","messageForm":"composed","origin":"frozen-adapter","file":"packages/frameworks/angular/src/departed-dom-lib-member.ts","line":157,"enclosing":"recorded through a local helper"},{"callee":"refuse","message":"column ${String(column)} is not a position in this file","messageForm":"composed","origin":"frozen-adapter","file":"packages/frameworks/angular/src/departed-dom-lib-member.ts","line":167,"enclosing":"recorded through a local helper"},{"callee":"refuse","message":"column ${String(column)} is not where '${member}' is written","messageForm":"composed","origin":"frozen-adapter","file":"packages/frameworks/angular/src/departed-dom-lib-member.ts","line":171,"enclosing":"recorded through a local helper"},{"callee":"refuse","message":"column ${String(column)} is not the property of a static member access, so the receiver this capability would widen cannot be read","messageForm":"composed","origin":"frozen-adapter","file":"packages/frameworks/angular/src/departed-dom-lib-member.ts","line":176,"enclosing":"recorded through a local helper"},{"callee":"refuse","message":"the module carries ${String(imports.declarations.length)} declarations of it and this capability rewrites one","messageForm":"composed","origin":"frozen-adapter","file":"packages/frameworks/angular/src/http-client-call-surface.ts","line":346,"enclosing":"recorded through a local helper"},{"callee":"refuse","message":"the declaration carries a default or namespace binding, whose members cannot be resolved to a successor by name","messageForm":"static","origin":"frozen-adapter","file":"packages/frameworks/angular/src/http-client-call-surface.ts","line":351,"enclosing":"recorded through a local helper"},{"callee":"refuse","message":"no successor surface was read for '${claim.package}'","messageForm":"composed","origin":"frozen-adapter","file":"packages/frameworks/angular/src/http-client-call-surface.ts","line":359,"enclosing":"recorded through a local helper"},{"callee":"refuse","message":"the surface of '${claim.package}'@${reading.version} is incomplete, so it establishes neither that a successor is published nor that the replaced name is not","messageForm":"composed","origin":"frozen-adapter","file":"packages/frameworks/angular/src/http-client-call-surface.ts","line":361,"enclosing":"recorded through a local helper"},{"callee":"refuse","message":"'${claim.package}'@${reading.version} still answers it, so the rewrite would be a rewrite of working code","messageForm":"composed","origin":"frozen-adapter","file":"packages/frameworks/angular/src/http-client-call-surface.ts","line":366,"enclosing":"recorded through a local helper"},{"callee":"refuse","message":"no rule of this capability is written for ${name}","messageForm":"composed","origin":"frozen-adapter","file":"packages/frameworks/angular/src/http-client-call-surface.ts","line":385,"enclosing":"recorded through a local helper"},{"callee":"refuse","message":"'${claim.package}'@${reading.version} does not publish ${claim.client.to}","messageForm":"composed","origin":"frozen-adapter","file":"packages/frameworks/angular/src/http-client-call-surface.ts","line":392,"enclosing":"recorded through a local helper"},{"callee":"refuse","message":"no complete declaration of ${claim.client.to} was read, so neither the members it publishes nor the options they take are established","messageForm":"composed","origin":"frozen-adapter","file":"packages/frameworks/angular/src/http-client-call-surface.ts","line":396,"enclosing":"recorded through a local helper"},{"callee":"refuse","message":"${claim.client.to} is already bound in this module's root scope","messageForm":"composed","origin":"frozen-adapter","file":"packages/frameworks/angular/src/http-client-call-surface.ts","line":401,"enclosing":"recorded through a local helper"},{"callee":"refuse","message":"${claim.client.from} is used at line ${String(lineOf(source, node.start))} other than as the declared type of an injected parameter, and the successor is a different service and not a different spelling","messageForm":"composed","origin":"frozen-adapter","file":"packages/frameworks/angular/src/http-client-call-surface.ts","line":410,"enclosing":"recorded through a local helper"},{"callee":"refuse","message":"${claim.client.from} annotates a parameter with no name","messageForm":"composed","origin":"frozen-adapter","file":"packages/frameworks/angular/src/http-client-call-surface.ts","line":417,"enclosing":"recorded through a local helper"},{"callee":"refuse","message":"'${claim.package}'@${reading.version} does not publish ${claim.headers.to}","messageForm":"composed","origin":"frozen-adapter","file":"packages/frameworks/angular/src/http-client-call-surface.ts","line":437,"enclosing":"recorded through a local helper"},{"callee":"refuse","message":"no complete declaration of ${claim.headers.to} was read, so whether its mutators return a new instance is not established","messageForm":"composed","origin":"frozen-adapter","file":"packages/frameworks/angular/src/http-client-call-surface.ts","line":439,"enclosing":"recorded through a local helper"},{"callee":"refuse","message":"${claim.headers.to} is already bound in this module's root scope","messageForm":"composed","origin":"frozen-adapter","file":"packages/frameworks/angular/src/http-client-call-surface.ts","line":444,"enclosing":"recorded through a local helper"},{"callee":"refuse","message":"${claim.headers.from} is used in no position at all","messageForm":"composed","origin":"frozen-adapter","file":"packages/frameworks/angular/src/http-client-call-surface.ts","line":447,"enclosing":"recorded through a local helper"},{"callee":"refuse","message":"${claim.headers.from} annotates something at line ${String(lineOf(source, node.start))} this capability does not read","messageForm":"composed","origin":"frozen-adapter","file":"packages/frameworks/angular/src/http-client-call-surface.ts","line":460,"enclosing":"recorded through a local helper"},{"callee":"refuse","message":"${claim.headers.from} is used at line ${String(lineOf(source, node.start))} other than as a type or a `new` target","messageForm":"composed","origin":"frozen-adapter","file":"packages/frameworks/angular/src/http-client-call-surface.ts","line":473,"enclosing":"recorded through a local helper"},{"callee":"refuse","message":"${claim.headers.to}.${mutator} was not read as returning a new ${claim.headers.to}, so whether the era mutation survives a rename is not established","messageForm":"composed","origin":"frozen-adapter","file":"packages/frameworks/angular/src/http-client-call-surface.ts","line":499,"enclosing":"recorded through a local helper"},{"callee":"refuse","message":"the era ${claim.headers.from}.${mutator} at line ${String(lineOf(source, node.start))} is not a discarded statement, and its successor returns a value where the era one returned nothing","messageForm":"composed","origin":"frozen-adapter","file":"packages/frameworks/angular/src/http-client-call-surface.ts","line":508,"enclosing":"recorded through a local helper"},{"callee":"refuse","message":"${claim.client.to} publishes no ${site.memberName} at line ${String(where)}, so the call has no successor to be carried to","messageForm":"composed","origin":"frozen-adapter","file":"packages/frameworks/angular/src/http-client-call-surface.ts","line":550,"enclosing":"recorded through a local helper"},{"callee":"refuse","message":"the options of the call at line ${String(where)} are not readable as plain properties, so which of them the successor still publishes cannot be established","messageForm":"composed","origin":"frozen-adapter","file":"packages/frameworks/angular/src/http-client-call-surface.ts","line":564,"enclosing":"recorded through a local helper"},{"callee":"refuse","message":"the call at line ${String(where)} passes ${unanswered.sort(compareStrings).join(', ')} and neither ${claim.client.to}.${site.memberName} nor ${claim.client.to}.${claim.client.requestMember} publishes it, so carrying the call would drop what the era request sent","messageForm":"composed","origin":"frozen-adapter","file":"packages/frameworks/angular/src/http-client-call-surface.ts","line":575,"enclosing":"recorded through a local helper"},{"callee":"refuse","message":"the call at line ${String(where)} passes no url to relocate","messageForm":"composed","origin":"frozen-adapter","file":"packages/frameworks/angular/src/http-client-call-surface.ts","line":588,"enclosing":"recorded through a local helper"},{"callee":"refuse","message":"the flow returned from the call at line ${String(where)} calls .${claim.response.bodyAccessor}() on what the era client emitted, and the application declares no `Observable<T>` return type this capability can read the emitted type from. Removing the accessor without restating the type would leave the flow typed by nothing the application ever wrote","messageForm":"composed","origin":"frozen-adapter","file":"packages/frameworks/angular/src/http-client-call-surface.ts","line":663,"enclosing":"recorded through a local helper"},{"callee":"refuse","message":"${claim.response.from} is used at line ${String(lineOf(source, node.start))} other than as a type, and the successor emits a parsed body rather than a response","messageForm":"composed","origin":"frozen-adapter","file":"packages/frameworks/angular/src/http-client-call-surface.ts","line":709,"enclosing":"recorded through a local helper"},{"callee":"refuse","message":"${claim.response.from} annotates something at line ${String(lineOf(source, node.start))} that is not the parameter of an operator callback in a pipe, so what the annotation describes is not established","messageForm":"composed","origin":"frozen-adapter","file":"packages/frameworks/angular/src/http-client-call-surface.ts","line":717,"enclosing":"recorded through a local helper"},{"callee":"refuse","message":"${plan.path} declares no class ${plan.className} this capability can rewrite","messageForm":"composed","origin":"frozen-adapter","file":"packages/frameworks/angular/src/modal-content-params-migration.ts","line":457,"enclosing":"recorded through a local helper"},{"callee":"refuse","message":"${plan.path} cannot name ${ANGULAR_CORE_MODULE}'s ${ANGULAR_INJECT}: the name is already bound to something else, or the module declares no imports to add it to","messageForm":"composed","origin":"frozen-adapter","file":"packages/frameworks/angular/src/modal-content-params-migration.ts","line":464,"enclosing":"recorded through a local helper"},{"callee":"refuse","message":"${plan.path} cannot name ${NG_ZORRO_MODAL_MODULE}'s ${MODAL_DATA_TOKEN}: the name is already bound to something else, or the module declares no imports to add it to","messageForm":"composed","origin":"frozen-adapter","file":"packages/frameworks/angular/src/modal-content-params-migration.ts","line":472,"enclosing":"recorded through a local helper"},{"callee":"refuse","message":"${plan.path}: ${plan.className} declares no field ${field}, which a modal supplied through ${REMOVED_COMPONENT_PARAMS_OPTION}","messageForm":"composed","origin":"frozen-adapter","file":"packages/frameworks/angular/src/modal-content-params-migration.ts","line":488,"enclosing":"recorded through a local helper"},{"callee":"refuse","message":"${plan.path}: ${plan.className}.${field} is static, so a modal cannot supply it","messageForm":"composed","origin":"frozen-adapter","file":"packages/frameworks/angular/src/modal-content-params-migration.ts","line":495,"enclosing":"recorded through a local helper"},{"callee":"refuse","message":"${plan.path}: ${plan.className}.${field} carries a decorator other than ${ANGULAR_CORE_MODULE}'s ${ANGULAR_INPUT}, whose meaning under injector-provided data this capability cannot establish","messageForm":"composed","origin":"frozen-adapter","file":"packages/frameworks/angular/src/modal-content-params-migration.ts","line":502,"enclosing":"recorded through a local helper"},{"callee":"refuse","message":"${[]}","messageForm":"composed","origin":"frozen-adapter","file":"packages/frameworks/angular/src/node-core-binding-migration.ts","line":206,"enclosing":"recorded through a local helper"},{"callee":"refuse","message":"${[ `${path}: the import of '${specifier}' carries a default or namespace binding, whose ` + 'members are reached through a value rather than by name, so no call site of it can be ' + 'resolved and the module was left exactly as it is', ]}","messageForm":"composed","origin":"frozen-adapter","file":"packages/frameworks/angular/src/node-core-binding-migration.ts","line":208,"enclosing":"recorded through a local helper"},{"callee":"refuse","message":"${refusals}","messageForm":"composed","origin":"frozen-adapter","file":"packages/frameworks/angular/src/node-core-binding-migration.ts","line":237,"enclosing":"recorded through a local helper"},{"callee":"refuse","message":"${refusals}","messageForm":"composed","origin":"frozen-adapter","file":"packages/frameworks/angular/src/node-core-binding-migration.ts","line":322,"enclosing":"recorded through a local helper"},{"callee":"refuse","message":"no root surface was read for '${root}', so ${specifier} was left as it is","messageForm":"composed","origin":"frozen-adapter","file":"packages/frameworks/angular/src/removed-entry-point-symbol-successor.ts","line":150,"enclosing":"recorded through a local helper"},{"callee":"refuse","message":"the root surface of '${root}'@${reading.version} is incomplete, so it establishes neither that a successor is published nor that the replaced name is not","messageForm":"composed","origin":"frozen-adapter","file":"packages/frameworks/angular/src/removed-entry-point-symbol-successor.ts","line":154,"enclosing":"recorded through a local helper"},{"callee":"refuse","message":"'${root}'@${reading.version} still answers ${specifier}, so the diagnostic does not describe this closure and the rewrite would be a rewrite of working code","messageForm":"composed","origin":"frozen-adapter","file":"packages/frameworks/angular/src/removed-entry-point-symbol-successor.ts","line":161,"enclosing":"recorded through a local helper"},{"callee":"refuse","message":"${specifier} is unreachable and the declaration carries a default or namespace binding, whose members cannot be resolved to a successor by name","messageForm":"composed","origin":"frozen-adapter","file":"packages/frameworks/angular/src/removed-entry-point-symbol-successor.ts","line":186,"enclosing":"recorded through a local helper"},{"callee":"refuse","message":"${specifier} is unreachable and the declaration names no symbol — it is imported for its side effect, and nothing about the published surface says which entry point runs the same one","messageForm":"composed","origin":"frozen-adapter","file":"packages/frameworks/angular/src/removed-entry-point-symbol-successor.ts","line":193,"enclosing":"recorded through a local helper"},{"callee":"refuse","message":"${specifier} is unreachable and ${reason}. The whole declaration was left as it is: rewriting the symbols that do resolve would leave the ones that do not pointing at a module this tree does not answer.","messageForm":"composed","origin":"frozen-adapter","file":"packages/frameworks/angular/src/removed-entry-point-symbol-successor.ts","line":265,"enclosing":"recorded through a local helper"},{"callee":"refused","message":"${refusals}","messageForm":"composed","origin":"frozen-adapter","file":"packages/frameworks/angular/src/rxjs-prototype-patch-migration.ts","line":308,"enclosing":"recorded through a local helper"},{"callee":"refused","message":"${inserted.refusals}","messageForm":"composed","origin":"frozen-adapter","file":"packages/frameworks/angular/src/rxjs-prototype-patch-migration.ts","line":335,"enclosing":"recorded through a local helper"},{"callee":"refuse","message":"takes more arguments than ${BROWSER_TRACING_FACTORY} accepts","messageForm":"composed","origin":"frozen-adapter","file":"packages/frameworks/angular/src/sentry-v8-migration.ts","line":577,"enclosing":"recorded through a local helper"},{"callee":"refuse","message":"is configured with something other than a plain object literal, so what it sets cannot be established","messageForm":"static","origin":"frozen-adapter","file":"packages/frameworks/angular/src/sentry-v8-migration.ts","line":597,"enclosing":"recorded through a local helper"},{"callee":"refuse","message":"passes a ${REMOVED_ROUTING_INSTRUMENTATION} this capability cannot resolve to ${SENTRY_ANGULAR_MODULE}'s own, which is the only one v8's integration performs for itself","messageForm":"composed","origin":"frozen-adapter","file":"packages/frameworks/angular/src/sentry-v8-migration.ts","line":615,"enclosing":"recorded through a local helper"},{"callee":"refuse","message":"sets ${REMOVED_TRACING_ORIGINS_OPTION}, whose v8 successor ${TRACE_PROPAGATION_TARGETS_OPTION} is a ${SENTRY_INIT} option, but no ${SENTRY_ANGULAR_MODULE} ${SENTRY_INIT} options literal encloses it","messageForm":"composed","origin":"frozen-adapter","file":"packages/frameworks/angular/src/sentry-v8-migration.ts","line":632,"enclosing":"recorded through a local helper"},{"callee":"refuse","message":"sets ${REMOVED_TRACING_ORIGINS_OPTION}, but the enclosing ${SENTRY_INIT} options literal is not a plain object literal, so ${TRACE_PROPAGATION_TARGETS_OPTION} cannot be established there","messageForm":"composed","origin":"frozen-adapter","file":"packages/frameworks/angular/src/sentry-v8-migration.ts","line":641,"enclosing":"recorded through a local helper"},{"callee":"refuse","message":"sets ${REMOVED_TRACING_ORIGINS_OPTION}, but the enclosing ${SENTRY_INIT} call already declares ${TRACE_PROPAGATION_TARGETS_OPTION}, and this capability will not overwrite a value the application chose","messageForm":"composed","origin":"frozen-adapter","file":"packages/frameworks/angular/src/sentry-v8-migration.ts","line":649,"enclosing":"recorded through a local helper"},{"callee":"refuse","message":"column ${String(column)} is not a position in this file","messageForm":"composed","origin":"frozen-adapter","file":"packages/frameworks/angular/src/suggested-export-rename.ts","line":152,"enclosing":"recorded through a local helper"},{"callee":"refuse","message":"column ${String(column)} is not the exported name of an import specifier, so the ${imported} the compiler named cannot be placed","messageForm":"composed","origin":"frozen-adapter","file":"packages/frameworks/angular/src/suggested-export-rename.ts","line":157,"enclosing":"recorded through a local helper"},{"callee":"refuse","message":"the compiler named ${imported} and the import at that position is not that name","messageForm":"composed","origin":"frozen-adapter","file":"packages/frameworks/angular/src/suggested-export-rename.ts","line":166,"enclosing":"recorded through a local helper"},{"callee":"refuse","message":"${imported} is not imported from a literal module specifier","messageForm":"composed","origin":"frozen-adapter","file":"packages/frameworks/angular/src/suggested-export-rename.ts","line":178,"enclosing":"recorded through a local helper"},{"callee":"refuse","message":"${imported} comes from '${moduleSpecifier}', which is a subpath rather than a package root; the surface measured here is the root surface, so the rename is not proved","messageForm":"composed","origin":"frozen-adapter","file":"packages/frameworks/angular/src/suggested-export-rename.ts","line":182,"enclosing":"recorded through a local helper"},{"callee":"refuse","message":"no export surface was read for '${moduleSpecifier}'","messageForm":"composed","origin":"frozen-adapter","file":"packages/frameworks/angular/src/suggested-export-rename.ts","line":191,"enclosing":"recorded through a local helper"},{"callee":"refuse","message":"the export surface of '${moduleSpecifier}'@${surface.version} is incomplete, so it cannot establish that ${suggested} is published or that ${imported} is not","messageForm":"composed","origin":"frozen-adapter","file":"packages/frameworks/angular/src/suggested-export-rename.ts","line":195,"enclosing":"recorded through a local helper"},{"callee":"refuse","message":"the compiler suggested ${suggested}, and '${moduleSpecifier}'@${surface.version} does not export it","messageForm":"composed","origin":"frozen-adapter","file":"packages/frameworks/angular/src/suggested-export-rename.ts","line":203,"enclosing":"recorded through a local helper"},{"callee":"refuse","message":"'${moduleSpecifier}'@${surface.version} exports ${imported}, so the diagnostic does not describe this closure and the rename would be a rewrite of working code","messageForm":"composed","origin":"frozen-adapter","file":"packages/frameworks/angular/src/suggested-export-rename.ts","line":211,"enclosing":"recorded through a local helper"},{"callee":"refuse","message":"${imported} is imported without an alias and its binding does not resolve","messageForm":"composed","origin":"frozen-adapter","file":"packages/frameworks/angular/src/suggested-export-rename.ts","line":223,"enclosing":"recorded through a local helper"},{"callee":"refuse","message":"${imported} is imported without an alias and ${suggested} is already declared in this module, so renaming the binding would change which symbol its uses mean","messageForm":"composed","origin":"frozen-adapter","file":"packages/frameworks/angular/src/suggested-export-rename.ts","line":227,"enclosing":"recorded through a local helper"},{"callee":"refuse","message":"column ${String(column)} is not a position in this file","messageForm":"composed","origin":"frozen-adapter","file":"packages/frameworks/angular/src/unparameterised-base-class.ts","line":218,"enclosing":"recorded through a local helper"},{"callee":"refuse","message":"column ${String(column)} is not where '${base}' is written","messageForm":"composed","origin":"frozen-adapter","file":"packages/frameworks/angular/src/unparameterised-base-class.ts","line":222,"enclosing":"recorded through a local helper"},{"callee":"refuse","message":"column ${String(column)} is not the start of an identifier","messageForm":"composed","origin":"frozen-adapter","file":"packages/frameworks/angular/src/unparameterised-base-class.ts","line":227,"enclosing":"recorded through a local helper"},{"callee":"refuse","message":"'${base}' at this position does not resolve to a binding","messageForm":"composed","origin":"frozen-adapter","file":"packages/frameworks/angular/src/unparameterised-base-class.ts","line":232,"enclosing":"recorded through a local helper"},{"callee":"refuse","message":"'${base}' resolves to a binding this module declares rather than one it imports, so the closure reading does not describe it","messageForm":"composed","origin":"frozen-adapter","file":"packages/frameworks/angular/src/unparameterised-base-class.ts","line":237,"enclosing":"recorded through a local helper"},{"callee":"refuse","message":"'${base}' is a local alias of '${String(record.name)}', and the declaration reading was taken of the exported name","messageForm":"composed","origin":"frozen-adapter","file":"packages/frameworks/angular/src/unparameterised-base-class.ts","line":245,"enclosing":"recorded through a local helper"},{"callee":"refuse","message":"the import of '${base}' has no literal module specifier","messageForm":"composed","origin":"frozen-adapter","file":"packages/frameworks/angular/src/unparameterised-base-class.ts","line":258,"enclosing":"recorded through a local helper"},{"callee":"refuse","message":"no declaration reading was taken for '${base}'","messageForm":"composed","origin":"frozen-adapter","file":"packages/frameworks/angular/src/unparameterised-base-class.ts","line":263,"enclosing":"recorded through a local helper"},{"callee":"refuse","message":"'${base}' was read from '${reading.specifier}' and this module imports it from '${specifier}'","messageForm":"composed","origin":"frozen-adapter","file":"packages/frameworks/angular/src/unparameterised-base-class.ts","line":267,"enclosing":"recorded through a local helper"},{"callee":"refuse","message":"the compiler says '${base}' requires ${String(required)} type argument(s) and ${reading.declaration} declares ${String(reading.parameters.length)}","messageForm":"composed","origin":"frozen-adapter","file":"packages/frameworks/angular/src/unparameterised-base-class.ts","line":275,"enclosing":"recorded through a local helper"},{"callee":"refuse","message":"'${base}' requires ${String(required)} type arguments, and a reading that proves one argument proves nothing about the others","messageForm":"composed","origin":"frozen-adapter","file":"packages/frameworks/angular/src/unparameterised-base-class.ts","line":283,"enclosing":"recorded through a local helper"},{"callee":"refuse","message":"the compiler named the parameter '${String(parameters[0])}' and ${reading.declaration} declares '${String(parameter?.name)}'","messageForm":"composed","origin":"frozen-adapter","file":"packages/frameworks/angular/src/unparameterised-base-class.ts","line":292,"enclosing":"recorded through a local helper"},{"callee":"refuse","message":"${reading.declaration} gives '${parameter.name}' a default, so TS2314 does not describe this declaration and the reading is of the wrong tree","messageForm":"composed","origin":"frozen-adapter","file":"packages/frameworks/angular/src/unparameterised-base-class.ts","line":300,"enclosing":"recorded through a local helper"},{"callee":"refuse","message":"'${parameter.name}' is unconstrained in ${reading.declaration}, so no published type is proved to be the argument it wants","messageForm":"composed","origin":"frozen-adapter","file":"packages/frameworks/angular/src/unparameterised-base-class.ts","line":308,"enclosing":"recorded through a local helper"},{"callee":"refuse","message":"the closure publishes no companion type for '${base}', so the argument for '${parameter.name}' would be a name this reading did not find","messageForm":"composed","origin":"frozen-adapter","file":"packages/frameworks/angular/src/unparameterised-base-class.ts","line":317,"enclosing":"recorded through a local helper"},{"callee":"refuse","message":"'${companion.name}' extends '${String(companion.extendsConstraint)}' and '${parameter.name}' is constrained to '${parameter.constraint}', so substituting it is not proved by the declaration","messageForm":"composed","origin":"frozen-adapter","file":"packages/frameworks/angular/src/unparameterised-base-class.ts","line":325,"enclosing":"recorded through a local helper"},{"callee":"refuse","message":"'${companion.name}' declares no members of its own, so it restates '${parameter.constraint}' rather than narrowing it","messageForm":"composed","origin":"frozen-adapter","file":"packages/frameworks/angular/src/unparameterised-base-class.ts","line":334,"enclosing":"recorded through a local helper"},{"callee":"refuse","message":"'${base}' already carries a type argument list at this position","messageForm":"composed","origin":"frozen-adapter","file":"packages/frameworks/angular/src/unparameterised-base-class.ts","line":342,"enclosing":"recorded through a local helper"},{"callee":"refuse","message":"'${companion.name}' is already declared in this module, so importing it would change which symbol its uses mean","messageForm":"composed","origin":"frozen-adapter","file":"packages/frameworks/angular/src/unparameterised-base-class.ts","line":347,"enclosing":"recorded through a local helper"},{"callee":"refuse","message":"${specifier} is claimed for more than one successor specifier (${[...successorSpecifiers].sort(compareStrings).join(', ')}), and one declaration cannot be rewritten onto two","messageForm":"composed","origin":"frozen-adapter","file":"packages/frameworks/angular/src/use-position-symbol-successor.ts","line":469,"enclosing":"recorded through a local helper"},{"callee":"refuse","message":"no successor surface was read for '${root}', so ${specifier} was left as it is","messageForm":"composed","origin":"frozen-adapter","file":"packages/frameworks/angular/src/use-position-symbol-successor.ts","line":481,"enclosing":"recorded through a local helper"},{"callee":"refuse","message":"the surface of '${root}'@${reading.version} is incomplete, so it establishes neither that a successor is published nor that the replaced name is not","messageForm":"composed","origin":"frozen-adapter","file":"packages/frameworks/angular/src/use-position-symbol-successor.ts","line":485,"enclosing":"recorded through a local helper"},{"callee":"refuse","message":"'${root}'@${reading.version} still answers ${specifier}, so the diagnostic does not describe this closure and the rewrite would be a rewrite of working code","messageForm":"composed","origin":"frozen-adapter","file":"packages/frameworks/angular/src/use-position-symbol-successor.ts","line":492,"enclosing":"recorded through a local helper"},{"callee":"refuse","message":"${specifier} is unreachable and the declaration carries a default or namespace binding, whose members cannot be resolved to a successor by name","messageForm":"composed","origin":"frozen-adapter","file":"packages/frameworks/angular/src/use-position-symbol-successor.ts","line":517,"enclosing":"recorded through a local helper"},{"callee":"refuse","message":"${specifier} is unreachable and the declaration names no symbol — it is imported for its side effect, and nothing about the published surface says which entry point runs the same one","messageForm":"composed","origin":"frozen-adapter","file":"packages/frameworks/angular/src/use-position-symbol-successor.ts","line":524,"enclosing":"recorded through a local helper"},{"callee":"refuse","message":"${specifier} is unreachable and ${reason}. The whole declaration was left as it is: rewriting the symbols that do resolve would leave the ones that do not pointing at a module this tree does not answer.","messageForm":"composed","origin":"frozen-adapter","file":"packages/frameworks/angular/src/use-position-symbol-successor.ts","line":657,"enclosing":"recorded through a local helper"}],"notEstablished":["This census enumerates refusals expressed as a thrown Error or as a refuse() call in the scanned files. A refusal expressed as a returned value, as a rejected promise built elsewhere, or as a thrown non-Error value is not counted here.","Refusals emitted by tools this pipeline shells out to are not this repository’s strings and are not enumerated. The install stage records the two npm policy conditions it checks the lockfile for; it does not enumerate npm’s own refusal vocabulary.","A `stage` is a static reading of which operator stage composes the module, with its basis recorded. It is not a proof that a particular site is reachable at that stage: no per-site reachability was computed.","`messageForm: composed` means the string is assembled at runtime. The recorded message reproduces the source form with each interpolated expression written as ${...}; it is not a string any run necessarily emitted.","A site in a frozen subtree is recorded as `refusal` only when its own message declares it one by beginning with `Refused:`. Every other frozen site is `unclassified`: the frozen subtrees do not separate a refusal from an assertion in their throw vocabulary, and this census does not impose a separation on them.","`recordedRefusals` are call sites in the frozen subtrees named refuse or refused, where a local helper records a reason rather than throwing one. They carry no code, stage or origin of their own, and this census reads only their reason argument and their location. What each helper does with the reason it was handed is not modelled here.","A count of refusal sites is not a count of refusable applications, and it is not a coverage number."]}}


--- node --experimental-strip-types packages/cli/src/cli.ts report:coverage --offline --verify-only (exit 0) ---
{"result":"pass","mode":"verified","trustDigest":"443f82436041cded28d40b53ca8916ab8fd0660d3294d97443995e8646c1039c","machineArtifact":"evidence/trust/current/coverage-report.json","humanDocument":"evidence/trust/current/coverage-report.md","machineArtifactSha256":"c9bf0882c9c80942d62c80b29647da7f7794c048ad9d47d2eddea8e89c928723","humanDocumentSha256":"093275a6b4d710a856b48ecf3a704a66dd839bebb8e58ed5cffb13dfc1514c23","coverageDigest":"65b247d1272c9bfa5b32a276da86fd7543983db5c995c24244b1d0fcc79f6d9a","certification":"not-certified"}


--- node --experimental-strip-types packages/cli/src/cli.ts supported-matrix --offline (exit 0) ---
Versionless derived support matrix
source: evidence/trust/current/enterprise-report.json (trust package digest 443f82436041cded28d40b53ca8916ab8fd0660d3294d97443995e8646c1039c)
certification: not-certified
  assurance: This package is evidence, not certification, legal assurance, PCI compliance, or SOC 2 attestation.
  integrity: hash-only; authenticity is not established
  slsaLevel: not-claimed

derivation: Every green cell below is filtered out of the Judge counting ledger the corpus derived and cross-checked against that corpus numerator and denominator. No cell is listed by hand, and a cell edited into this record fails re-derivation.

angular: 4 counted of 4 proven cells
  - angular-factoriolab — angular-factoriolab
    acceptance: Judge-accepted: Angular CLI 10.1 to 16.2 browser-builder across six majors with application source really rewritten, proven in the browser with byte-identical mutation restoration.
    witness receipt: evidence/runs/witness-angular-factoriolab/receipt.json
    vertical angular-factoriolab: runtime node-12.14.1-to-node-16.20.2, bundler angular-cli-10.1-browser-builder-to-angular-16.2-browser-builder, migration production-readiness-direct-witness-angular10-to-angular16-browser-builder, browser proof verified-direct-witness, behavior digest 77d9bf5fe4d72a7db2ca5dc760fd1ce3bd13a936b765b85bfa6cb0621022ae42
  - angular-jira-clone — angular-jira-clone
    acceptance: Judge-accepted: Angular CLI 13.2 custom-webpack to 16.2 browser-builder, absorbing a non-default builder and rewriting application source, proven in the browser on a second independent Angular application.
    witness receipt: evidence/runs/witness-angular-jira-clone/receipt.json
    vertical angular-jira-clone: runtime node-16.20.2, bundler angular-cli-13.2-custom-webpack-browser-builder-to-angular-16.2-browser-builder, migration production-readiness-direct-witness-angular13-to-angular16-browser-builder, browser proof verified-direct-witness, behavior digest 18e281d93e0f50a632ed0a4c9bc613e9b5601ca0a5ec68a36c578e6ed6620308
  - angular-tiny-translator-v0-12-0 — angular-tiny-translator
    acceptance: Judge-accepted (T016 re-freeze audit): an eleven-major Angular CLI 1.5.4 to 16.2 browser-builder lift with application source really rewritten, proven in the browser with byte-identical mutation restoration. Its era-defect service-worker registration stays recorded rather than masked and does not disqualify the migration from the Angular numerator; the receipt keeps its own per-vertical scoreboard recorded rather than masked.
    witness receipt: evidence/runs/witness-angular-tiny-translator-v0-12-0/receipt.json
    vertical angular-tiny-translator-v0-12-0: runtime node-8.9.3-to-node-16.20.2, bundler angular-cli-1.5.4-webpack-3.8.1-to-angular-16.2-browser-builder, migration production-readiness-direct-witness-angular5-to-angular16-browser-builder, browser proof verified-direct-witness, behavior digest 890ddd697619de1273c1bddf5cb504d7cad9eeb54c4503d8a458f3c72bd6405f
  - angular-super-productivity-v2-13-15 — angular-super-productivity
    acceptance: Judge-accepted (T016 re-freeze audit): an eight-major Angular CLI 8.3.4 to 16.2 browser-builder lift with application source really rewritten, proven in the browser. Its declared cross-lane appearance differences and unseeded Sass random() build instability across the supersede boundary stay recorded rather than masked and do not disqualify the migration from the Angular numerator; the receipt keeps its own per-vertical scoreboard recorded rather than masked.
    witness receipt: evidence/runs/witness-angular-super-productivity-v2-13-15/receipt.json
    vertical angular-super-productivity-v2-13-15: runtime node-12.14.1-to-node-16.20.2, bundler angular-cli-8.3.4-webpack-4-to-angular-16.2-browser-builder, migration production-readiness-direct-witness-angular8-viewengine-to-angular16-browser-builder, browser proof verified-direct-witness, behavior digest d90ec2ca7e8ea609845518300d0b1e7d9f4908100bdabcc15b44879931dd380a

react: 6 counted of 6 proven cells
  - react-boilerplate — react-boilerplate
    acceptance: Judge-accepted: webpack 4.30.0 to Vite 8.0.16 across Node 16 to Node 24 with a direct-Witness browser proof, byte-identical mutation restoration, and a current zero-service-worker policy reconciliation on the same immutable source.
    witness receipt: evidence/runs/witness-react-boilerplate/receipt.json
    vertical react-boilerplate-v4: runtime Node 16.20.2 EOL compatibility sandbox, bundler webpack 4.30.0, migration not-recorded-in-the-corpus-record, browser proof not-recorded-in-the-corpus-record, behavior digest not-recorded-in-the-corpus-record
    vertical react-boilerplate-v4-node24: runtime Node 24.15.0 darwin-arm64, bundler webpack 4.47.0, migration not-recorded-in-the-corpus-record, browser proof not-recorded-in-the-corpus-record, behavior digest not-recorded-in-the-corpus-record
    vertical react-boilerplate-v4-vite8: runtime Node 24.15.0 darwin-arm64, bundler Vite 8.0.16, migration not-recorded-in-the-corpus-record, browser proof not-recorded-in-the-corpus-record, behavior digest not-recorded-in-the-corpus-record
    vertical react-boilerplate-v4-data-flow: runtime Node 24.15.0 darwin-arm64, bundler Vite 8.0.16, migration not-recorded-in-the-corpus-record, browser proof not-recorded-in-the-corpus-record, behavior digest not-recorded-in-the-corpus-record
    vertical react-boilerplate-v4-composed: runtime Node 16.20.2 legacy / Node 24.15.0 target, bundler webpack 4.30.0 / Vite 8.0.16, migration not-recorded-in-the-corpus-record, browser proof not-recorded-in-the-corpus-record, behavior digest not-recorded-in-the-corpus-record
  - react-papercups-v1-0-0 — papercups
    acceptance: Judge-accepted: a create-react-app 3.4.1 production application really moved to a Vite 8 build, with behavioral parity and mutation restoration proven in the browser rather than inferred from the build.
    witness receipt: evidence/runs/witness-react-papercups/receipt.json
    vertical react-papercups-v1-0-0: runtime node-16.20.2-to-node-24.15.0, bundler webpack-4.42.0-to-vite-8.0.16, migration create-react-app-3.4.1-to-vite8-build, browser proof verified-direct-witness, behavior digest a2d4dbb6f844dfb8ee2d78cfc64e9981b6a91186030f345a7e6ffb9975eb9917
  - react-hospitalrun — react-hospitalrun
    acceptance: Judge-accepted: a create-react-app 3.4.4 application on Node 12 reached a booting Vite 8 build on Node 24, and its baseline/migrated service-worker difference is recorded rather than masked, so the cell is counted with its difference visible.
    witness receipt: evidence/runs/witness-react-hospitalrun/receipt.json
    vertical react-hospitalrun: runtime node-12.14.1-to-node-24.15.0, bundler webpack-4.42.0-to-vite-8.0.16, migration create-react-app-3.4.4-to-vite8-build-and-boot, browser proof verified-direct-witness, behavior digest bb87c861e83fe5cdce99ba3c2ea6ef0523a66f4c1a75d8d8be0f10411c7b6fed
  - react-memos-v0-1-3 — react-memos
    acceptance: Judge-accepted (T016 re-freeze audit): a substantive old-Vite-origin React application (Vite 2.9.5 to Vite 8) really migrated with a direct-Witness browser proof and byte-identical mutation restoration. React-lineage is measured by the charter oracle regardless of origin bundler, so it counts toward the React numerator; the receipt keeps its own per-vertical scoreboard recorded rather than masked.
    witness receipt: evidence/runs/witness-react-memos-v0-1-3/receipt.json
    vertical react-memos-v0-1-3: runtime node-16.20.2-to-node-24.15.0, bundler vite-2.9.5-to-vite-8.0.16, migration production-readiness-direct-witness-old-vite-origin-to-vite8, browser proof verified-direct-witness, behavior digest d5e08daffeb7765ba6722700587762a702fe74b5357f32fa4d069512014ad934
  - next-killedbygoogle-v3-0-0 — next-killedbygoogle-v3-0-0
    acceptance: Judge-accepted (T016 charter ruling): Next.js-on-React is React-lineage per the charter completion target ("six React-lineage applications ... at least one legacy Next.js app"), so this legacy-Next v3.0.0 vertical is the legacy-Next member of the six and counts toward the React numerator. It carries the informational legacy-next sub-tag; its baseline/migrated document-delivery difference stays recorded rather than masked, and the retired olderNext separate numerator folds into React here.
    witness receipt: evidence/runs/witness-next-killedbygoogle-v3-0-0/receipt.json
    vertical next-killedbygoogle-v3-0-0: runtime node-16.20.2, bundler next-12.0.10-vendored-webpack-5-to-vite-8.0.16-rolldown, migration production-readiness-direct-witness-next12-static-export-to-vite8-client-build, browser proof verified-direct-witness, behavior digest 240554452bac31af556f6888c0fdb3a5523ff6cc6e839a5a345d64d8204a480f
  - react-linkfree-v0-72-0 — react-linkfree
    acceptance: Judge-accepted (T016 re-freeze audit): a create-react-app 5 application really migrated to a Vite 8 build with a direct-Witness browser proof and byte-identical mutation restoration. Its synthetic profile corpus is the recorded boundary of the claim, published rather than hidden, and does not disqualify the migration from the React numerator; the receipt keeps its own per-vertical scoreboard recorded rather than masked.
    witness receipt: evidence/runs/witness-react-linkfree-v0-72-0/receipt.json
    vertical react-linkfree-v0-72-0: runtime node-16.20.2-to-node-24.15.0, bundler webpack-5.73.0-to-vite-8.0.16, migration production-readiness-direct-witness-create-react-app-5-to-vite8, browser proof verified-direct-witness, behavior digest 09432cbf2578c35c1d04e74219e8411c075505943914fbe91b197c2da46929a1

demoted cells
  - angular-realworld-v15-to-v16 (angular): Judge-declined and demoted from the denominator: the migration changed applicationFilesChanged=0 application files, so it is an Angular 15-to-16 dependency version bump rebuilt under AOT rather than a proven application migration. Its browser-proof receipt stays verified and retained; it is excluded from the Angular denominator rather than counted, which is why the Angular total is four non-demoted cells and not five.

holdouts
  - holdout-react-cypress-rwa — cypress-realworld-app (react)
    outcome: passed
    counting: This holdout passed, and it is still counted in no lineage numerator: a passing holdout shows the frozen adapter carrying one further application, not a migrated-application product count. It is published rather than folded into any numerator.
    reason: This is a holdout, not a certification: it shows the frozen adapter carrying one further application end to end, not generic support.
    receipt: evidence/runs/holdout-react-cypress-rwa/green-2026-08-13/receipt.json (76f0b5bd0d8a3fa0596d3c5d190c764ee7402f4e5c27870d36bdb3fa5f04a73e)
  - holdout-angular-eshop-webspa — eShopOnContainers WebSPA (angular)
    outcome: witness-passed-on-bounded-anonymous-catalog-surface
    counting: Never counted in any lineage numerator by this record. The migrated production build is green and repeatable, and the Witness is green on the anonymous catalog surface — twice per lane, one parity digest, with a mutation-red and byte-restore proof under it. What that leaves unproven is stated beside it: every surface outside the anonymous catalog: identity is out of surface and basket, orders and campaigns are out of surface behind it, the SignalR hub was never reached, and text entry and drag were not tested — those surfaces are unproven rather than proven absent. Whether a holdout proven on a bounded surface should ever reach a numerator is the Judge's decision, taken on the Judge's ledger and not here. The install RED under the frozen f1a63359 composite is retained beside all of it as the record of what the frozen adapter did.
    reason: every surface outside the anonymous catalog: identity is out of surface and basket, orders and campaigns are out of surface behind it, the SignalR hub was never reached, and text entry and drag were not tested — those surfaces are unproven rather than proven absent
    proven surface: anonymous-catalog
    not covered: identity — out-of-surface
    not covered: basket — out-of-surface
    not covered: orders — out-of-surface
    not covered: campaigns — out-of-surface
    not covered: signalr — not-reached
    not covered: text-entry — not-tested
    not covered: drag — not-tested
    receipt: evidence/runs/holdout-angular-eshop-webspa/receipt.json (fb921b46925f03947781629dce85b03fb51ad3a0969197098181d10486563fb9)

permanent falsification history
  - holdout-angular-pigallery2 — pigallery2, lane migrated, state red, frozen adapter 4df7bc961033fc5856b4d58e0bca9f11ad2aa9d43aaaee726956f34d209b37e7, receipt evidence/runs/holdout-angular-pigallery2/receipt.json (39a133ff97c37622a4a1821f20e7c442c9bc22ed7597a3e73cbd31323ab2bb10)
  - holdout-angular-eshop-webspa — eShopOnContainers WebSPA, lane migrated-at-install-under-frozen-composite, state red, frozen adapter f1a63359210b87c04408b27cf8c40e88e1b47d44bcc7f5a9be20d9478dc71012, receipt evidence/runs/holdout-angular-eshop-webspa/receipt.json (fb921b46925f03947781629dce85b03fb51ad3a0969197098181d10486563fb9)
  - holdout-react-cypress-rwa — cypress-realworld-app, lane migrated, state red, frozen adapter d9f75ef677cb850f664cc188abf77b8ebfd24e84cb58d147b74e9bbaa143eb77, receipt evidence/runs/holdout-react-cypress-rwa/receipt.json (7ec6f18b27d2967cd533ba89505e8a76590c1866aec8bd7a8d8543cd87743aae)

declared boundaries
  amendment.amends: angular-16-pre-ivy-only-dependency
  amendment.appendOnly: true
  amendment.declaredBy: lrapr-t022 boundary ruling, follow-up ruling (Judge, 2026-08-14) after the gate-zero screen
  amendment.immutabilityNote: Appended beside the declaration, never merged into it. The pigallery2 receipt that established the boundary is unchanged, its digest is unchanged, and the boundary condition, mechanism, certification language and non-claims are unchanged. This record only adds reading rules, prevalence and the population statement.
  amendment.populationStatement: Any application clearing this gate is, by construction, drawn from a narrower and younger-dependency population than the webpack-era enterprise fleet this goal targets: its entire third-party Angular surface must still be maintained or have a published successor. A GREEN holdout therefore speaks for the supported cell only, and is not evidence about the fleet shape the 5-of-6 prevalence describes.
  amendment.prevalence.applicationsExamined: 6
  amendment.prevalence.applicationsObservedWithTheCondition: 5
  amendment.prevalence.distinctCondition.application: eShopOnContainers
  amendment.prevalence.distinctCondition.condition: first-party-successor removal
  amendment.prevalence.distinctCondition.count: 1
  amendment.prevalence.distinctCondition.countedInPrevalence: false
  amendment.prevalence.distinctCondition.why: The failing dependency, @angular/http, was removed from the framework with a first-party successor named in its registry deprecation metadata, whose bytes are Ivy at the target cell. That is not a dead third-party library with no successor to align to, so it is a different — and narrower — condition than the boundary describes.
  amendment.prevalence.distinctionRationale: A tested failure and a screened failure are different strengths of evidence and are never merged into one number: the tested one measured a build, the screened ones read published metadata. Collapsing them, or counting the distinct sixth condition, would overstate what was measured.
  amendment.prevalence.published: 5-of-6
  amendment.prevalence.screened.applications[0]: cyclos4-ui
  amendment.prevalence.screened.applications[1]: ngx-starter-kit
  amendment.prevalence.screened.applications[2]: tabby
  amendment.prevalence.screened.applications[3]: coreui-free-angular-admin-template
  amendment.prevalence.screened.count: 4
  amendment.prevalence.screened.evidence: docs/goals/legacy-react-angular-production-readiness/notes/t023-candidate-selection.md
  amendment.prevalence.screened.method: boundary-only gate-zero screen from pinned manifests, npm registry documents and published bytes, with the import site found in the pinned source; never installed, built, migrated or trialled
  amendment.prevalence.screened.strength: screened-and-failed
  amendment.prevalence.sourceRecord: docs/goals/legacy-react-angular-production-readiness/notes/t023-candidate-selection.md
  amendment.prevalence.statement: The no-successor pre-Ivy condition was observed in 5 of 6 independently selected webpack-era Angular applications: 1 tested-and-failed and 4 screened-and-failed. The sixth, eShopOnContainers, carries a first-party-successor removal, which is a distinct condition and is not counted in the 5.
  amendment.prevalence.tested.applications[0]: pigallery2
  amendment.prevalence.tested.count: 1
  amendment.prevalence.tested.evidence: evidence/runs/holdout-angular-pigallery2/receipt.json
  amendment.prevalence.tested.method: ingested at a pin, baseline lane run green in the era toolchain, migrated lane run to a RED with no artifact ever produced
  amendment.prevalence.tested.strength: tested-and-failed
  amendment.publishedBy: lrapr-t023/u3-boundary-amend-candidate3-acquire
  amendment.readingRules[0].evidenceRequired[0]: registry deprecation metadata on the dependency that names the successor package
  amendment.readingRules[0].evidenceRequired[1]: the named successor's published Ivy bytes at the target cell
  amendment.readingRules[0].id: successor-across-names
  amendment.readingRules[0].instance.capturedBy: lrapr-t023/u3-boundary-amend-candidate3-acquire
  amendment.readingRules[0].instance.consentId: VL-LEGACY-CORPUS-2026-08-10
  amendment.readingRules[0].instance.deprecationMessage: Package no longer supported. Use @angular/common instead, see https://angular.io/guide/deprecations#angularhttp
  amendment.readingRules[0].instance.distTags.latest: 7.2.16
  amendment.readingRules[0].instance.distTags.next: 8.0.0-beta.10
  amendment.readingRules[0].instance.distTags.v4-lts: 4.4.7
  amendment.readingRules[0].instance.distTags.v5-lts: 5.2.11
  amendment.readingRules[0].instance.distinctDeprecationMessages: 1
  amendment.readingRules[0].instance.nameDifference: The registry string names the package `@angular/common`; the successor API surface inside it is the `@angular/common/http` entry point. The ruling paraphrased the entry point, the registry names the package, and both point at the same first-party successor.
  amendment.readingRules[0].instance.newestPublishedVersion: 7.2.16
  amendment.readingRules[0].instance.package: @angular/http
  amendment.readingRules[0].instance.packumentModified: 2022-06-12T14:41:58.643Z
  amendment.readingRules[0].instance.sources[0].accept: application/json
  amendment.readingRules[0].instance.sources[0].bytes: 3086
  amendment.readingRules[0].instance.sources[0].sha256: f3eeae03e225e29b6a877313eaedac08ac8eb37d964118ce88697039061faadf
  amendment.readingRules[0].instance.sources[0].status: 200
  amendment.readingRules[0].instance.sources[0].url: https://registry.npmjs.org/@angular/http/7.2.16
  amendment.readingRules[0].instance.sources[1].accept: application/vnd.npm.install-v1+json
  amendment.readingRules[0].instance.sources[1].bytes: 253997
  amendment.readingRules[0].instance.sources[1].sha256: fd36610eb553adacaa5110f5ebcb269533d3a1cc3e02eda9fbd4e29834d3a76c
  amendment.readingRules[0].instance.sources[1].status: 200
  amendment.readingRules[0].instance.sources[1].url: https://registry.npmjs.org/@angular/http
  amendment.readingRules[0].instance.successorEntryPoint: @angular/common/http
  amendment.readingRules[0].instance.successorPackageNamed: @angular/common
  amendment.readingRules[0].instance.versionsCarryingThisDeprecation: 122
  amendment.readingRules[0].instance.versionsPublished: 252
  amendment.readingRules[0].kind: ecosystem-availability-fact
  amendment.readingRules[0].neverAnAdapterCapabilityFact: The rule reads published registry metadata and published bytes only. It says nothing about whether the frozen adapter carries the corresponding migration; that is what a holdout run measures, and a RED there is valid falsification rather than a boundary.
  amendment.readingRules[0].precedent: Successor readings across package names are the boundary mechanism the record already used: the G3 ngx-toastr successor-line table read a successor line rather than a same-name version bump.
  amendment.readingRules[0].rule: A successor reading counts across package names: a dependency has a published Ivy successor when registry deprecation metadata names the successor and that named successor ships published Ivy bytes, even where the successor carries a different package name than the dependency it replaces.
  amendment.readingRules[1].evidenceRequired[0]: the pinned compilation graph, rooted at the application entry point
  amendment.readingRules[1].evidenceRequired[1]: the absence of any import site for the dependency in that graph
  amendment.readingRules[1].id: declared-but-never-imported-is-not-active-use
  amendment.readingRules[1].instance.application: eShopOnContainers
  amendment.readingRules[1].instance.declaredVersion: 6.0.0-beta.5
  amendment.readingRules[1].instance.evidence: The WebSPA compilation graph is 60 TypeScript files rooted at Client/main.ts; main.ts, app.module.ts and shared.module.ts carry no preboot import, and the tree has no server-side-rendering entry (main.server.ts / app.server.module.ts are absent), which is the only thing preboot exists for.
  amendment.readingRules[1].instance.package: preboot
  amendment.readingRules[1].instance.verdict: declared but never imported — not active use, so it does not fail the boundary
  amendment.readingRules[1].kind: ecosystem-availability-fact
  amendment.readingRules[1].neverAnAdapterCapabilityFact: The rule is settled by reading the pinned source for import sites, never by asking what a migration would have to do with the dependency.
  amendment.readingRules[1].rule: A dependency that a manifest declares but the application never imports is not in active application use, and therefore cannot fail the boundary. Active use means an import site in the pinned application source on the build path.
  amendment.schemaVersion: versionless.angular-pre-ivy-boundary-amendment.v1
  cell: angular-16-browser-builder
  certification: not-certified: this cell is declared unsupported, not tested-and-failed-once
  condition: pre-Ivy-only dependencies (no published Ivy successor) in active application use => unsupported at the Angular 16 target cell
  declaredBy: lrapr-t022 boundary ruling (Judge, 2026-08-14)
  id: angular-16-pre-ivy-only-dependency
  instanceEvidence.application: pigallery2
  instanceEvidence.digest: 39a133ff97c37622a4a1821f20e7c442c9bc22ed7597a3e73cbd31323ab2bb10
  instanceEvidence.importSites: 6
  instanceEvidence.libraries: 3
  instanceEvidence.receipt: evidence/runs/holdout-angular-pigallery2/receipt.json
  instanceEvidence.wall[0].importSites[0]: frontend/app/app.module.ts:14
  instanceEvidence.wall[0].importSites[1]: frontend/app/ui/gallery/map/map.gallery.component.ts:7
  instanceEvidence.wall[0].importSites[2]: frontend/app/ui/gallery/map/lightbox/lightbox.map.gallery.component.ts:16
  instanceEvidence.wall[0].lastPublishedVersion: 1.1.0
  instanceEvidence.wall[0].library: @yaga/leaflet-ng2
  instanceEvidence.wall[1].importSites[0]: frontend/app/app.module.ts:31
  instanceEvidence.wall[1].importSites[1]: frontend/app/model/network/network.service.ts:4
  instanceEvidence.wall[1].lastPublishedVersion: 4.0.0
  instanceEvidence.wall[1].library: ng2-slim-loading-bar
  instanceEvidence.wall[2].importSites[0]: frontend/app/app.module.ts:41
  instanceEvidence.wall[2].lastPublishedVersion: 2.0.5
  instanceEvidence.wall[2].library: jw-bootstrap-switch-ng2
  lineage: angular
  mechanism: Angular 16 removed ngcc, so ViewEngine bytes cannot be consumed at this cell, and a library whose last published version is pre-Ivy has no successor to align to. Carrying such an application would require editing its source at the import sites, which is an application change rather than a migration the engine can perform.
  nonclaims[0]: No claim that every application carrying a pre-Ivy-only dependency is unmigratable in general: the boundary is declared at the Angular 16 target cell, which is the only Angular cell this engine has.
  nonclaims[1]: No claim that this boundary is unreachable: an ngcc-bearing multi-hop cell (Angular 12 or 13) would consume those bytes. It is a declared tranche-two commitment, not a silent deferral, and it invalidates every Angular 16 cell reading in this record, so it is not taken here.
  nonclaims[2]: No claim that the boundary excuses the pigallery2 RED. The RED is permanent falsification evidence and is published unchanged alongside this declaration.
  publishedBy: lrapr-t023/u1-boundary-publish-refreeze
  state: unsupported

boundary prevalence
  published: 5-of-6
  The no-successor pre-Ivy condition was observed in 5 of 6 independently selected webpack-era Angular applications: 1 tested-and-failed and 4 screened-and-failed. The sixth, eShopOnContainers, carries a first-party-successor removal, which is a distinct condition and is not counted in the 5.
  Any application clearing this gate is, by construction, drawn from a narrower and younger-dependency population than the webpack-era enterprise fleet this goal targets: its entire third-party Angular surface must still be maintained or have a published successor. A GREEN holdout therefore speaks for the supported cell only, and is not evidence about the fleet shape the 5-of-6 prevalence describes.

out of matrix: 50 experimental and 8 cross-proven of 58 capabilities
  A capability is claimed general, and therefore in the matrix, only once at least 2 independent applications prove it. The capabilities below are proven on fewer than that and are out of the matrix; they are named rather than silently claimed.

tranche two: No claim that this boundary is unreachable: an ngcc-bearing multi-hop cell (Angular 12 or 13) would consume those bytes. It is a declared tranche-two commitment, not a silent deferral, and it invalidates every Angular 16 cell reading in this record, so it is not taken here.


--- node -e "const f=require('./evidence/trust/current/adapter-freeze.json');if(!String(f.freeze.composite).startsWith('27741d9c'))throw new Error('freeze composite moved: '+f.freeze.composite);console.log('FREEZE-COMPOSITE-STABLE')" (exit 0) ---
FREEZE-COMPOSITE-STABLE


--- git diff --quiet HEAD -- packages/frameworks/react packages/frameworks/angular packages/core/src/migrations packages/core/src/bundlers packages/core/src/analysis && echo FREEZE-INTACT (exit 0) ---
FREEZE-INTACT


--- node -e "const f=require('./evidence/runs/fleet-batch/t029-undeclared/fleet-summary.json');const t=f.totals;if(t.applications!==6)throw new Error('apps '+t.applications);if(t.interventionCount!==0)throw new Error('interventions '+t.interventionCount);const gone=['era-cell.cell-not-declared-for-framework','era-cell.node-major-not-inferable','ingest.revision-not-determined','ingest.identifier-not-determined'];for(const c of gone)if(t.refusedByCode&&t.refusedByCode[c])throw new Error('T013 refusal survived: '+c);const late=new Set(['plan','apply','install','build','witness']);for(const a of f.applications){if(!a.refusal)continue;if(!late.has(a.refusal.stage))throw new Error(a.id+' still refuses at '+a.refusal.stage+' with '+a.refusal.code)}console.log('PASS1 all 6 past era-cell; refusedByCode='+JSON.stringify(t.refusedByCode)+' proven='+t.proven+' defects='+t.defects)" (exit 0) ---
PASS1 all 6 past era-cell; refusedByCode={"install.lockfile-absent":6} proven=0 defects=0


--- node -e "const f=require('./evidence/runs/fleet-batch/t029-fleet-install-policies/fleet-summary.json');const t=f.totals;if(t.applications!==6)throw new Error('apps');if(t.interventionCount!==0)throw new Error('interventions');console.log('PASS2 proven='+t.proven+' refusedByCode='+JSON.stringify(t.refusedByCode)+' defects='+t.defects)" (exit 0) ---
PASS2 proven=0 refusedByCode={"install.lockfile-absent":6} defects=0


--- node -e "const r=require('./evidence/trust/current/coverage-report.json');if(r.totals.proven<10)throw new Error('sealed proven fell');for(const row of r.applications){if(row.status!=='proven'||row.provenanceOfStatus!=='run-record')continue;const s=row.stages||[];if(s.length===0||!s.every(x=>x.status==='ran'))throw new Error('proven row with stages not all ran: '+row.id)}console.log('COVERAGE proven='+r.totals.proven+' applications='+r.totals.applications)" (exit 0) ---
COVERAGE proven=10 applications=21


