
> react-boilerplate@4.0.0 build
> cross-env NODE_ENV=production webpack --config internals/webpack/webpack.prod.babel.js --color -p --progress --hide-modules --display-optimization-bailout

Hash: 3cfb397ec7917a89159c
Version: webpack 4.47.0
Time: <duration>
Built at: <normalized>
                                                   Asset       Size  Chunks                         Chunk Names
                                               .htaccess   1.75 KiB          [emitted]              
                        14.fc0c2f58c66af061b82c.chunk.js   4.64 KiB      14  [emitted] [immutable]  
                        15.c272fd646ae8d46595eb.chunk.js   12.6 KiB      15  [emitted] [immutable]  
                     15.c272fd646ae8d46595eb.chunk.js.gz   4.41 KiB          [emitted]              
                        16.ed48b24c546e037e3862.chunk.js  932 bytes      16  [emitted] [immutable]  
                        17.5f36ecf689fcbad29999.chunk.js   79 bytes      17  [emitted] [immutable]  
                    2f1a976c9c35ffed9b7e23cf2cbf8f19.jpg    201 KiB          [emitted]              
                         3.d1d1e4296170eb0fe823.chunk.js  249 bytes       3  [emitted] [immutable]  
                                             favicon.ico    361 KiB          [emitted]              
       icon_120x120.2f7752bee9dcd06e998fd44640e47485.png     11 KiB          [emitted]              
       icon_128x128.e76c240129e3d6ee2eb7df8f1e9c7b0f.png   10.7 KiB          [emitted]              
       icon_144x144.f2f644149d1ca21bccb120d44e79c824.png   13.3 KiB          [emitted]              
       icon_152x152.80d43cecdc663299328632b85127117b.png   14.2 KiB          [emitted]              
       icon_167x167.9085aba6ea24073fba72a94b7ac731a1.png   15.8 KiB          [emitted]              
       icon_180x180.33285f999db78beed5640085c051e7b1.png   17.4 KiB          [emitted]              
       icon_192x192.9aeb7f7081bf5316fa2c57b439bffdbe.png   18.4 KiB          [emitted]              
       icon_384x384.f2d8221e40ea55159668a02741826386.png   40.3 KiB          [emitted]              
       icon_512x512.dc20f8a86234c4a7a0b08d5cffff9d4d.png   43.3 KiB          [emitted]              
         icon_72x72.0880a778e8031d3cb721b64c1c1059a7.png   6.05 KiB          [emitted]              
         icon_96x96.e26d703c83c9b5844bb4f58c397f4bf2.png   8.46 KiB          [emitted]              
                                              index.html   2.26 KiB          [emitted]              
                      main.b5c3fd468bdbf5a6a90b.chunk.js    297 KiB       4  [emitted] [immutable]  main
                   main.b5c3fd468bdbf5a6a90b.chunk.js.gz   95.7 KiB          [emitted]              
          manifest.47e77a2731a1bb975ed19ced8741b946.json   1.67 KiB          [emitted]              
                 npm.babel.ba4615594a72c7f2b8ff.chunk.js    113 KiB       5  [emitted] [immutable]  npm.babel
              npm.babel.ba4615594a72c7f2b8ff.chunk.js.gz   36.8 KiB          [emitted]              
npm.connected-react-router.918f43a97cfcc4f59649.chunk.js   9.42 KiB       6  [emitted] [immutable]  npm.connected-react-router
    npm.intl-messageformat.ec99a22020a1d32251a8.chunk.js   6.16 KiB       7  [emitted] [immutable]  npm.intl-messageformat
   npm.intl-relativeformat.c7f256f3f3017e9f6851.chunk.js   7.14 KiB       8  [emitted] [immutable]  npm.intl-relativeformat
                  npm.intl.7a7681a4e98e91b91c23.chunk.js   99.7 KiB       0  [emitted] [immutable]  npm.intl
               npm.intl.7a7681a4e98e91b91c23.chunk.js.gz   21.8 KiB          [emitted]              
                npm.lodash.b09ee1d07d538e8825c9.chunk.js    9.2 KiB       9  [emitted] [immutable]  npm.lodash
    npm.react-app-polyfill.627df85c9c910ed65bd1.chunk.js   19.9 KiB      10  [emitted] [immutable]  npm.react-app-polyfill
 npm.react-app-polyfill.627df85c9c910ed65bd1.chunk.js.gz   6.84 KiB          [emitted]              
            npm.react-intl.269ff343481ea33c1a1b.chunk.js   42.5 KiB      11  [emitted] [immutable]  npm.react-intl
         npm.react-intl.269ff343481ea33c1a1b.chunk.js.gz   7.71 KiB          [emitted]              
           npm.react-redux.871cc442cb4493adddb2.chunk.js   20.3 KiB      12  [emitted] [immutable]  npm.react-redux
        npm.react-redux.871cc442cb4493adddb2.chunk.js.gz   6.35 KiB          [emitted]              
            npm.redux-saga.6bdb1989ccc61ae536de.chunk.js   23.1 KiB       1  [emitted] [immutable]  npm.redux-saga
         npm.redux-saga.6bdb1989ccc61ae536de.chunk.js.gz   7.27 KiB          [emitted]              
               npm.webpack.1548bd8a5b334e1e1b1d.chunk.js  917 bytes       2  [emitted] [immutable]  npm.webpack
                         runtime.c385780371cf8e4c1dc1.js   2.42 KiB      13  [emitted] [immutable]  runtime
                                                   sw.js   28.1 KiB          [emitted]              
                                                sw.js.gz   7.73 KiB          [emitted]              
Entrypoint main [big] = runtime.c385780371cf8e4c1dc1.js npm.redux-saga.6bdb1989ccc61ae536de.chunk.js npm.webpack.1548bd8a5b334e1e1b1d.chunk.js npm.babel.ba4615594a72c7f2b8ff.chunk.js npm.react-app-polyfill.627df85c9c910ed65bd1.chunk.js npm.react-redux.871cc442cb4493adddb2.chunk.js npm.connected-react-router.918f43a97cfcc4f59649.chunk.js npm.intl-messageformat.ec99a22020a1d32251a8.chunk.js npm.intl-relativeformat.c7f256f3f3017e9f6851.chunk.js npm.react-intl.269ff343481ea33c1a1b.chunk.js main.b5c3fd468bdbf5a6a90b.chunk.js

WARNING in entrypoint size limit: The following entrypoint(s) combined asset size exceeds the recommended limit (244 KiB). This can impact web performance.
Entrypoints:
  main (245 KiB)
      runtime.c385780371cf8e4c1dc1.js
      npm.redux-saga.6bdb1989ccc61ae536de.chunk.js
      npm.webpack.1548bd8a5b334e1e1b1d.chunk.js
      npm.babel.ba4615594a72c7f2b8ff.chunk.js
      npm.react-app-polyfill.627df85c9c910ed65bd1.chunk.js
      npm.react-redux.871cc442cb4493adddb2.chunk.js
      npm.connected-react-router.918f43a97cfcc4f59649.chunk.js
      npm.intl-messageformat.ec99a22020a1d32251a8.chunk.js
      npm.intl-relativeformat.c7f256f3f3017e9f6851.chunk.js
      npm.react-intl.269ff343481ea33c1a1b.chunk.js

Child __offline_serviceworker:
     1 asset
    Entrypoint __offline_serviceworker = __offline_serviceworker
Child html-webpack-plugin for "index.html":
     1 asset
    Entrypoint undefined = index.html
npm warn Unknown env config "npm-globalconfig". This will stop working in the next major version of npm. See `npm help npmrc` for supported config options.
npm warn Unknown env config "verify-deps-before-run". This will stop working in the next major version of npm. See `npm help npmrc` for supported config options.
npm warn Unknown env config "_jsr-registry". This will stop working in the next major version of npm. See `npm help npmrc` for supported config options.
npm warn Unknown env config "virtual-store-dir". This will stop working in the next major version of npm. See `npm help npmrc` for supported config options.
npm warn Unknown env config "catalogs". This will stop working in the next major version of npm. See `npm help npmrc` for supported config options.
npm warn Unknown env config "state-dir". This will stop working in the next major version of npm. See `npm help npmrc` for supported config options.
npm warn Unknown env config "store-dir". This will stop working in the next major version of npm. See `npm help npmrc` for supported config options.
npm warn Unknown global config "store-dir". This will stop working in the next major version of npm. See `npm help npmrc` for supported config options.
<s> [webpack.Progress] 0% compiling
<s> [webpack.Progress] 10% building 0/0 modules 0 active 
<s> [webpack.Progress] 10% building 0/1 modules 1 active multi <checkout>/.versionless/work/react-boilerplate-v4-node24/target/node_modules/react-app-polyfill/ie11.js <checkout>/.versionless/work/react-boilerplate-v4-node24/target/app/app.js
<s> [webpack.Progress] 10% building 1/1 modules 0 active 
<s> [webpack.Progress] 10% building 1/2 modules 1 active <checkout>/.versionless/work/react-boilerplate-v4-node24/target/node_modules/react-app-polyfill/ie11.js
<s> [webpack.Progress] 10% building 2/2 modules 0 active 
<s> [webpack.Progress] 10% building 2/3 modules 1 active <checkout>/.versionless/work/react-boilerplate-v4-node24/target/node_modules/babel-loader/lib/index.js!<checkout>/.versionless/work/react-boilerplate-v4-node24/target/app/app.js
<s> [webpack.Progress] 10% building 2/4 modules 2 active <checkout>/.versionless/work/react-boilerplate-v4-node24/target/node_modules/react-app-polyfill/node_modules/core-js/es6/symbol.js
<s> [webpack.Progress] 10% building 2/5 modules 3 active <checkout>/.versionless/work/react-boilerplate-v4-node24/target/node_modules/react-app-polyfill/node_modules/core-js/fn/array/from.js
Browserslist: caniuse-lite is outdated. Please run next command `npm update`
<s> [webpack.Progress] 10% building 3/5 modules 2 active <checkout>/.versionless/work/react-boilerplate-v4-node24/target/node_modules/react-app-polyfill/node_modules/core-js/fn/array/from.js
<s> [webpack.Progress] 10% building 3/6 modules 3 active <checkout>/.versionless/work/react-boilerplate-v4-node24/target/node_modules/promise/lib/es6-extensions.js
<s> [webpack.Progress] 10% building 3/7 modules 4 active <checkout>/.versionless/work/react-boilerplate-v4-node24/target/node_modules/promise/lib/rejection-tracking.js
<s> [webpack.Progress] 10% building 4/7 modules 3 active <checkout>/.versionless/work/react-boilerplate-v4-node24/target/node_modules/promise/lib/rejection-tracking.js
<s> [webpack.Progress] 10% building 5/7 modules 2 active <checkout>/.versionless/work/react-boilerplate-v4-node24/target/node_modules/promise/lib/rejection-tracking.js
<s> [webpack.Progress] 10% building 5/8 modules 3 active <checkout>/.versionless/work/react-boilerplate-v4-node24/target/node_modules/whatwg-fetch/dist/fetch.umd.js
<s> [webpack.Progress] 10% building 6/8 modules 2 active <checkout>/.versionless/work/react-boilerplate-v4-node24/target/node_modules/whatwg-fetch/dist/fetch.umd.js
<s> [webpack.Progress] 10% building 7/8 modules 1 active <checkout>/.versionless/work/react-boilerplate-v4-node24/target/node_modules/whatwg-fetch/dist/fetch.umd.js
<s> [webpack.Progress] 10% building 7/9 modules 2 active <checkout>/.versionless/work/react-boilerplate-v4-node24/target/node_modules/object-assign/index.js
<s> [webpack.Progress] 10% building 7/10 modules 3 active <checkout>/.versionless/work/react-boilerplate-v4-node24/target/node_modules/babel-loader/lib/index.js!<checkout>/.versionless/work/react-boilerplate-v4-node24/target/app/configureStore.js
<s> [webpack.Progress] 10% building 7/11 modules 4 active <checkout>/.versionless/work/react-boilerplate-v4-node24/target/node_modules/babel-loader/lib/index.js!<checkout>/.versionless/work/react-boilerplate-v4-node24/target/app/i18n.js
<s> [webpack.Progress] 10% building 7/12 modules 5 active <checkout>/.versionless/work/react-boilerplate-v4-node24/target/node_modules/offline-plugin/runtime.js
<s> [webpack.Progress] 10% building 7/13 modules 6 active <checkout>/.versionless/work/react-boilerplate-v4-node24/target/node_modules/intl/locale-data/jsonp/en.js
<s> [webpack.Progress] 10% building 7/14 modules 7 active <checkout>/.versionless/work/react-boilerplate-v4-node24/target/node_modules/intl/locale-data/jsonp/de.js
<s> [webpack.Progress] 10% building 7/15 modules 8 active <checkout>/.versionless/work/react-boilerplate-v4-node24/target/node_modules/promise/lib/core.js
<s> [webpack.Progress] 10% building 8/15 modules 7 active <checkout>/.versionless/work/react-boilerplate-v4-node24/target/node_modules/promise/lib/core.js
<s> [webpack.Progress] 11% building 9/15 modules 6 active <checkout>/.versionless/work/react-boilerplate-v4-node24/target/node_modules/promise/lib/core.js
<s> [webpack.Progress] 11% building 10/15 modules 5 active <checkout>/.versionless/work/react-boilerplate-v4-node24/target/node_modules/promise/lib/core.js
<s> [webpack.Progress] 11% building 11/15 modules 4 active <checkout>/.versionless/work/react-boilerplate-v4-node24/target/node_modules/promise/lib/core.js
<s> [webpack.Progress] 11% building 12/15 modules 3 active <checkout>/.versionless/work/react-boilerplate-v4-node24/target/node_modules/promise/lib/core.js
<s> [webpack.Progress] 11% building 12/16 modules 4 active <checkout>/.versionless/work/react-boilerplate-v4-node24/target/node_modules/react-app-polyfill/node_modules/core-js/modules/es6.array.from.js
<s> [webpack.Progress] 11% building 12/17 modules 5 active <checkout>/.versionless/work/react-boilerplate-v4-node24/target/node_modules/react-app-polyfill/node_modules/core-js/modules/es6.string.iterator.js
<s> [webpack.Progress] 11% building 12/18 modules 6 active <checkout>/.versionless/work/react-boilerplate-v4-node24/target/node_modules/react-app-polyfill/node_modules/core-js/modules/_core.js
<s> [webpack.Progress] 11% building 12/19 modules 7 active <checkout>/.versionless/work/react-boilerplate-v4-node24/target/node_modules/react-app-polyfill/node_modules/core-js/modules/es6.symbol.js
<s> [webpack.Progress] 11% building 12/20 modules 8 active <checkout>/.versionless/work/react-boilerplate-v4-node24/target/node_modules/react-app-polyfill/node_modules/core-js/modules/es6.object.to-string.js
<s> [webpack.Progress] 11% building 12/21 modules 9 active <checkout>/.versionless/work/react-boilerplate-v4-node24/target/node_modules/babel-loader/lib/index.js!<checkout>/.versionless/work/react-boilerplate-v4-node24/target/app/utils/history.js
<s> [webpack.Progress] 11% building 13/21 modules 8 active <checkout>/.versionless/work/react-boilerplate-v4-node24/target/node_modules/babel-loader/lib/index.js!<checkout>/.versionless/work/react-boilerplate-v4-node24/target/app/utils/history.js
<s> [webpack.Progress] 11% building 14/21 modules 7 active <checkout>/.versionless/work/react-boilerplate-v4-node24/target/node_modules/babel-loader/lib/index.js!<checkout>/.versionless/work/react-boilerplate-v4-node24/target/app/utils/history.js
<s> [webpack.Progress] 11% building 15/21 modules 6 active <checkout>/.versionless/work/react-boilerplate-v4-node24/target/node_modules/babel-loader/lib/index.js!<checkout>/.versionless/work/react-boilerplate-v4-node24/target/app/utils/history.js
<s> [webpack.Progress] 11% building 15/22 modules 7 active <checkout>/.versionless/work/react-boilerplate-v4-node24/target/app/translations/en.json
<s> [webpack.Progress] 11% building 15/23 modules 8 active <checkout>/.versionless/work/react-boilerplate-v4-node24/target/app/translations/de.json
<s> [webpack.Progress] 11% building 16/23 modules 7 active <checkout>/.versionless/work/react-boilerplate-v4-node24/target/app/translations/de.json
<s> [webpack.Progress] 12% building 17/23 modules 6 active <checkout>/.versionless/work/react-boilerplate-v4-node24/target/app/translations/de.json
<s> [webpack.Progress] 12% building 18/23 modules 5 active <checkout>/.versionless/work/react-boilerplate-v4-node24/target/app/translations/de.json
<s> [webpack.Progress] 12% building 19/23 modules 4 active <checkout>/.versionless/work/react-boilerplate-v4-node24/target/app/translations/de.json
<s> [webpack.Progress] 12% building 19/24 modules 5 active <checkout>/.versionless/work/react-boilerplate-v4-node24/target/node_modules/babel-loader/lib/index.js!<checkout>/.versionless/work/react-boilerplate-v4-node24/target/app/reducers.js
<s> [webpack.Progress] 12% building 20/24 modules 4 active <checkout>/.versionless/work/react-boilerplate-v4-node24/target/node_modules/babel-loader/lib/index.js!<checkout>/.versionless/work/react-boilerplate-v4-node24/target/app/reducers.js
<s> [webpack.Progress] 12% building 21/24 modules 3 active <checkout>/.versionless/work/react-boilerplate-v4-node24/target/node_modules/babel-loader/lib/index.js!<checkout>/.versionless/work/react-boilerplate-v4-node24/target/app/reducers.js
<s> [webpack.Progress] 12% building 21/25 modules 4 active <checkout>/.versionless/work/react-boilerplate-v4-node24/target/node_modules/file-loader/dist/cjs.js?name=[name].[ext]!<checkout>/.versionless/work/react-boilerplate-v4-node24/target/app/images/favicon.ico
<s> [webpack.Progress] 12% building 21/26 modules 5 active <checkout>/.versionless/work/react-boilerplate-v4-node24/target/node_modules/file-loader/dist/cjs.js?name=.htaccess!<checkout>/.versionless/work/react-boilerplate-v4-node24/target/app/.htaccess
<s> [webpack.Progress] 12% building 21/27 modules 6 active <checkout>/.versionless/work/react-boilerplate-v4-node24/target/node_modules/react/index.js
<s> [webpack.Progress] 12% building 21/28 modules 7 active <checkout>/.versionless/work/react-boilerplate-v4-node24/target/node_modules/react-dom/index.js
<s> [webpack.Progress] 12% building 21/29 modules 8 active <checkout>/.versionless/work/react-boilerplate-v4-node24/target/node_modules/fontfaceobserver/fontfaceobserver.standalone.js
<s> [webpack.Progress] 12% building 21/30 modules 9 active <checkout>/.versionless/work/react-boilerplate-v4-node24/target/node_modules/babel-loader/lib/index.js!<checkout>/.versionless/work/react-boilerplate-v4-node24/target/app/containers/App/index.js
<s> [webpack.Progress] 12% building 21/31 modules 10 active <checkout>/.versionless/work/react-boilerplate-v4-node24/target/node_modules/babel-loader/lib/index.js!<checkout>/.versionless/work/react-boilerplate-v4-node24/target/app/containers/LanguageProvider/index.js
<s> [webpack.Progress] 12% building 21/32 modules 11 active <checkout>/.versionless/work/react-boilerplate-v4-node24/target/node_modules/intl/index.js
<s> [webpack.Progress] 12% building 21/33 modules 12 active <checkout>/.versionless/work/react-boilerplate-v4-node24/target/node_modules/@babel/polyfill/lib/index.js
<s> [webpack.Progress] 12% building 21/34 modules 13 active <checkout>/.versionless/work/react-boilerplate-v4-node24/target/node_modules/connected-react-router/lib/index.js
<s> [webpack.Progress] 12% building 21/35 modules 14 active <checkout>/.versionless/work/react-boilerplate-v4-node24/target/node_modules/react-redux/lib/index.js
<s> [webpack.Progress] 12% building 22/35 modules 13 active <checkout>/.versionless/work/react-boilerplate-v4-node24/target/node_modules/react-redux/lib/index.js
<s> [webpack.Progress] 12% building 23/35 modules 12 active <checkout>/.versionless/work/react-boilerplate-v4-node24/target/node_modules/react-redux/lib/index.js
<s> [webpack.Progress] 12% building 23/36 modules 13 active <checkout>/.versionless/work/react-boilerplate-v4-node24/target/node_modules/react-intl/locale-data/en.js
<s> [webpack.Progress] 12% building 23/37 modules 14 active <checkout>/.versionless/work/react-boilerplate-v4-node24/target/node_modules/react-intl/locale-data/de.js
<s> [webpack.Progress] 12% building 24/37 modules 13 active <checkout>/.versionless/work/react-boilerplate-v4-node24/target/node_modules/react-intl/locale-data/de.js
<s> [webpack.Progress] 13% building 25/37 modules 12 active <checkout>/.versionless/work/react-boilerplate-v4-node24/target/node_modules/react-intl/locale-data/de.js
<s> [webpack.Progress] 13% building 26/37 modules 11 active <checkout>/.versionless/work/react-boilerplate-v4-node24/target/node_modules/react-intl/locale-data/de.js
<s> [webpack.Progress] 13% building 26/38 modules 12 active <checkout>/.versionless/work/react-boilerplate-v4-node24/target/node_modules/react-app-polyfill/node_modules/core-js/modules/_string-at.js
<s> [webpack.Progress] 13% building 26/39 modules 13 active <checkout>/.versionless/work/react-boilerplate-v4-node24/target/node_modules/react-app-polyfill/node_modules/core-js/modules/_iter-define.js
<s> [webpack.Progress] 13% building 26/40 modules 14 active <checkout>/.versionless/work/react-boilerplate-v4-node24/target/node_modules/react-app-polyfill/node_modules/core-js/modules/_wks.js
<s> [webpack.Progress] 13% building 26/41 modules 15 active <checkout>/.versionless/work/react-boilerplate-v4-node24/target/node_modules/react-app-polyfill/node_modules/core-js/modules/_classof.js
<s> [webpack.Progress] 13% building 26/42 modules 16 active <checkout>/.versionless/work/react-boilerplate-v4-node24/target/node_modules/react-app-polyfill/node_modules/core-js/modules/_ctx.js
<s> [webpack.Progress] 13% building 26/43 modules 17 active <checkout>/.versionless/work/react-boilerplate-v4-node24/target/node_modules/react-app-polyfill/node_modules/core-js/modules/_export.js
<s> [webpack.Progress] 13% building 26/44 modules 18 active <checkout>/.versionless/work/react-boilerplate-v4-node24/target/node_modules/react-app-polyfill/node_modules/core-js/modules/_redefine.js
<s> [webpack.Progress] 13% building 26/45 modules 19 active <checkout>/.versionless/work/react-boilerplate-v4-node24/target/node_modules/react-app-polyfill/node_modules/core-js/modules/_to-object.js
<s> [webpack.Progress] 13% building 26/46 modules 20 active <checkout>/.versionless/work/react-boilerplate-v4-node24/target/node_modules/react-app-polyfill/node_modules/core-js/modules/_is-array-iter.js
<s> [webpack.Progress] 13% building 26/47 modules 21 active <checkout>/.versionless/work/react-boilerplate-v4-node24/target/node_modules/react-app-polyfill/node_modules/core-js/modules/_iter-call.js
<s> [webpack.Progress] 13% building 26/48 modules 22 active <checkout>/.versionless/work/react-boilerplate-v4-node24/target/node_modules/react-app-polyfill/node_modules/core-js/modules/_create-property.js
<s> [webpack.Progress] 13% building 26/49 modules 23 active <checkout>/.versionless/work/react-boilerplate-v4-node24/target/node_modules/react-app-polyfill/node_modules/core-js/modules/core.get-iterator-method.js
<s> [webpack.Progress] 13% building 26/50 modules 24 active <checkout>/.versionless/work/react-boilerplate-v4-node24/target/node_modules/react-app-polyfill/node_modules/core-js/modules/_to-length.js
<s> [webpack.Progress] 13% building 26/51 modules 25 active <checkout>/.versionless/work/react-boilerplate-v4-node24/target/node_modules/react-app-polyfill/node_modules/core-js/modules/_iter-detect.js
<s> [webpack.Progress] 13% building 26/52 modules 26 active <checkout>/.versionless/work/react-boilerplate-v4-node24/target/node_modules/react-app-polyfill/node_modules/core-js/modules/_global.js
<s> [webpack.Progress] 13% building 26/53 modules 27 active <checkout>/.versionless/work/react-boilerplate-v4-node24/target/node_modules/react-app-polyfill/node_modules/core-js/modules/_has.js
<s> [webpack.Progress] 13% building 26/54 modules 28 active <checkout>/.versionless/work/react-boilerplate-v4-node24/target/node_modules/react-app-polyfill/node_modules/core-js/modules/_fails.js
<s> [webpack.Progress] 13% building 26/55 modules 29 active <checkout>/.versionless/work/react-boilerplate-v4-node24/target/node_modules/react-app-polyfill/node_modules/core-js/modules/_shared.js
<s> [webpack.Progress] 13% building 26/56 modules 30 active <checkout>/.versionless/work/react-boilerplate-v4-node24/target/node_modules/react-app-polyfill/node_modules/core-js/modules/_set-to-string-tag.js
<s> [webpack.Progress] 13% building 26/57 modules 31 active <checkout>/.versionless/work/react-boilerplate-v4-node24/target/node_modules/react-app-polyfill/node_modules/core-js/modules/_meta.js
<s> [webpack.Progress] 13% building 26/58 modules 32 active <checkout>/.versionless/work/react-boilerplate-v4-node24/target/node_modules/react-app-polyfill/node_modules/core-js/modules/_descriptors.js
<s> [webpack.Progress] 13% building 26/59 modules 33 active <checkout>/.versionless/work/react-boilerplate-v4-node24/target/node_modules/react-app-polyfill/node_modules/core-js/modules/_uid.js
<s> [webpack.Progress] 13% building 26/60 modules 34 active <checkout>/.versionless/work/react-boilerplate-v4-node24/target/node_modules/react-app-polyfill/node_modules/core-js/modules/_wks-define.js
<s> [webpack.Progress] 13% building 26/61 modules 35 active <checkout>/.versionless/work/react-boilerplate-v4-node24/target/node_modules/react-app-polyfill/node_modules/core-js/modules/_enum-keys.js
<s> [webpack.Progress] 13% building 26/62 modules 36 active <checkout>/.versionless/work/react-boilerplate-v4-node24/target/node_modules/react-app-polyfill/node_modules/core-js/modules/_wks-ext.js
<s> [webpack.Progress] 13% building 26/63 modules 37 active <checkout>/.versionless/work/react-boilerplate-v4-node24/target/node_modules/react-app-polyfill/node_modules/core-js/modules/_an-object.js
<s> [webpack.Progress] 13% building 26/64 modules 38 active <checkout>/.versionless/work/react-boilerplate-v4-node24/target/node_modules/react-app-polyfill/node_modules/core-js/modules/_is-array.js
<s> [webpack.Progress] 13% building 26/65 modules 39 active <checkout>/.versionless/work/react-boilerplate-v4-node24/target/node_modules/react-app-polyfill/node_modules/core-js/modules/_is-object.js
<s> [webpack.Progress] 13% building 26/66 modules 40 active <checkout>/.versionless/work/react-boilerplate-v4-node24/target/node_modules/react-app-polyfill/node_modules/core-js/modules/_to-primitive.js
<s> [webpack.Progress] 13% building 26/67 modules 41 active <checkout>/.versionless/work/react-boilerplate-v4-node24/target/node_modules/react-app-polyfill/node_modules/core-js/modules/_property-desc.js
<s> [webpack.Progress] 13% building 26/68 modules 42 active <checkout>/.versionless/work/react-boilerplate-v4-node24/target/node_modules/react-app-polyfill/node_modules/core-js/modules/_to-iobject.js
<s> [webpack.Progress] 13% building 26/69 modules 43 active <checkout>/.versionless/work/react-boilerplate-v4-node24/target/node_modules/react-app-polyfill/node_modules/core-js/modules/_object-gopn-ext.js
<s> [webpack.Progress] 13% building 26/70 modules 44 active <checkout>/.versionless/work/react-boilerplate-v4-node24/target/node_modules/react-app-polyfill/node_modules/core-js/modules/_object-create.js
<s> [webpack.Progress] 13% building 26/71 modules 45 active <checkout>/.versionless/work/react-boilerplate-v4-node24/target/node_modules/react-app-polyfill/node_modules/core-js/modules/_object-gopd.js
<s> [webpack.Progress] 13% building 26/72 modules 46 active <checkout>/.versionless/work/react-boilerplate-v4-node24/target/node_modules/react-app-polyfill/node_modules/core-js/modules/_object-dp.js
<s> [webpack.Progress] 13% building 26/73 modules 47 active <checkout>/.versionless/work/react-boilerplate-v4-node24/target/node_modules/react-app-polyfill/node_modules/core-js/modules/_object-keys.js
<s> [webpack.Progress] 13% building 26/74 modules 48 active <checkout>/.versionless/work/react-boilerplate-v4-node24/target/node_modules/react-app-polyfill/node_modules/core-js/modules/_object-gopn.js
<s> [webpack.Progress] 13% building 26/75 modules 49 active <checkout>/.versionless/work/react-boilerplate-v4-node24/target/node_modules/react-app-polyfill/node_modules/core-js/modules/_object-pie.js
<s> [webpack.Progress] 13% building 26/76 modules 50 active <checkout>/.versionless/work/react-boilerplate-v4-node24/target/node_modules/react-app-polyfill/node_modules/core-js/modules/_object-gops.js
<s> [webpack.Progress] 13% building 26/77 modules 51 active <checkout>/.versionless/work/react-boilerplate-v4-node24/target/node_modules/react-app-polyfill/node_modules/core-js/modules/_library.js
<s> [webpack.Progress] 13% building 26/78 modules 52 active <checkout>/.versionless/work/react-boilerplate-v4-node24/target/node_modules/react-app-polyfill/node_modules/core-js/modules/_hide.js
<s> [webpack.Progress] 13% building 27/78 modules 51 active <checkout>/.versionless/work/react-boilerplate-v4-node24/target/node_modules/react-app-polyfill/node_modules/core-js/modules/_hide.js
<s> [webpack.Progress] 13% building 28/78 modules 50 active <checkout>/.versionless/work/react-boilerplate-v4-node24/target/node_modules/react-app-polyfill/node_modules/core-js/modules/_hide.js
<s> [webpack.Progress] 13% building 29/78 modules 49 active <checkout>/.versionless/work/react-boilerplate-v4-node24/target/node_modules/react-app-polyfill/node_modules/core-js/modules/_hide.js
<s> [webpack.Progress] 13% building 30/78 modules 48 active <checkout>/.versionless/work/react-boilerplate-v4-node24/target/node_modules/react-app-polyfill/node_modules/core-js/modules/_hide.js
<s> [webpack.Progress] 13% building 31/78 modules 47 active <checkout>/.versionless/work/react-boilerplate-v4-node24/target/node_modules/react-app-polyfill/node_modules/core-js/modules/_hide.js
<s> [webpack.Progress] 13% building 31/79 modules 48 active ignored <checkout>/.versionless/work/react-boilerplate-v4-node24/target/node_modules/intl ./locale-data/complete.js
<s> [webpack.Progress] 13% building 32/79 modules 47 active <checkout>/.versionless/work/react-boilerplate-v4-node24/target/node_modules/react-app-polyfill/node_modules/core-js/modules/_hide.js
<s> [webpack.Progress] 13% building 33/79 modules 46 active <checkout>/.versionless/work/react-boilerplate-v4-node24/target/node_modules/react-app-polyfill/node_modules/core-js/modules/_hide.js
<s> [webpack.Progress] 13% building 33/80 modules 47 active <checkout>/.versionless/work/react-boilerplate-v4-node24/target/node_modules/asap/browser-raw.js
<s> [webpack.Progress] 14% building 34/80 modules 46 active <checkout>/.versionless/work/react-boilerplate-v4-node24/target/node_modules/asap/browser-raw.js
<s> [webpack.Progress] 14% building 35/80 modules 45 active <checkout>/.versionless/work/react-boilerplate-v4-node24/target/node_modules/asap/browser-raw.js
<s> [webpack.Progress] 14% building 36/80 modules 44 active <checkout>/.versionless/work/react-boilerplate-v4-node24/target/node_modules/asap/browser-raw.js
<s> [webpack.Progress] 14% building 37/80 modules 43 active <checkout>/.versionless/work/react-boilerplate-v4-node24/target/node_modules/asap/browser-raw.js
<s> [webpack.Progress] 14% building 38/80 modules 42 active <checkout>/.versionless/work/react-boilerplate-v4-node24/target/node_modules/asap/browser-raw.js
<s> [webpack.Progress] 14% building 38/81 modules 43 active <checkout>/.versionless/work/react-boilerplate-v4-node24/target/node_modules/style-loader/index.js!<checkout>/.versionless/work/react-boilerplate-v4-node24/target/node_modules/css-loader/dist/cjs.js!<checkout>/.versionless/work/react-boilerplate-v4-node24/target/node_modules/sanitize.css/sanitize.css
<s> [webpack.Progress] 14% building 39/81 modules 42 active <checkout>/.versionless/work/react-boilerplate-v4-node24/target/node_modules/asap/browser-raw.js
<s> [webpack.Progress] 14% building 39/82 modules 43 active <checkout>/.versionless/work/react-boilerplate-v4-node24/target/node_modules/css-loader/dist/cjs.js!<checkout>/.versionless/work/react-boilerplate-v4-node24/target/node_modules/sanitize.css/sanitize.css
<s> [webpack.Progress] 14% building 40/82 modules 42 active <checkout>/.versionless/work/react-boilerplate-v4-node24/target/node_modules/css-loader/dist/cjs.js!<checkout>/.versionless/work/react-boilerplate-v4-node24/target/node_modules/sanitize.css/sanitize.css
<s> [webpack.Progress] 14% building 41/82 modules 41 active <checkout>/.versionless/work/react-boilerplate-v4-node24/target/node_modules/css-loader/dist/cjs.js!<checkout>/.versionless/work/react-boilerplate-v4-node24/target/node_modules/sanitize.css/sanitize.css
<s> [webpack.Progress] 15% building 42/82 modules 40 active <checkout>/.versionless/work/react-boilerplate-v4-node24/target/node_modules/css-loader/dist/cjs.js!<checkout>/.versionless/work/react-boilerplate-v4-node24/target/node_modules/sanitize.css/sanitize.css
<s> [webpack.Progress] 15% building 43/82 modules 39 active <checkout>/.versionless/work/react-boilerplate-v4-node24/target/node_modules/css-loader/dist/cjs.js!<checkout>/.versionless/work/react-boilerplate-v4-node24/target/node_modules/sanitize.css/sanitize.css
<s> [webpack.Progress] 15% building 44/82 modules 38 active <checkout>/.versionless/work/react-boilerplate-v4-node24/target/node_modules/css-loader/dist/cjs.js!<checkout>/.versionless/work/react-boilerplate-v4-node24/target/node_modules/sanitize.css/sanitize.css
<s> [webpack.Progress] 15% building 45/82 modules 37 active <checkout>/.versionless/work/react-boilerplate-v4-node24/target/node_modules/css-loader/dist/cjs.js!<checkout>/.versionless/work/react-boilerplate-v4-node24/target/node_modules/sanitize.css/sanitize.css
<s> [webpack.Progress] 15% building 46/82 modules 36 active <checkout>/.versionless/work/react-boilerplate-v4-node24/target/node_modules/css-loader/dist/cjs.js!<checkout>/.versionless/work/react-boilerplate-v4-node24/target/node_modules/sanitize.css/sanitize.css
<s> [webpack.Progress] 15% building 47/82 modules 35 active <checkout>/.versionless/work/react-boilerplate-v4-node24/target/node_modules/css-loader/dist/cjs.js!<checkout>/.versionless/work/react-boilerplate-v4-node24/target/node_modules/sanitize.css/sanitize.css
<s> [webpack.Progress] 15% building 48/82 modules 34 active <checkout>/.versionless/work/react-boilerplate-v4-node24/target/node_modules/css-loader/dist/cjs.js!<checkout>/.versionless/work/react-boilerplate-v4-node24/target/node_modules/sanitize.css/sanitize.css
<s> [webpack.Progress] 15% building 49/82 modules 33 active <checkout>/.versionless/work/react-boilerplate-v4-node24/target/node_modules/css-loader/dist/cjs.js!<checkout>/.versionless/work/react-boilerplate-v4-node24/target/node_modules/sanitize.css/sanitize.css
<s> [webpack.Progress] 16% building 50/82 modules 32 active <checkout>/.versionless/work/react-boilerplate-v4-node24/target/node_modules/css-loader/dist/cjs.js!<checkout>/.versionless/work/react-boilerplate-v4-node24/target/node_modules/sanitize.css/sanitize.css
<s> [webpack.Progress] 16% building 51/82 modules 31 active <checkout>/.versionless/work/react-boilerplate-v4-node24/target/node_modules/css-loader/dist/cjs.js!<checkout>/.versionless/work/react-boilerplate-v4-node24/target/node_modules/sanitize.css/sanitize.css
<s> [webpack.Progress] 16% building 52/82 modules 30 active <checkout>/.versionless/work/react-boilerplate-v4-node24/target/node_modules/css-loader/dist/cjs.js!<checkout>/.versionless/work/react-boilerplate-v4-node24/target/node_modules/sanitize.css/sanitize.css
<s> [webpack.Progress] 16% building 53/82 modules 29 active <checkout>/.versionless/work/react-boilerplate-v4-node24/target/node_modules/css-loader/dist/cjs.js!<checkout>/.versionless/work/react-boilerplate-v4-node24/target/node_modules/sanitize.css/sanitize.css
<s> [webpack.Progress] 16% building 54/82 modules 28 active <checkout>/.versionless/work/react-boilerplate-v4-node24/target/node_modules/css-loader/dist/cjs.js!<checkout>/.versionless/work/react-boilerplate-v4-node24/target/node_modules/sanitize.css/sanitize.css
<s> [webpack.Progress] 16% building 55/82 modules 27 active <checkout>/.versionless/work/react-boilerplate-v4-node24/target/node_modules/css-loader/dist/cjs.js!<checkout>/.versionless/work/react-boilerplate-v4-node24/target/node_modules/sanitize.css/sanitize.css
<s> [webpack.Progress] 16% building 56/82 modules 26 active <checkout>/.versionless/work/react-boilerplate-v4-node24/target/node_modules/css-loader/dist/cjs.js!<checkout>/.versionless/work/react-boilerplate-v4-node24/target/node_modules/sanitize.css/sanitize.css
<s> [webpack.Progress] 16% building 57/82 modules 25 active <checkout>/.versionless/work/react-boilerplate-v4-node24/target/node_modules/css-loader/dist/cjs.js!<checkout>/.versionless/work/react-boilerplate-v4-node24/target/node_modules/sanitize.css/sanitize.css
<s> [webpack.Progress] 16% building 58/82 modules 24 active <checkout>/.versionless/work/react-boilerplate-v4-node24/target/node_modules/css-loader/dist/cjs.js!<checkout>/.versionless/work/react-boilerplate-v4-node24/target/node_modules/sanitize.css/sanitize.css
<s> [webpack.Progress] 17% building 59/82 modules 23 active <checkout>/.versionless/work/react-boilerplate-v4-node24/target/node_modules/css-loader/dist/cjs.js!<checkout>/.versionless/work/react-boilerplate-v4-node24/target/node_modules/sanitize.css/sanitize.css
<s> [webpack.Progress] 17% building 60/82 modules 22 active <checkout>/.versionless/work/react-boilerplate-v4-node24/target/node_modules/css-loader/dist/cjs.js!<checkout>/.versionless/work/react-boilerplate-v4-node24/target/node_modules/sanitize.css/sanitize.css
<s> [webpack.Progress] 17% building 61/82 modules 21 active <checkout>/.versionless/work/react-boilerplate-v4-node24/target/node_modules/css-loader/dist/cjs.js!<checkout>/.versionless/work/react-boilerplate-v4-node24/target/node_modules/sanitize.css/sanitize.css
<s> [webpack.Progress] 17% building 62/82 modules 20 active <checkout>/.versionless/work/react-boilerplate-v4-node24/target/node_modules/css-loader/dist/cjs.js!<checkout>/.versionless/work/react-boilerplate-v4-node24/target/node_modules/sanitize.css/sanitize.css
<s> [webpack.Progress] 17% building 63/82 modules 19 active <checkout>/.versionless/work/react-boilerplate-v4-node24/target/node_modules/css-loader/dist/cjs.js!<checkout>/.versionless/work/react-boilerplate-v4-node24/target/node_modules/sanitize.css/sanitize.css
<s> [webpack.Progress] 17% building 64/82 modules 18 active <checkout>/.versionless/work/react-boilerplate-v4-node24/target/node_modules/css-loader/dist/cjs.js!<checkout>/.versionless/work/react-boilerplate-v4-node24/target/node_modules/sanitize.css/sanitize.css
<s> [webpack.Progress] 17% building 65/82 modules 17 active <checkout>/.versionless/work/react-boilerplate-v4-node24/target/node_modules/css-loader/dist/cjs.js!<checkout>/.versionless/work/react-boilerplate-v4-node24/target/node_modules/sanitize.css/sanitize.css
<s> [webpack.Progress] 17% building 66/82 modules 16 active <checkout>/.versionless/work/react-boilerplate-v4-node24/target/node_modules/css-loader/dist/cjs.js!<checkout>/.versionless/work/react-boilerplate-v4-node24/target/node_modules/sanitize.css/sanitize.css
<s> [webpack.Progress] 18% building 67/82 modules 15 active <checkout>/.versionless/work/react-boilerplate-v4-node24/target/node_modules/css-loader/dist/cjs.js!<checkout>/.versionless/work/react-boilerplate-v4-node24/target/node_modules/sanitize.css/sanitize.css
<s> [webpack.Progress] 18% building 68/82 modules 14 active <checkout>/.versionless/work/react-boilerplate-v4-node24/target/node_modules/css-loader/dist/cjs.js!<checkout>/.versionless/work/react-boilerplate-v4-node24/target/node_modules/sanitize.css/sanitize.css
<s> [webpack.Progress] 18% building 69/82 modules 13 active <checkout>/.versionless/work/react-boilerplate-v4-node24/target/node_modules/css-loader/dist/cjs.js!<checkout>/.versionless/work/react-boilerplate-v4-node24/target/node_modules/sanitize.css/sanitize.css
<s> [webpack.Progress] 18% building 70/82 modules 12 active <checkout>/.versionless/work/react-boilerplate-v4-node24/target/node_modules/css-loader/dist/cjs.js!<checkout>/.versionless/work/react-boilerplate-v4-node24/target/node_modules/sanitize.css/sanitize.css
<s> [webpack.Progress] 18% building 71/82 modules 11 active <checkout>/.versionless/work/react-boilerplate-v4-node24/target/node_modules/css-loader/dist/cjs.js!<checkout>/.versionless/work/react-boilerplate-v4-node24/target/node_modules/sanitize.css/sanitize.css
<s> [webpack.Progress] 18% building 72/82 modules 10 active <checkout>/.versionless/work/react-boilerplate-v4-node24/target/node_modules/css-loader/dist/cjs.js!<checkout>/.versionless/work/react-boilerplate-v4-node24/target/node_modules/sanitize.css/sanitize.css
<s> [webpack.Progress] 18% building 73/82 modules 9 active <checkout>/.versionless/work/react-boilerplate-v4-node24/target/node_modules/css-loader/dist/cjs.js!<checkout>/.versionless/work/react-boilerplate-v4-node24/target/node_modules/sanitize.css/sanitize.css
<s> [webpack.Progress] 18% building 74/82 modules 8 active <checkout>/.versionless/work/react-boilerplate-v4-node24/target/node_modules/css-loader/dist/cjs.js!<checkout>/.versionless/work/react-boilerplate-v4-node24/target/node_modules/sanitize.css/sanitize.css
<s> [webpack.Progress] 19% building 75/82 modules 7 active <checkout>/.versionless/work/react-boilerplate-v4-node24/target/node_modules/css-loader/dist/cjs.js!<checkout>/.versionless/work/react-boilerplate-v4-node24/target/node_modules/sanitize.css/sanitize.css
<s> [webpack.Progress] 19% building 76/82 modules 6 active <checkout>/.versionless/work/react-boilerplate-v4-node24/target/node_modules/css-loader/dist/cjs.js!<checkout>/.versionless/work/react-boilerplate-v4-node24/target/node_modules/sanitize.css/sanitize.css
<s> [webpack.Progress] 19% building 77/82 modules 5 active <checkout>/.versionless/work/react-boilerplate-v4-node24/target/node_modules/css-loader/dist/cjs.js!<checkout>/.versionless/work/react-boilerplate-v4-node24/target/node_modules/sanitize.css/sanitize.css
<s> [webpack.Progress] 19% building 78/82 modules 4 active <checkout>/.versionless/work/react-boilerplate-v4-node24/target/node_modules/css-loader/dist/cjs.js!<checkout>/.versionless/work/react-boilerplate-v4-node24/target/node_modules/sanitize.css/sanitize.css
<s> [webpack.Progress] 19% building 79/82 modules 3 active <checkout>/.versionless/work/react-boilerplate-v4-node24/target/node_modules/css-loader/dist/cjs.js!<checkout>/.versionless/work/react-boilerplate-v4-node24/target/node_modules/sanitize.css/sanitize.css
<s> [webpack.Progress] 19% building 80/82 modules 2 active <checkout>/.versionless/work/react-boilerplate-v4-node24/target/node_modules/css-loader/dist/cjs.js!<checkout>/.versionless/work/react-boilerplate-v4-node24/target/node_modules/sanitize.css/sanitize.css
<s> [webpack.Progress] 19% building 80/83 modules 3 active <checkout>/.versionless/work/react-boilerplate-v4-node24/target/node_modules/react/cjs/react.production.min.js
<s> [webpack.Progress] 19% building 80/84 modules 4 active <checkout>/.versionless/work/react-boilerplate-v4-node24/target/node_modules/react-dom/cjs/react-dom.production.min.js
<s> [webpack.Progress] 19% building 80/85 modules 5 active <checkout>/.versionless/work/react-boilerplate-v4-node24/target/node_modules/intl/lib/core.js
<s> [webpack.Progress] 19% building 81/85 modules 4 active <checkout>/.versionless/work/react-boilerplate-v4-node24/target/node_modules/intl/lib/core.js
<s> [webpack.Progress] 19% building 81/86 modules 5 active <checkout>/.versionless/work/react-boilerplate-v4-node24/target/node_modules/babel-loader/lib/index.js!<checkout>/.versionless/work/react-boilerplate-v4-node24/target/app/global-styles.js
<s> [webpack.Progress] 19% building 81/87 modules 6 active <checkout>/.versionless/work/react-boilerplate-v4-node24/target/node_modules/babel-loader/lib/index.js!<checkout>/.versionless/work/react-boilerplate-v4-node24/target/app/containers/LanguageProvider/selectors.js
<s> [webpack.Progress] 19% building 81/88 modules 7 active <checkout>/.versionless/work/react-boilerplate-v4-node24/target/node_modules/redux/lib/redux.js
<s> [webpack.Progress] 19% building 81/89 modules 8 active <checkout>/.versionless/work/react-boilerplate-v4-node24/target/node_modules/redux-saga/dist/redux-saga-core-npm-proxy.cjs.js
<s> [webpack.Progress] 19% building 81/90 modules 9 active <checkout>/.versionless/work/react-boilerplate-v4-node24/target/node_modules/react-intl/lib/index.es.js
<s> [webpack.Progress] 19% building 81/91 modules 10 active <checkout>/.versionless/work/react-boilerplate-v4-node24/target/node_modules/connected-react-router/lib/ConnectedRouter.js
<s> [webpack.Progress] 19% building 81/92 modules 11 active <checkout>/.versionless/work/react-boilerplate-v4-node24/target/node_modules/connected-react-router/lib/selectors.js
<s> [webpack.Progress] 19% building 81/93 modules 12 active <checkout>/.versionless/work/react-boilerplate-v4-node24/target/node_modules/connected-react-router/lib/reducer.js
<s> [webpack.Progress] 19% building 81/94 modules 13 active <checkout>/.versionless/work/react-boilerplate-v4-node24/target/node_modules/connected-react-router/lib/actions.js
<s> [webpack.Progress] 19% building 81/95 modules 14 active <checkout>/.versionless/work/react-boilerplate-v4-node24/target/node_modules/connected-react-router/lib/middleware.js
<s> [webpack.Progress] 19% building 81/96 modules 15 active <checkout>/.versionless/work/react-boilerplate-v4-node24/target/node_modules/@babel/polyfill/lib/noConflict.js
<s> [webpack.Progress] 19% building 82/96 modules 14 active <checkout>/.versionless/work/react-boilerplate-v4-node24/target/node_modules/@babel/polyfill/lib/noConflict.js
<s> [webpack.Progress] 19% building 82/97 modules 15 active <checkout>/.versionless/work/react-boilerplate-v4-node24/target/node_modules/style-loader/lib/addStyles.js
<s> [webpack.Progress] 19% building 82/98 modules 16 active <checkout>/.versionless/work/react-boilerplate-v4-node24/target/node_modules/react-redux/lib/components/Provider.js
<s> [webpack.Progress] 19% building 82/99 modules 17 active <checkout>/.versionless/work/react-boilerplate-v4-node24/target/node_modules/react-redux/lib/components/connectAdvanced.js
<s> [webpack.Progress] 19% building 82/100 modules 18 active <checkout>/.versionless/work/react-boilerplate-v4-node24/target/node_modules/react-redux/lib/connect/connect.js
<s> [webpack.Progress] 19% building 82/101 modules 19 active <checkout>/.versionless/work/react-boilerplate-v4-node24/target/node_modules/react-redux/lib/components/Context.js
<s> [webpack.Progress] 19% building 82/102 modules 20 active <checkout>/.versionless/work/react-boilerplate-v4-node24/target/node_modules/react-redux/lib/hooks/useStore.js
<s> [webpack.Progress] 19% building 82/103 modules 21 active <checkout>/.versionless/work/react-boilerplate-v4-node24/target/node_modules/react-redux/lib/hooks/useDispatch.js
<s> [webpack.Progress] 19% building 82/104 modules 22 active <checkout>/.versionless/work/react-boilerplate-v4-node24/target/node_modules/react-redux/lib/hooks/useSelector.js
<s> [webpack.Progress] 19% building 82/105 modules 23 active <checkout>/.versionless/work/react-boilerplate-v4-node24/target/node_modules/react-redux/lib/utils/batch.js
<s> [webpack.Progress] 19% building 82/106 modules 24 active <checkout>/.versionless/work/react-boilerplate-v4-node24/target/node_modules/react-redux/lib/utils/reactBatchedUpdates.js
<s> [webpack.Progress] 19% building 82/107 modules 25 active <checkout>/.versionless/work/react-boilerplate-v4-node24/target/node_modules/react-redux/lib/utils/shallowEqual.js
<s> [webpack.Progress] 19% building 82/108 modules 26 active <checkout>/.versionless/work/react-boilerplate-v4-node24/target/node_modules/babel-loader/lib/index.js!<checkout>/.versionless/work/react-boilerplate-v4-node24/target/app/containers/App/reducer.js
<s> [webpack.Progress] 19% building 82/109 modules 27 active <checkout>/.versionless/work/react-boilerplate-v4-node24/target/node_modules/babel-loader/lib/index.js!<checkout>/.versionless/work/react-boilerplate-v4-node24/target/app/containers/LanguageProvider/reducer.js
<s> [webpack.Progress] 19% building 83/109 modules 26 active <checkout>/.versionless/work/react-boilerplate-v4-node24/target/node_modules/babel-loader/lib/index.js!<checkout>/.versionless/work/react-boilerplate-v4-node24/target/app/containers/LanguageProvider/reducer.js
<s> [webpack.Progress] 20% building 84/109 modules 25 active <checkout>/.versionless/work/react-boilerplate-v4-node24/target/node_modules/babel-loader/lib/index.js!<checkout>/.versionless/work/react-boilerplate-v4-node24/target/app/containers/LanguageProvider/reducer.js
<s> [webpack.Progress] 20% building 84/110 modules 26 active <checkout>/.versionless/work/react-boilerplate-v4-node24/target/node_modules/react-app-polyfill/node_modules/core-js/modules/_to-integer.js
<s> [webpack.Progress] 20% building 84/111 modules 27 active <checkout>/.versionless/work/react-boilerplate-v4-node24/target/node_modules/react-app-polyfill/node_modules/core-js/modules/_defined.js
<s> [webpack.Progress] 20% building 85/111 modules 26 active <checkout>/.versionless/work/react-boilerplate-v4-node24/target/node_modules/react-app-polyfill/node_modules/core-js/modules/_defined.js
<s> [webpack.Progress] 20% building 85/112 modules 27 active <checkout>/.versionless/work/react-boilerplate-v4-node24/target/node_modules/webpack/buildin/global.js
<s> [webpack.Progress] 20% building 85/113 modules 28 active <checkout>/.versionless/work/react-boilerplate-v4-node24/target/node_modules/react-app-polyfill/node_modules/core-js/modules/_iterators.js
<s> [webpack.Progress] 20% building 85/114 modules 29 active <checkout>/.versionless/work/react-boilerplate-v4-node24/target/node_modules/react-app-polyfill/node_modules/core-js/modules/_iter-create.js
<s> [webpack.Progress] 20% building 85/115 modules 30 active <checkout>/.versionless/work/react-boilerplate-v4-node24/target/node_modules/react-app-polyfill/node_modules/core-js/modules/_object-gpo.js
<s> [webpack.Progress] 20% building 85/116 modules 31 active <checkout>/.versionless/work/react-boilerplate-v4-node24/target/node_modules/react-app-polyfill/node_modules/core-js/modules/_cof.js
<s> [webpack.Progress] 20% building 85/117 modules 32 active <checkout>/.versionless/work/react-boilerplate-v4-node24/target/node_modules/react-app-polyfill/node_modules/core-js/modules/_a-function.js
<s> [webpack.Progress] 20% building 85/118 modules 33 active <checkout>/.versionless/work/react-boilerplate-v4-node24/target/node_modules/react-app-polyfill/node_modules/core-js/modules/_function-to-string.js
<s> [webpack.Progress] 20% building 85/119 modules 34 active <checkout>/.versionless/work/react-boilerplate-v4-node24/target/node_modules/react-app-polyfill/node_modules/core-js/modules/_iobject.js
<s> [webpack.Progress] 20% building 85/120 modules 35 active <checkout>/.versionless/work/react-boilerplate-v4-node24/target/node_modules/react-app-polyfill/node_modules/core-js/modules/_object-dps.js
<s> [webpack.Progress] 20% building 85/121 modules 36 active <checkout>/.versionless/work/react-boilerplate-v4-node24/target/node_modules/react-app-polyfill/node_modules/core-js/modules/_enum-bug-keys.js
<s> [webpack.Progress] 20% building 85/122 modules 37 active <checkout>/.versionless/work/react-boilerplate-v4-node24/target/node_modules/react-app-polyfill/node_modules/core-js/modules/_shared-key.js
<s> [webpack.Progress] 20% building 85/123 modules 38 active <checkout>/.versionless/work/react-boilerplate-v4-node24/target/node_modules/react-app-polyfill/node_modules/core-js/modules/_dom-create.js
<s> [webpack.Progress] 20% building 85/124 modules 39 active <checkout>/.versionless/work/react-boilerplate-v4-node24/target/node_modules/react-app-polyfill/node_modules/core-js/modules/_html.js
<s> [webpack.Progress] 20% building 85/125 modules 40 active <checkout>/.versionless/work/react-boilerplate-v4-node24/target/node_modules/react-app-polyfill/node_modules/core-js/modules/_ie8-dom-define.js
<s> [webpack.Progress] 20% building 85/126 modules 41 active <checkout>/.versionless/work/react-boilerplate-v4-node24/target/node_modules/react-app-polyfill/node_modules/core-js/modules/_object-keys-internal.js
<s> [webpack.Progress] 20% building 86/126 modules 40 active <checkout>/.versionless/work/react-boilerplate-v4-node24/target/node_modules/react-app-polyfill/node_modules/core-js/modules/_object-keys-internal.js
<s> [webpack.Progress] 20% building 87/126 modules 39 active <checkout>/.versionless/work/react-boilerplate-v4-node24/target/node_modules/react-app-polyfill/node_modules/core-js/modules/_object-keys-internal.js
<s> [webpack.Progress] 20% building 88/126 modules 38 active <checkout>/.versionless/work/react-boilerplate-v4-node24/target/node_modules/react-app-polyfill/node_modules/core-js/modules/_object-keys-internal.js
<s> [webpack.Progress] 20% building 89/126 modules 37 active <checkout>/.versionless/work/react-boilerplate-v4-node24/target/node_modules/react-app-polyfill/node_modules/core-js/modules/_object-keys-internal.js
<s> [webpack.Progress] 20% building 90/126 modules 36 active <checkout>/.versionless/work/react-boilerplate-v4-node24/target/node_modules/react-app-polyfill/node_modules/core-js/modules/_object-keys-internal.js
<s> [webpack.Progress] 20% building 90/127 modules 37 active ignored <checkout>/.versionless/work/react-boilerplate-v4-node24/target/node_modules/react-intl/lib ../locale-data/index.js
<s> [webpack.Progress] 20% building 91/127 modules 36 active <checkout>/.versionless/work/react-boilerplate-v4-node24/target/node_modules/react-app-polyfill/node_modules/core-js/modules/_object-keys-internal.js
<s> [webpack.Progress] 21% building 92/127 modules 35 active <checkout>/.versionless/work/react-boilerplate-v4-node24/target/node_modules/react-app-polyfill/node_modules/core-js/modules/_object-keys-internal.js
<s> [webpack.Progress] 21% building 93/127 modules 34 active <checkout>/.versionless/work/react-boilerplate-v4-node24/target/node_modules/react-app-polyfill/node_modules/core-js/modules/_object-keys-internal.js
<s> [webpack.Progress] 21% building 94/127 modules 33 active <checkout>/.versionless/work/react-boilerplate-v4-node24/target/node_modules/react-app-polyfill/node_modules/core-js/modules/_object-keys-internal.js
<s> [webpack.Progress] 21% building 95/127 modules 32 active <checkout>/.versionless/work/react-boilerplate-v4-node24/target/node_modules/react-app-polyfill/node_modules/core-js/modules/_object-keys-internal.js
<s> [webpack.Progress] 21% building 96/127 modules 31 active <checkout>/.versionless/work/react-boilerplate-v4-node24/target/node_modules/react-app-polyfill/node_modules/core-js/modules/_object-keys-internal.js
<s> [webpack.Progress] 21% building 97/127 modules 30 active <checkout>/.versionless/work/react-boilerplate-v4-node24/target/node_modules/react-app-polyfill/node_modules/core-js/modules/_object-keys-internal.js
<s> [webpack.Progress] 21% building 97/128 modules 31 active <checkout>/.versionless/work/react-boilerplate-v4-node24/target/node_modules/history/index.js
<s> [webpack.Progress] 21% building 97/129 modules 32 active <checkout>/.versionless/work/react-boilerplate-v4-node24/target/node_modules/css-loader/dist/runtime/api.js
<s> [webpack.Progress] 21% building 98/129 modules 31 active <checkout>/.versionless/work/react-boilerplate-v4-node24/target/node_modules/css-loader/dist/runtime/api.js
<s> [webpack.Progress] 21% building 99/129 modules 30 active <checkout>/.versionless/work/react-boilerplate-v4-node24/target/node_modules/css-loader/dist/runtime/api.js
<s> [webpack.Progress] 22% building 100/129 modules 29 active <checkout>/.versionless/work/react-boilerplate-v4-node24/target/node_modules/css-loader/dist/runtime/api.js
<s> [webpack.Progress] 22% building 101/129 modules 28 active <checkout>/.versionless/work/react-boilerplate-v4-node24/target/node_modules/css-loader/dist/runtime/api.js
<s> [webpack.Progress] 22% building 102/129 modules 27 active <checkout>/.versionless/work/react-boilerplate-v4-node24/target/node_modules/css-loader/dist/runtime/api.js
<s> [webpack.Progress] 22% building 103/129 modules 26 active <checkout>/.versionless/work/react-boilerplate-v4-node24/target/node_modules/css-loader/dist/runtime/api.js
<s> [webpack.Progress] 22% building 104/129 modules 25 active <checkout>/.versionless/work/react-boilerplate-v4-node24/target/node_modules/css-loader/dist/runtime/api.js
<s> [webpack.Progress] 22% building 105/129 modules 24 active <checkout>/.versionless/work/react-boilerplate-v4-node24/target/node_modules/css-loader/dist/runtime/api.js
<s> [webpack.Progress] 22% building 106/129 modules 23 active <checkout>/.versionless/work/react-boilerplate-v4-node24/target/node_modules/css-loader/dist/runtime/api.js
<s> [webpack.Progress] 22% building 107/129 modules 22 active <checkout>/.versionless/work/react-boilerplate-v4-node24/target/node_modules/css-loader/dist/runtime/api.js
<s> [webpack.Progress] 22% building 108/129 modules 21 active <checkout>/.versionless/work/react-boilerplate-v4-node24/target/node_modules/css-loader/dist/runtime/api.js
<s> [webpack.Progress] 23% building 109/129 modules 20 active <checkout>/.versionless/work/react-boilerplate-v4-node24/target/node_modules/css-loader/dist/runtime/api.js
<s> [webpack.Progress] 23% building 110/129 modules 19 active <checkout>/.versionless/work/react-boilerplate-v4-node24/target/node_modules/css-loader/dist/runtime/api.js
<s> [webpack.Progress] 23% building 111/129 modules 18 active <checkout>/.versionless/work/react-boilerplate-v4-node24/target/node_modules/css-loader/dist/runtime/api.js
<s> [webpack.Progress] 23% building 112/129 modules 17 active <checkout>/.versionless/work/react-boilerplate-v4-node24/target/node_modules/css-loader/dist/runtime/api.js
<s> [webpack.Progress] 23% building 113/129 modules 16 active <checkout>/.versionless/work/react-boilerplate-v4-node24/target/node_modules/css-loader/dist/runtime/api.js
<s> [webpack.Progress] 23% building 114/129 modules 15 active <checkout>/.versionless/work/react-boilerplate-v4-node24/target/node_modules/css-loader/dist/runtime/api.js
<s> [webpack.Progress] 23% building 115/129 modules 14 active <checkout>/.versionless/work/react-boilerplate-v4-node24/target/node_modules/css-loader/dist/runtime/api.js
<s> [webpack.Progress] 23% building 116/129 modules 13 active <checkout>/.versionless/work/react-boilerplate-v4-node24/target/node_modules/css-loader/dist/runtime/api.js
<s> [webpack.Progress] 24% building 117/129 modules 12 active <checkout>/.versionless/work/react-boilerplate-v4-node24/target/node_modules/css-loader/dist/runtime/api.js
<s> [webpack.Progress] 24% building 118/129 modules 11 active <checkout>/.versionless/work/react-boilerplate-v4-node24/target/node_modules/css-loader/dist/runtime/api.js
<s> [webpack.Progress] 24% building 119/129 modules 10 active <checkout>/.versionless/work/react-boilerplate-v4-node24/target/node_modules/css-loader/dist/runtime/api.js
<s> [webpack.Progress] 24% building 120/129 modules 9 active <checkout>/.versionless/work/react-boilerplate-v4-node24/target/node_modules/css-loader/dist/runtime/api.js
<s> [webpack.Progress] 24% building 121/129 modules 8 active <checkout>/.versionless/work/react-boilerplate-v4-node24/target/node_modules/css-loader/dist/runtime/api.js
<s> [webpack.Progress] 24% building 122/129 modules 7 active <checkout>/.versionless/work/react-boilerplate-v4-node24/target/node_modules/css-loader/dist/runtime/api.js
<s> [webpack.Progress] 24% building 123/129 modules 6 active <checkout>/.versionless/work/react-boilerplate-v4-node24/target/node_modules/css-loader/dist/runtime/api.js
<s> [webpack.Progress] 24% building 124/129 modules 5 active <checkout>/.versionless/work/react-boilerplate-v4-node24/target/node_modules/css-loader/dist/runtime/api.js
<s> [webpack.Progress] 25% building 125/129 modules 4 active <checkout>/.versionless/work/react-boilerplate-v4-node24/target/node_modules/css-loader/dist/runtime/api.js
<s> [webpack.Progress] 25% building 126/129 modules 3 active <checkout>/.versionless/work/react-boilerplate-v4-node24/target/node_modules/css-loader/dist/runtime/api.js
<s> [webpack.Progress] 25% building 127/129 modules 2 active <checkout>/.versionless/work/react-boilerplate-v4-node24/target/node_modules/css-loader/dist/runtime/api.js
<s> [webpack.Progress] 25% building 127/130 modules 3 active <checkout>/.versionless/work/react-boilerplate-v4-node24/target/node_modules/babel-loader/lib/index.js!<checkout>/.versionless/work/react-boilerplate-v4-node24/target/app/containers/HomePage/Loadable.js
<s> [webpack.Progress] 25% building 127/131 modules 4 active <checkout>/.versionless/work/react-boilerplate-v4-node24/target/node_modules/babel-loader/lib/index.js!<checkout>/.versionless/work/react-boilerplate-v4-node24/target/app/containers/FeaturePage/Loadable.js
<s> [webpack.Progress] 25% building 127/132 modules 5 active <checkout>/.versionless/work/react-boilerplate-v4-node24/target/node_modules/babel-loader/lib/index.js!<checkout>/.versionless/work/react-boilerplate-v4-node24/target/app/containers/NotFoundPage/Loadable.js
<s> [webpack.Progress] 25% building 127/133 modules 6 active <checkout>/.versionless/work/react-boilerplate-v4-node24/target/node_modules/react-redux/node_modules/@babel/runtime/helpers/interopRequireDefault.js
<s> [webpack.Progress] 25% building 127/134 modules 7 active <checkout>/.versionless/work/react-boilerplate-v4-node24/target/node_modules/@babel/polyfill/node_modules/core-js/library/fn/global.js
<s> [webpack.Progress] 25% building 128/134 modules 6 active <checkout>/.versionless/work/react-boilerplate-v4-node24/target/node_modules/@babel/polyfill/node_modules/core-js/library/fn/global.js
<s> [webpack.Progress] 25% building 129/134 modules 5 active <checkout>/.versionless/work/react-boilerplate-v4-node24/target/node_modules/@babel/polyfill/node_modules/core-js/library/fn/global.js
<s> [webpack.Progress] 25% building 129/135 modules 6 active <checkout>/.versionless/work/react-boilerplate-v4-node24/target/node_modules/react-router-dom/index.js
<s> [webpack.Progress] 25% building 129/136 modules 7 active <checkout>/.versionless/work/react-boilerplate-v4-node24/target/node_modules/babel-loader/lib/index.js!<checkout>/.versionless/work/react-boilerplate-v4-node24/target/app/components/Header/index.js
<s> [webpack.Progress] 25% building 129/137 modules 8 active <checkout>/.versionless/work/react-boilerplate-v4-node24/target/node_modules/babel-loader/lib/index.js!<checkout>/.versionless/work/react-boilerplate-v4-node24/target/app/components/Footer/index.js
<s> [webpack.Progress] 25% building 129/138 modules 9 active <checkout>/.versionless/work/react-boilerplate-v4-node24/target/node_modules/style-loader/lib/urls.js
<s> [webpack.Progress] 25% building 129/139 modules 10 active <checkout>/.versionless/work/react-boilerplate-v4-node24/target/node_modules/prop-types/index.js
<s> [webpack.Progress] 25% building 129/140 modules 11 active <checkout>/.versionless/work/react-boilerplate-v4-node24/target/node_modules/connected-react-router/lib/structure/plain/index.js
<s> [webpack.Progress] 25% building 129/141 modules 12 active <checkout>/.versionless/work/react-boilerplate-v4-node24/target/node_modules/styled-components/dist/styled-components.browser.esm.js
<s> [webpack.Progress] 25% building 129/142 modules 13 active <checkout>/.versionless/work/react-boilerplate-v4-node24/target/node_modules/react-helmet/lib/Helmet.js
<s> [webpack.Progress] 25% building 129/143 modules 14 active <checkout>/.versionless/work/react-boilerplate-v4-node24/target/node_modules/react-redux/lib/utils/Subscription.js
<s> [webpack.Progress] 25% building 129/144 modules 15 active <checkout>/.versionless/work/react-boilerplate-v4-node24/target/node_modules/react-redux/node_modules/@babel/runtime/helpers/interopRequireWildcard.js
<s> [webpack.Progress] 25% building 129/145 modules 16 active <checkout>/.versionless/work/react-boilerplate-v4-node24/target/node_modules/react-redux/lib/connect/mapDispatchToProps.js
<s> [webpack.Progress] 25% building 129/146 modules 17 active <checkout>/.versionless/work/react-boilerplate-v4-node24/target/node_modules/react-redux/lib/connect/mergeProps.js
<s> [webpack.Progress] 25% building 129/147 modules 18 active <checkout>/.versionless/work/react-boilerplate-v4-node24/target/node_modules/react-redux/lib/connect/mapStateToProps.js
<s> [webpack.Progress] 25% building 129/148 modules 19 active <checkout>/.versionless/work/react-boilerplate-v4-node24/target/node_modules/react-redux/lib/connect/selectorFactory.js
<s> [webpack.Progress] 25% building 129/149 modules 20 active <checkout>/.versionless/work/react-boilerplate-v4-node24/target/node_modules/react-redux/node_modules/@babel/runtime/helpers/extends.js
<s> [webpack.Progress] 25% building 129/150 modules 21 active <checkout>/.versionless/work/react-boilerplate-v4-node24/target/node_modules/react-redux/node_modules/@babel/runtime/helpers/objectWithoutPropertiesLoose.js
<s> [webpack.Progress] 25% building 129/151 modules 22 active <checkout>/.versionless/work/react-boilerplate-v4-node24/target/node_modules/react-redux/lib/utils/useIsomorphicLayoutEffect.js
<s> [webpack.Progress] 25% building 129/152 modules 23 active <checkout>/.versionless/work/react-boilerplate-v4-node24/target/node_modules/react-redux/lib/hooks/useReduxContext.js
<s> [webpack.Progress] 25% building 129/153 modules 24 active <checkout>/.versionless/work/react-boilerplate-v4-node24/target/node_modules/reselect/es/index.js
<s> [webpack.Progress] 25% building 129/154 modules 25 active <checkout>/.versionless/work/react-boilerplate-v4-node24/target/node_modules/babel-loader/lib/index.js!<checkout>/.versionless/work/react-boilerplate-v4-node24/target/app/containers/App/constants.js
<s> [webpack.Progress] 25% building 129/155 modules 26 active <checkout>/.versionless/work/react-boilerplate-v4-node24/target/node_modules/babel-loader/lib/index.js!<checkout>/.versionless/work/react-boilerplate-v4-node24/target/app/containers/LanguageProvider/constants.js
<s> [webpack.Progress] 25% building 129/156 modules 27 active <checkout>/.versionless/work/react-boilerplate-v4-node24/target/node_modules/@babel/polyfill/node_modules/core-js/fn/array/flat-map.js
<s> [webpack.Progress] 25% building 129/157 modules 28 active <checkout>/.versionless/work/react-boilerplate-v4-node24/target/node_modules/@babel/polyfill/node_modules/core-js/fn/string/pad-start.js
<s> [webpack.Progress] 25% building 129/158 modules 29 active <checkout>/.versionless/work/react-boilerplate-v4-node24/target/node_modules/@babel/polyfill/node_modules/core-js/fn/array/includes.js
<s> [webpack.Progress] 25% building 129/159 modules 30 active <checkout>/.versionless/work/react-boilerplate-v4-node24/target/node_modules/@babel/polyfill/node_modules/core-js/fn/string/pad-end.js
<s> [webpack.Progress] 25% building 129/160 modules 31 active <checkout>/.versionless/work/react-boilerplate-v4-node24/target/node_modules/@babel/polyfill/node_modules/core-js/fn/string/trim-start.js
<s> [webpack.Progress] 25% building 129/161 modules 32 active <checkout>/.versionless/work/react-boilerplate-v4-node24/target/node_modules/@babel/polyfill/node_modules/core-js/fn/string/trim-end.js
<s> [webpack.Progress] 25% building 129/162 modules 33 active <checkout>/.versionless/work/react-boilerplate-v4-node24/target/node_modules/@babel/polyfill/node_modules/core-js/fn/symbol/async-iterator.js
<s> [webpack.Progress] 25% building 129/163 modules 34 active <checkout>/.versionless/work/react-boilerplate-v4-node24/target/node_modules/@babel/polyfill/node_modules/core-js/fn/object/values.js
<s> [webpack.Progress] 25% building 129/164 modules 35 active <checkout>/.versionless/work/react-boilerplate-v4-node24/target/node_modules/@babel/polyfill/node_modules/core-js/fn/object/entries.js
<s> [webpack.Progress] 25% building 129/165 modules 36 active <checkout>/.versionless/work/react-boilerplate-v4-node24/target/node_modules/@babel/polyfill/node_modules/core-js/fn/object/get-own-property-descriptors.js
<s> [webpack.Progress] 25% building 129/166 modules 37 active <checkout>/.versionless/work/react-boilerplate-v4-node24/target/node_modules/@babel/polyfill/node_modules/core-js/fn/promise/finally.js
<s> [webpack.Progress] 25% building 130/166 modules 36 active <checkout>/.versionless/work/react-boilerplate-v4-node24/target/node_modules/@babel/polyfill/node_modules/core-js/fn/promise/finally.js
<s> [webpack.Progress] 25% building 131/166 modules 35 active <checkout>/.versionless/work/react-boilerplate-v4-node24/target/node_modules/@babel/polyfill/node_modules/core-js/fn/promise/finally.js
<s> [webpack.Progress] 25% building 132/166 modules 34 active <checkout>/.versionless/work/react-boilerplate-v4-node24/target/node_modules/@babel/polyfill/node_modules/core-js/fn/promise/finally.js
<s> [webpack.Progress] 25% building 133/166 modules 33 active <checkout>/.versionless/work/react-boilerplate-v4-node24/target/node_modules/@babel/polyfill/node_modules/core-js/fn/promise/finally.js
<s> [webpack.Progress] 25% building 133/167 modules 34 active <checkout>/.versionless/work/react-boilerplate-v4-node24/target/node_modules/react-app-polyfill/node_modules/core-js/modules/_array-includes.js
<s> [webpack.Progress] 26% building 134/167 modules 33 active <checkout>/.versionless/work/react-boilerplate-v4-node24/target/node_modules/react-app-polyfill/node_modules/core-js/modules/_array-includes.js
<s> [webpack.Progress] 26% building 134/168 modules 34 active <checkout>/.versionless/work/react-boilerplate-v4-node24/target/node_modules/history/cjs/history.min.js
<s> [webpack.Progress] 26% building 134/169 modules 35 active <checkout>/.versionless/work/react-boilerplate-v4-node24/target/node_modules/@babel/polyfill/node_modules/regenerator-runtime/runtime.js
<s> [webpack.Progress] 26% building 135/169 modules 34 active <checkout>/.versionless/work/react-boilerplate-v4-node24/target/node_modules/@babel/polyfill/node_modules/regenerator-runtime/runtime.js
<s> [webpack.Progress] 26% building 136/169 modules 33 active <checkout>/.versionless/work/react-boilerplate-v4-node24/target/node_modules/@babel/polyfill/node_modules/regenerator-runtime/runtime.js
<s> [webpack.Progress] 26% building 137/169 modules 32 active <checkout>/.versionless/work/react-boilerplate-v4-node24/target/node_modules/@babel/polyfill/node_modules/regenerator-runtime/runtime.js
<s> [webpack.Progress] 26% building 138/169 modules 31 active <checkout>/.versionless/work/react-boilerplate-v4-node24/target/node_modules/@babel/polyfill/node_modules/regenerator-runtime/runtime.js
<s> [webpack.Progress] 26% building 139/169 modules 30 active <checkout>/.versionless/work/react-boilerplate-v4-node24/target/node_modules/@babel/polyfill/node_modules/regenerator-runtime/runtime.js
<s> [webpack.Progress] 26% building 140/169 modules 29 active <checkout>/.versionless/work/react-boilerplate-v4-node24/target/node_modules/@babel/polyfill/node_modules/regenerator-runtime/runtime.js
<s> [webpack.Progress] 26% building 141/169 modules 28 active <checkout>/.versionless/work/react-boilerplate-v4-node24/target/node_modules/@babel/polyfill/node_modules/regenerator-runtime/runtime.js
<s> [webpack.Progress] 27% building 142/169 modules 27 active <checkout>/.versionless/work/react-boilerplate-v4-node24/target/node_modules/@babel/polyfill/node_modules/regenerator-runtime/runtime.js
<s> [webpack.Progress] 27% building 143/169 modules 26 active <checkout>/.versionless/work/react-boilerplate-v4-node24/target/node_modules/@babel/polyfill/node_modules/regenerator-runtime/runtime.js
<s> [webpack.Progress] 27% building 144/169 modules 25 active <checkout>/.versionless/work/react-boilerplate-v4-node24/target/node_modules/@babel/polyfill/node_modules/regenerator-runtime/runtime.js
<s> [webpack.Progress] 27% building 145/169 modules 24 active <checkout>/.versionless/work/react-boilerplate-v4-node24/target/node_modules/@babel/polyfill/node_modules/regenerator-runtime/runtime.js
<s> [webpack.Progress] 27% building 146/169 modules 23 active <checkout>/.versionless/work/react-boilerplate-v4-node24/target/node_modules/@babel/polyfill/node_modules/regenerator-runtime/runtime.js
<s> [webpack.Progress] 27% building 147/169 modules 22 active <checkout>/.versionless/work/react-boilerplate-v4-node24/target/node_modules/@babel/polyfill/node_modules/regenerator-runtime/runtime.js
<s> [webpack.Progress] 27% building 148/169 modules 21 active <checkout>/.versionless/work/react-boilerplate-v4-node24/target/node_modules/@babel/polyfill/node_modules/regenerator-runtime/runtime.js
<s> [webpack.Progress] 27% building 149/169 modules 20 active <checkout>/.versionless/work/react-boilerplate-v4-node24/target/node_modules/@babel/polyfill/node_modules/regenerator-runtime/runtime.js
<s> [webpack.Progress] 28% building 150/169 modules 19 active <checkout>/.versionless/work/react-boilerplate-v4-node24/target/node_modules/@babel/polyfill/node_modules/regenerator-runtime/runtime.js
<s> [webpack.Progress] 28% building 151/169 modules 18 active <checkout>/.versionless/work/react-boilerplate-v4-node24/target/node_modules/@babel/polyfill/node_modules/regenerator-runtime/runtime.js
<s> [webpack.Progress] 28% building 152/169 modules 17 active <checkout>/.versionless/work/react-boilerplate-v4-node24/target/node_modules/@babel/polyfill/node_modules/regenerator-runtime/runtime.js
<s> [webpack.Progress] 28% building 153/169 modules 16 active <checkout>/.versionless/work/react-boilerplate-v4-node24/target/node_modules/@babel/polyfill/node_modules/regenerator-runtime/runtime.js
<s> [webpack.Progress] 28% building 154/169 modules 15 active <checkout>/.versionless/work/react-boilerplate-v4-node24/target/node_modules/@babel/polyfill/node_modules/regenerator-runtime/runtime.js
<s> [webpack.Progress] 28% building 155/169 modules 14 active <checkout>/.versionless/work/react-boilerplate-v4-node24/target/node_modules/@babel/polyfill/node_modules/regenerator-runtime/runtime.js
<s> [webpack.Progress] 28% building 156/169 modules 13 active <checkout>/.versionless/work/react-boilerplate-v4-node24/target/node_modules/@babel/polyfill/node_modules/regenerator-runtime/runtime.js
<s> [webpack.Progress] 28% building 157/169 modules 12 active <checkout>/.versionless/work/react-boilerplate-v4-node24/target/node_modules/@babel/polyfill/node_modules/regenerator-runtime/runtime.js
<s> [webpack.Progress] 28% building 158/169 modules 11 active <checkout>/.versionless/work/react-boilerplate-v4-node24/target/node_modules/@babel/polyfill/node_modules/regenerator-runtime/runtime.js
<s> [webpack.Progress] 29% building 159/169 modules 10 active <checkout>/.versionless/work/react-boilerplate-v4-node24/target/node_modules/@babel/polyfill/node_modules/regenerator-runtime/runtime.js
<s> [webpack.Progress] 29% building 160/169 modules 9 active <checkout>/.versionless/work/react-boilerplate-v4-node24/target/node_modules/@babel/polyfill/node_modules/regenerator-runtime/runtime.js
<s> [webpack.Progress] 29% building 161/169 modules 8 active <checkout>/.versionless/work/react-boilerplate-v4-node24/target/node_modules/@babel/polyfill/node_modules/regenerator-runtime/runtime.js
<s> [webpack.Progress] 29% building 162/169 modules 7 active <checkout>/.versionless/work/react-boilerplate-v4-node24/target/node_modules/@babel/polyfill/node_modules/regenerator-runtime/runtime.js
<s> [webpack.Progress] 29% building 163/169 modules 6 active <checkout>/.versionless/work/react-boilerplate-v4-node24/target/node_modules/@babel/polyfill/node_modules/regenerator-runtime/runtime.js
<s> [webpack.Progress] 29% building 164/169 modules 5 active <checkout>/.versionless/work/react-boilerplate-v4-node24/target/node_modules/@babel/polyfill/node_modules/regenerator-runtime/runtime.js
<s> [webpack.Progress] 29% building 165/169 modules 4 active <checkout>/.versionless/work/react-boilerplate-v4-node24/target/node_modules/@babel/polyfill/node_modules/regenerator-runtime/runtime.js
<s> [webpack.Progress] 29% building 166/169 modules 3 active <checkout>/.versionless/work/react-boilerplate-v4-node24/target/node_modules/@babel/polyfill/node_modules/regenerator-runtime/runtime.js
<s> [webpack.Progress] 30% building 167/169 modules 2 active <checkout>/.versionless/work/react-boilerplate-v4-node24/target/node_modules/@babel/polyfill/node_modules/regenerator-runtime/runtime.js
<s> [webpack.Progress] 30% building 167/170 modules 3 active <checkout>/.versionless/work/react-boilerplate-v4-node24/target/node_modules/babel-loader/lib/index.js!<checkout>/.versionless/work/react-boilerplate-v4-node24/target/app/containers/FeaturePage/index.js
<s> [webpack.Progress] 30% building 167/171 modules 4 active <checkout>/.versionless/work/react-boilerplate-v4-node24/target/node_modules/babel-loader/lib/index.js!<checkout>/.versionless/work/react-boilerplate-v4-node24/target/app/containers/HomePage/index.js
<s> [webpack.Progress] 30% building 167/172 modules 5 active <checkout>/.versionless/work/react-boilerplate-v4-node24/target/node_modules/babel-loader/lib/index.js!<checkout>/.versionless/work/react-boilerplate-v4-node24/target/app/containers/NotFoundPage/index.js
<s> [webpack.Progress] 30% building 168/172 modules 4 active <checkout>/.versionless/work/react-boilerplate-v4-node24/target/node_modules/babel-loader/lib/index.js!<checkout>/.versionless/work/react-boilerplate-v4-node24/target/app/containers/NotFoundPage/index.js
<s> [webpack.Progress] 30% building 168/173 modules 5 active <checkout>/.versionless/work/react-boilerplate-v4-node24/target/node_modules/scheduler/index.js
<s> [webpack.Progress] 30% building 169/173 modules 4 active <checkout>/.versionless/work/react-boilerplate-v4-node24/target/node_modules/scheduler/index.js
<s> [webpack.Progress] 30% building 169/174 modules 5 active <checkout>/.versionless/work/react-boilerplate-v4-node24/target/node_modules/react-router-dom/cjs/react-router-dom.min.js
<s> [webpack.Progress] 30% building 169/175 modules 6 active <checkout>/.versionless/work/react-boilerplate-v4-node24/target/node_modules/@babel/polyfill/node_modules/core-js/es6/index.js
<s> [webpack.Progress] 30% building 169/176 modules 7 active <checkout>/.versionless/work/react-boilerplate-v4-node24/target/node_modules/@babel/polyfill/node_modules/core-js/web/index.js
<s> [webpack.Progress] 30% building 169/177 modules 8 active <checkout>/.versionless/work/react-boilerplate-v4-node24/target/node_modules/@babel/polyfill/node_modules/core-js/library/modules/_core.js
<s> [webpack.Progress] 30% building 169/178 modules 9 active <checkout>/.versionless/work/react-boilerplate-v4-node24/target/node_modules/@babel/polyfill/node_modules/core-js/library/modules/es7.global.js
<s> [webpack.Progress] 30% building 169/179 modules 10 active <checkout>/.versionless/work/react-boilerplate-v4-node24/target/node_modules/babel-loader/lib/index.js!<checkout>/.versionless/work/react-boilerplate-v4-node24/target/app/components/Header/A.js
<s> [webpack.Progress] 30% building 169/180 modules 11 active <checkout>/.versionless/work/react-boilerplate-v4-node24/target/node_modules/babel-loader/lib/index.js!<checkout>/.versionless/work/react-boilerplate-v4-node24/target/app/components/Header/Img.js
<s> [webpack.Progress] 30% building 169/181 modules 12 active <checkout>/.versionless/work/react-boilerplate-v4-node24/target/node_modules/babel-loader/lib/index.js!<checkout>/.versionless/work/react-boilerplate-v4-node24/target/app/components/Header/NavBar.js
<s> [webpack.Progress] 30% building 169/182 modules 13 active <checkout>/.versionless/work/react-boilerplate-v4-node24/target/node_modules/babel-loader/lib/index.js!<checkout>/.versionless/work/react-boilerplate-v4-node24/target/app/components/Header/HeaderLink.js
<s> [webpack.Progress] 30% building 169/183 modules 14 active <checkout>/.versionless/work/react-boilerplate-v4-node24/target/node_modules/babel-loader/lib/index.js!<checkout>/.versionless/work/react-boilerplate-v4-node24/target/app/components/Header/messages.js
<s> [webpack.Progress] 30% building 169/184 modules 15 active <checkout>/.versionless/work/react-boilerplate-v4-node24/target/node_modules/babel-loader/lib/index.js!<checkout>/.versionless/work/react-boilerplate-v4-node24/target/app/components/Footer/Wrapper.js
<s> [webpack.Progress] 30% building 169/185 modules 16 active <checkout>/.versionless/work/react-boilerplate-v4-node24/target/node_modules/babel-loader/lib/index.js!<checkout>/.versionless/work/react-boilerplate-v4-node24/target/app/components/Footer/messages.js
<s> [webpack.Progress] 30% building 169/186 modules 17 active <checkout>/.versionless/work/react-boilerplate-v4-node24/target/node_modules/prop-types/factoryWithThrowingShims.js
<s> [webpack.Progress] 30% building 169/187 modules 18 active <checkout>/.versionless/work/react-boilerplate-v4-node24/target/node_modules/invariant/browser.js
<s> [webpack.Progress] 30% building 169/188 modules 19 active <checkout>/.versionless/work/react-boilerplate-v4-node24/target/node_modules/react-router/index.js
<s> [webpack.Progress] 30% building 169/189 modules 20 active <checkout>/.versionless/work/react-boilerplate-v4-node24/target/node_modules/connected-react-router/lib/structure/plain/getIn.js
<s> [webpack.Progress] 30% building 169/190 modules 21 active <checkout>/.versionless/work/react-boilerplate-v4-node24/target/node_modules/react-redux/lib/utils/verifyPlainObject.js
<s> [webpack.Progress] 30% building 169/191 modules 22 active <checkout>/.versionless/work/react-boilerplate-v4-node24/target/node_modules/react-redux/lib/connect/wrapMapToProps.js
<s> [webpack.Progress] 30% building 169/192 modules 23 active <checkout>/.versionless/work/react-boilerplate-v4-node24/target/node_modules/react-redux/lib/connect/verifySubselectors.js
<s> [webpack.Progress] 30% building 169/193 modules 24 active <checkout>/.versionless/work/react-boilerplate-v4-node24/target/node_modules/@redux-saga/core/dist/redux-saga-core.cjs.js
<s> [webpack.Progress] 30% building 169/194 modules 25 active <checkout>/.versionless/work/react-boilerplate-v4-node24/target/node_modules/symbol-observable/es/index.js
<s> [webpack.Progress] 30% building 169/195 modules 26 active <checkout>/.versionless/work/react-boilerplate-v4-node24/target/node_modules/intl-relativeformat/src/main.js
<s> [webpack.Progress] 30% building 169/196 modules 27 active <checkout>/.versionless/work/react-boilerplate-v4-node24/target/node_modules/intl-messageformat/src/main.js
<s> [webpack.Progress] 30% building 169/197 modules 28 active <checkout>/.versionless/work/react-boilerplate-v4-node24/target/node_modules/hoist-non-react-statics/dist/hoist-non-react-statics.cjs.js
<s> [webpack.Progress] 30% building 169/198 modules 29 active <checkout>/.versionless/work/react-boilerplate-v4-node24/target/node_modules/intl-format-cache/src/memoizer.js
<s> [webpack.Progress] 30% building 170/198 modules 28 active <checkout>/.versionless/work/react-boilerplate-v4-node24/target/node_modules/intl-format-cache/src/memoizer.js
<s> [webpack.Progress] 30% building 171/198 modules 27 active <checkout>/.versionless/work/react-boilerplate-v4-node24/target/node_modules/intl-format-cache/src/memoizer.js
<s> [webpack.Progress] 30% building 172/198 modules 26 active <checkout>/.versionless/work/react-boilerplate-v4-node24/target/node_modules/intl-format-cache/src/memoizer.js
<s> [webpack.Progress] 30% building 172/199 modules 27 active <checkout>/.versionless/work/react-boilerplate-v4-node24/target/node_modules/react-is/index.js
<s> [webpack.Progress] 30% building 172/200 modules 28 active <checkout>/.versionless/work/react-boilerplate-v4-node24/target/node_modules/react-redux/node_modules/react-is/index.js
<s> [webpack.Progress] 30% building 172/201 modules 29 active <checkout>/.versionless/work/react-boilerplate-v4-node24/target/node_modules/react-app-polyfill/node_modules/core-js/modules/_to-absolute-index.js
<s> [webpack.Progress] 30% building 172/202 modules 30 active <checkout>/.versionless/work/react-boilerplate-v4-node24/target/node_modules/@babel/polyfill/node_modules/core-js/modules/_core.js
<s> [webpack.Progress] 30% building 172/203 modules 31 active <checkout>/.versionless/work/react-boilerplate-v4-node24/target/node_modules/@babel/polyfill/node_modules/core-js/modules/es7.string.pad-start.js
<s> [webpack.Progress] 30% building 172/204 modules 32 active <checkout>/.versionless/work/react-boilerplate-v4-node24/target/node_modules/@babel/polyfill/node_modules/core-js/modules/es7.array.flat-map.js
<s> [webpack.Progress] 30% building 172/205 modules 33 active <checkout>/.versionless/work/react-boilerplate-v4-node24/target/node_modules/@babel/polyfill/node_modules/core-js/modules/es7.string.pad-end.js
<s> [webpack.Progress] 30% building 172/206 modules 34 active <checkout>/.versionless/work/react-boilerplate-v4-node24/target/node_modules/@babel/polyfill/node_modules/core-js/modules/es7.string.trim-left.js
<s> [webpack.Progress] 30% building 172/207 modules 35 active <checkout>/.versionless/work/react-boilerplate-v4-node24/target/node_modules/@babel/polyfill/node_modules/core-js/modules/es7.string.trim-right.js
<s> [webpack.Progress] 30% building 172/208 modules 36 active <checkout>/.versionless/work/react-boilerplate-v4-node24/target/node_modules/@babel/polyfill/node_modules/core-js/modules/es7.object.values.js
<s> [webpack.Progress] 30% building 172/209 modules 37 active <checkout>/.versionless/work/react-boilerplate-v4-node24/target/node_modules/@babel/polyfill/node_modules/core-js/modules/es7.array.includes.js
<s> [webpack.Progress] 30% building 172/210 modules 38 active <checkout>/.versionless/work/react-boilerplate-v4-node24/target/node_modules/@babel/polyfill/node_modules/core-js/modules/es7.object.entries.js
<s> [webpack.Progress] 30% building 172/211 modules 39 active <checkout>/.versionless/work/react-boilerplate-v4-node24/target/node_modules/@babel/polyfill/node_modules/core-js/modules/es7.symbol.async-iterator.js
<s> [webpack.Progress] 30% building 172/212 modules 40 active <checkout>/.versionless/work/react-boilerplate-v4-node24/target/node_modules/@babel/polyfill/node_modules/core-js/modules/_wks-ext.js
<s> [webpack.Progress] 30% building 172/213 modules 41 active <checkout>/.versionless/work/react-boilerplate-v4-node24/target/node_modules/@babel/polyfill/node_modules/core-js/modules/es6.promise.js
<s> [webpack.Progress] 30% building 172/214 modules 42 active <checkout>/.versionless/work/react-boilerplate-v4-node24/target/node_modules/@babel/polyfill/node_modules/core-js/modules/es7.promise.finally.js
<s> [webpack.Progress] 30% building 172/215 modules 43 active <checkout>/.versionless/work/react-boilerplate-v4-node24/target/node_modules/@babel/polyfill/node_modules/core-js/modules/es7.object.get-own-property-descriptors.js
<s> [webpack.Progress] 30% building 173/215 modules 42 active <checkout>/.versionless/work/react-boilerplate-v4-node24/target/node_modules/@babel/polyfill/node_modules/core-js/modules/es7.object.get-own-property-descriptors.js
<s> [webpack.Progress] 30% building 173/216 modules 43 active <checkout>/.versionless/work/react-boilerplate-v4-node24/target/node_modules/babel-loader/lib/index.js!<checkout>/.versionless/work/react-boilerplate-v4-node24/target/app/utils/loadable.js
<s> [webpack.Progress] 30% building 173/217 modules 44 active <checkout>/.versionless/work/react-boilerplate-v4-node24/target/node_modules/process/browser.js
<s> [webpack.Progress] 30% building 174/217 modules 43 active <checkout>/.versionless/work/react-boilerplate-v4-node24/target/node_modules/process/browser.js
<s> [webpack.Progress] 30% building 174/218 modules 44 active <checkout>/.versionless/work/react-boilerplate-v4-node24/target/node_modules/immer/dist/immer.module.js
<s> [webpack.Progress] 30% building 174/219 modules 45 active <checkout>/.versionless/work/react-boilerplate-v4-node24/target/node_modules/react-intl/node_modules/hoist-non-react-statics/dist/hoist-non-react-statics.cjs.js
<s> [webpack.Progress] 31% building 175/219 modules 44 active <checkout>/.versionless/work/react-boilerplate-v4-node24/target/node_modules/react-intl/node_modules/hoist-non-react-statics/dist/hoist-non-react-statics.cjs.js
<s> [webpack.Progress] 31% building 176/219 modules 43 active <checkout>/.versionless/work/react-boilerplate-v4-node24/target/node_modules/react-intl/node_modules/hoist-non-react-statics/dist/hoist-non-react-statics.cjs.js
<s> [webpack.Progress] 31% building 177/219 modules 42 active <checkout>/.versionless/work/react-boilerplate-v4-node24/target/node_modules/react-intl/node_modules/hoist-non-react-statics/dist/hoist-non-react-statics.cjs.js
<s> [webpack.Progress] 31% building 178/219 modules 41 active <checkout>/.versionless/work/react-boilerplate-v4-node24/target/node_modules/react-intl/node_modules/hoist-non-react-statics/dist/hoist-non-react-statics.cjs.js
<s> [webpack.Progress] 31% building 179/219 modules 40 active <checkout>/.versionless/work/react-boilerplate-v4-node24/target/node_modules/react-intl/node_modules/hoist-non-react-statics/dist/hoist-non-react-statics.cjs.js
<s> [webpack.Progress] 31% building 180/219 modules 39 active <checkout>/.versionless/work/react-boilerplate-v4-node24/target/node_modules/react-intl/node_modules/hoist-non-react-statics/dist/hoist-non-react-statics.cjs.js
<s> [webpack.Progress] 31% building 181/219 modules 38 active <checkout>/.versionless/work/react-boilerplate-v4-node24/target/node_modules/react-intl/node_modules/hoist-non-react-statics/dist/hoist-non-react-statics.cjs.js
<s> [webpack.Progress] 31% building 182/219 modules 37 active <checkout>/.versionless/work/react-boilerplate-v4-node24/target/node_modules/react-intl/node_modules/hoist-non-react-statics/dist/hoist-non-react-statics.cjs.js
<s> [webpack.Progress] 31% building 183/219 modules 36 active <checkout>/.versionless/work/react-boilerplate-v4-node24/target/node_modules/react-intl/node_modules/hoist-non-react-statics/dist/hoist-non-react-statics.cjs.js
<s> [webpack.Progress] 32% building 184/219 modules 35 active <checkout>/.versionless/work/react-boilerplate-v4-node24/target/node_modules/react-intl/node_modules/hoist-non-react-statics/dist/hoist-non-react-statics.cjs.js
<s> [webpack.Progress] 32% building 185/219 modules 34 active <checkout>/.versionless/work/react-boilerplate-v4-node24/target/node_modules/react-intl/node_modules/hoist-non-react-statics/dist/hoist-non-react-statics.cjs.js
<s> [webpack.Progress] 32% building 186/219 modules 33 active <checkout>/.versionless/work/react-boilerplate-v4-node24/target/node_modules/react-intl/node_modules/hoist-non-react-statics/dist/hoist-non-react-statics.cjs.js
<s> [webpack.Progress] 32% building 187/219 modules 32 active <checkout>/.versionless/work/react-boilerplate-v4-node24/target/node_modules/react-intl/node_modules/hoist-non-react-statics/dist/hoist-non-react-statics.cjs.js
<s> [webpack.Progress] 32% building 188/219 modules 31 active <checkout>/.versionless/work/react-boilerplate-v4-node24/target/node_modules/react-intl/node_modules/hoist-non-react-statics/dist/hoist-non-react-statics.cjs.js
<s> [webpack.Progress] 32% building 189/219 modules 30 active <checkout>/.versionless/work/react-boilerplate-v4-node24/target/node_modules/react-intl/node_modules/hoist-non-react-statics/dist/hoist-non-react-statics.cjs.js
<s> [webpack.Progress] 32% building 189/220 modules 31 active <checkout>/.versionless/work/react-boilerplate-v4-node24/target/node_modules/stylis/stylis.min.js
<s> [webpack.Progress] 32% building 190/220 modules 30 active <checkout>/.versionless/work/react-boilerplate-v4-node24/target/node_modules/stylis/stylis.min.js
<s> [webpack.Progress] 32% building 191/220 modules 29 active <checkout>/.versionless/work/react-boilerplate-v4-node24/target/node_modules/stylis/stylis.min.js
<s> [webpack.Progress] 33% building 192/220 modules 28 active <checkout>/.versionless/work/react-boilerplate-v4-node24/target/node_modules/stylis/stylis.min.js
<s> [webpack.Progress] 33% building 193/220 modules 27 active <checkout>/.versionless/work/react-boilerplate-v4-node24/target/node_modules/stylis/stylis.min.js
<s> [webpack.Progress] 33% building 194/220 modules 26 active <checkout>/.versionless/work/react-boilerplate-v4-node24/target/node_modules/stylis/stylis.min.js
<s> [webpack.Progress] 33% building 195/220 modules 25 active <checkout>/.versionless/work/react-boilerplate-v4-node24/target/node_modules/stylis/stylis.min.js
<s> [webpack.Progress] 33% building 196/220 modules 24 active <checkout>/.versionless/work/react-boilerplate-v4-node24/target/node_modules/stylis/stylis.min.js
<s> [webpack.Progress] 33% building 197/220 modules 23 active <checkout>/.versionless/work/react-boilerplate-v4-node24/target/node_modules/stylis/stylis.min.js
<s> [webpack.Progress] 33% building 198/220 modules 22 active <checkout>/.versionless/work/react-boilerplate-v4-node24/target/node_modules/stylis/stylis.min.js
<s> [webpack.Progress] 33% building 199/220 modules 21 active <checkout>/.versionless/work/react-boilerplate-v4-node24/target/node_modules/stylis/stylis.min.js
<s> [webpack.Progress] 34% building 200/220 modules 20 active <checkout>/.versionless/work/react-boilerplate-v4-node24/target/node_modules/stylis/stylis.min.js
<s> [webpack.Progress] 34% building 201/220 modules 19 active <checkout>/.versionless/work/react-boilerplate-v4-node24/target/node_modules/stylis/stylis.min.js
<s> [webpack.Progress] 34% building 202/220 modules 18 active <checkout>/.versionless/work/react-boilerplate-v4-node24/target/node_modules/stylis/stylis.min.js
<s> [webpack.Progress] 34% building 203/220 modules 17 active <checkout>/.versionless/work/react-boilerplate-v4-node24/target/node_modules/stylis/stylis.min.js
<s> [webpack.Progress] 34% building 204/220 modules 16 active <checkout>/.versionless/work/react-boilerplate-v4-node24/target/node_modules/stylis/stylis.min.js
<s> [webpack.Progress] 34% building 205/220 modules 15 active <checkout>/.versionless/work/react-boilerplate-v4-node24/target/node_modules/stylis/stylis.min.js
<s> [webpack.Progress] 34% building 206/220 modules 14 active <checkout>/.versionless/work/react-boilerplate-v4-node24/target/node_modules/stylis/stylis.min.js
<s> [webpack.Progress] 34% building 207/220 modules 13 active <checkout>/.versionless/work/react-boilerplate-v4-node24/target/node_modules/stylis/stylis.min.js
<s> [webpack.Progress] 34% building 208/220 modules 12 active <checkout>/.versionless/work/react-boilerplate-v4-node24/target/node_modules/stylis/stylis.min.js
<s> [webpack.Progress] 35% building 209/220 modules 11 active <checkout>/.versionless/work/react-boilerplate-v4-node24/target/node_modules/stylis/stylis.min.js
<s> [webpack.Progress] 35% building 210/220 modules 10 active <checkout>/.versionless/work/react-boilerplate-v4-node24/target/node_modules/stylis/stylis.min.js
<s> [webpack.Progress] 35% building 211/220 modules 9 active <checkout>/.versionless/work/react-boilerplate-v4-node24/target/node_modules/stylis/stylis.min.js
<s> [webpack.Progress] 35% building 212/220 modules 8 active <checkout>/.versionless/work/react-boilerplate-v4-node24/target/node_modules/stylis/stylis.min.js
<s> [webpack.Progress] 35% building 213/220 modules 7 active <checkout>/.versionless/work/react-boilerplate-v4-node24/target/node_modules/stylis/stylis.min.js
<s> [webpack.Progress] 35% building 214/220 modules 6 active <checkout>/.versionless/work/react-boilerplate-v4-node24/target/node_modules/stylis/stylis.min.js
<s> [webpack.Progress] 35% building 215/220 modules 5 active <checkout>/.versionless/work/react-boilerplate-v4-node24/target/node_modules/stylis/stylis.min.js
<s> [webpack.Progress] 35% building 215/221 modules 6 active <checkout>/.versionless/work/react-boilerplate-v4-node24/target/node_modules/babel-loader/lib/index.js!<checkout>/.versionless/work/react-boilerplate-v4-node24/target/app/containers/FeaturePage/List.js
<s> [webpack.Progress] 35% building 215/222 modules 7 active <checkout>/.versionless/work/react-boilerplate-v4-node24/target/node_modules/babel-loader/lib/index.js!<checkout>/.versionless/work/react-boilerplate-v4-node24/target/app/containers/FeaturePage/messages.js
<s> [webpack.Progress] 35% building 215/223 modules 8 active <checkout>/.versionless/work/react-boilerplate-v4-node24/target/node_modules/scheduler/cjs/scheduler.production.min.js
<s> [webpack.Progress] 35% building 215/224 modules 9 active <checkout>/.versionless/work/react-boilerplate-v4-node24/target/node_modules/babel-loader/lib/index.js!<checkout>/.versionless/work/react-boilerplate-v4-node24/target/app/containers/FeaturePage/ListItem.js
<s> [webpack.Progress] 35% building 215/225 modules 10 active <checkout>/.versionless/work/react-boilerplate-v4-node24/target/node_modules/babel-loader/lib/index.js!<checkout>/.versionless/work/react-boilerplate-v4-node24/target/app/containers/FeaturePage/ListItemTitle.js
<s> [webpack.Progress] 35% building 215/226 modules 11 active <checkout>/.versionless/work/react-boilerplate-v4-node24/target/node_modules/babel-loader/lib/index.js!<checkout>/.versionless/work/react-boilerplate-v4-node24/target/app/components/LoadingIndicator/index.js
<s> [webpack.Progress] 35% building 215/227 modules 12 active <checkout>/.versionless/work/react-boilerplate-v4-node24/target/node_modules/babel-loader/lib/index.js!<checkout>/.versionless/work/react-boilerplate-v4-node24/target/app/containers/HomePage/AtPrefix.js
<s> [webpack.Progress] 35% building 215/228 modules 13 active <checkout>/.versionless/work/react-boilerplate-v4-node24/target/node_modules/babel-loader/lib/index.js!<checkout>/.versionless/work/react-boilerplate-v4-node24/target/app/containers/HomePage/CenteredSection.js
<s> [webpack.Progress] 35% building 215/229 modules 14 active <checkout>/.versionless/work/react-boilerplate-v4-node24/target/node_modules/babel-loader/lib/index.js!<checkout>/.versionless/work/react-boilerplate-v4-node24/target/app/containers/HomePage/Form.js
<s> [webpack.Progress] 35% building 215/230 modules 15 active <checkout>/.versionless/work/react-boilerplate-v4-node24/target/node_modules/babel-loader/lib/index.js!<checkout>/.versionless/work/react-boilerplate-v4-node24/target/app/containers/HomePage/Section.js
<s> [webpack.Progress] 35% building 215/231 modules 16 active <checkout>/.versionless/work/react-boilerplate-v4-node24/target/node_modules/babel-loader/lib/index.js!<checkout>/.versionless/work/react-boilerplate-v4-node24/target/app/containers/HomePage/Input.js
<s> [webpack.Progress] 35% building 215/232 modules 17 active <checkout>/.versionless/work/react-boilerplate-v4-node24/target/node_modules/babel-loader/lib/index.js!<checkout>/.versionless/work/react-boilerplate-v4-node24/target/app/containers/HomePage/saga.js
<s> [webpack.Progress] 35% building 215/233 modules 18 active <checkout>/.versionless/work/react-boilerplate-v4-node24/target/node_modules/babel-loader/lib/index.js!<checkout>/.versionless/work/react-boilerplate-v4-node24/target/app/containers/HomePage/reducer.js
<s> [webpack.Progress] 35% building 215/234 modules 19 active <checkout>/.versionless/work/react-boilerplate-v4-node24/target/node_modules/babel-loader/lib/index.js!<checkout>/.versionless/work/react-boilerplate-v4-node24/target/app/containers/HomePage/selectors.js
<s> [webpack.Progress] 35% building 215/235 modules 20 active <checkout>/.versionless/work/react-boilerplate-v4-node24/target/node_modules/babel-loader/lib/index.js!<checkout>/.versionless/work/react-boilerplate-v4-node24/target/app/containers/HomePage/actions.js
<s> [webpack.Progress] 35% building 215/236 modules 21 active <checkout>/.versionless/work/react-boilerplate-v4-node24/target/node_modules/babel-loader/lib/index.js!<checkout>/.versionless/work/react-boilerplate-v4-node24/target/app/containers/App/actions.js
<s> [webpack.Progress] 35% building 215/237 modules 22 active <checkout>/.versionless/work/react-boilerplate-v4-node24/target/node_modules/babel-loader/lib/index.js!<checkout>/.versionless/work/react-boilerplate-v4-node24/target/app/containers/NotFoundPage/messages.js
<s> [webpack.Progress] 35% building 216/237 modules 21 active <checkout>/.versionless/work/react-boilerplate-v4-node24/target/node_modules/babel-loader/lib/index.js!<checkout>/.versionless/work/react-boilerplate-v4-node24/target/app/containers/NotFoundPage/messages.js
<s> [webpack.Progress] 35% building 216/238 modules 22 active <checkout>/.versionless/work/react-boilerplate-v4-node24/target/node_modules/babel-loader/lib/index.js!<checkout>/.versionless/work/react-boilerplate-v4-node24/target/app/containers/HomePage/messages.js
<s> [webpack.Progress] 36% building 217/238 modules 21 active <checkout>/.versionless/work/react-boilerplate-v4-node24/target/node_modules/babel-loader/lib/index.js!<checkout>/.versionless/work/react-boilerplate-v4-node24/target/app/containers/HomePage/messages.js
<s> [webpack.Progress] 36% building 218/238 modules 20 active <checkout>/.versionless/work/react-boilerplate-v4-node24/target/node_modules/babel-loader/lib/index.js!<checkout>/.versionless/work/react-boilerplate-v4-node24/target/app/containers/HomePage/messages.js
<s> [webpack.Progress] 36% building 219/238 modules 19 active <checkout>/.versionless/work/react-boilerplate-v4-node24/target/node_modules/babel-loader/lib/index.js!<checkout>/.versionless/work/react-boilerplate-v4-node24/target/app/containers/HomePage/messages.js
<s> [webpack.Progress] 36% building 219/239 modules 20 active <checkout>/.versionless/work/react-boilerplate-v4-node24/target/node_modules/@redux-saga/core/dist/redux-saga-core.prod.cjs.js
<s> [webpack.Progress] 36% building 219/240 modules 21 active <checkout>/.versionless/work/react-boilerplate-v4-node24/target/node_modules/symbol-observable/es/ponyfill.js
<s> [webpack.Progress] 36% building 219/241 modules 22 active <checkout>/.versionless/work/react-boilerplate-v4-node24/target/node_modules/react-router/cjs/react-router.min.js
<s> [webpack.Progress] 36% building 219/242 modules 23 active <checkout>/.versionless/work/react-boilerplate-v4-node24/target/node_modules/@babel/polyfill/node_modules/core-js/modules/es6.symbol.js
<s> [webpack.Progress] 36% building 219/243 modules 24 active <checkout>/.versionless/work/react-boilerplate-v4-node24/target/node_modules/@babel/polyfill/node_modules/core-js/modules/es6.object.define-property.js
<s> [webpack.Progress] 36% building 219/244 modules 25 active <checkout>/.versionless/work/react-boilerplate-v4-node24/target/node_modules/@babel/polyfill/node_modules/core-js/modules/es6.object.define-properties.js
<s> [webpack.Progress] 36% building 219/245 modules 26 active <checkout>/.versionless/work/react-boilerplate-v4-node24/target/node_modules/@babel/polyfill/node_modules/core-js/modules/es6.object.create.js
<s> [webpack.Progress] 36% building 219/246 modules 27 active <checkout>/.versionless/work/react-boilerplate-v4-node24/target/node_modules/@babel/polyfill/node_modules/core-js/modules/es6.object.get-own-property-descriptor.js
<s> [webpack.Progress] 36% building 219/247 modules 28 active <checkout>/.versionless/work/react-boilerplate-v4-node24/target/node_modules/@babel/polyfill/node_modules/core-js/modules/es6.object.get-prototype-of.js
<s> [webpack.Progress] 36% building 219/248 modules 29 active <checkout>/.versionless/work/react-boilerplate-v4-node24/target/node_modules/@babel/polyfill/node_modules/core-js/modules/es6.object.keys.js
<s> [webpack.Progress] 36% building 219/249 modules 30 active <checkout>/.versionless/work/react-boilerplate-v4-node24/target/node_modules/@babel/polyfill/node_modules/core-js/modules/web.timers.js
<s> [webpack.Progress] 36% building 219/250 modules 31 active <checkout>/.versionless/work/react-boilerplate-v4-node24/target/node_modules/@babel/polyfill/node_modules/core-js/modules/web.dom.iterable.js
<s> [webpack.Progress] 36% building 219/251 modules 32 active <checkout>/.versionless/work/react-boilerplate-v4-node24/target/node_modules/@babel/polyfill/node_modules/core-js/library/modules/_export.js
<s> [webpack.Progress] 36% building 220/251 modules 31 active <checkout>/.versionless/work/react-boilerplate-v4-node24/target/node_modules/@babel/polyfill/node_modules/core-js/library/modules/_export.js
<s> [webpack.Progress] 36% building 220/252 modules 32 active <checkout>/.versionless/work/react-boilerplate-v4-node24/target/node_modules/@babel/polyfill/node_modules/core-js/modules/web.immediate.js
<s> [webpack.Progress] 36% building 220/253 modules 33 active <checkout>/.versionless/work/react-boilerplate-v4-node24/target/node_modules/@babel/polyfill/node_modules/core-js/modules/es6.reflect.set-prototype-of.js
<s> [webpack.Progress] 36% building 220/254 modules 34 active <checkout>/.versionless/work/react-boilerplate-v4-node24/target/node_modules/@babel/polyfill/node_modules/core-js/library/modules/_global.js
<s> [webpack.Progress] 36% building 220/255 modules 35 active <checkout>/.versionless/work/react-boilerplate-v4-node24/target/node_modules/@babel/polyfill/node_modules/core-js/modules/es6.reflect.set.js
<s> [webpack.Progress] 36% building 220/256 modules 36 active <checkout>/.versionless/work/react-boilerplate-v4-node24/target/node_modules/@babel/polyfill/node_modules/core-js/modules/es6.reflect.prevent-extensions.js
<s> [webpack.Progress] 36% building 220/257 modules 37 active <checkout>/.versionless/work/react-boilerplate-v4-node24/target/node_modules/@babel/polyfill/node_modules/core-js/modules/es6.reflect.own-keys.js
<s> [webpack.Progress] 36% building 220/258 modules 38 active <checkout>/.versionless/work/react-boilerplate-v4-node24/target/node_modules/@babel/polyfill/node_modules/core-js/modules/es6.reflect.is-extensible.js
<s> [webpack.Progress] 36% building 220/259 modules 39 active <checkout>/.versionless/work/react-boilerplate-v4-node24/target/node_modules/@babel/polyfill/node_modules/core-js/modules/es6.reflect.has.js
<s> [webpack.Progress] 36% building 220/260 modules 40 active <checkout>/.versionless/work/react-boilerplate-v4-node24/target/node_modules/@babel/polyfill/node_modules/core-js/modules/es6.reflect.get-prototype-of.js
<s> [webpack.Progress] 36% building 220/261 modules 41 active <checkout>/.versionless/work/react-boilerplate-v4-node24/target/node_modules/babel-loader/lib/index.js!<checkout>/.versionless/work/react-boilerplate-v4-node24/target/app/components/A/index.js
<s> [webpack.Progress] 36% building 220/262 modules 42 active <checkout>/.versionless/work/react-boilerplate-v4-node24/target/node_modules/babel-loader/lib/index.js!<checkout>/.versionless/work/react-boilerplate-v4-node24/target/app/containers/LocaleToggle/index.js
<s> [webpack.Progress] 36% building 220/263 modules 43 active <checkout>/.versionless/work/react-boilerplate-v4-node24/target/node_modules/@babel/polyfill/node_modules/core-js/modules/es6.reflect.get-own-property-descriptor.js
<s> [webpack.Progress] 36% building 220/264 modules 44 active <checkout>/.versionless/work/react-boilerplate-v4-node24/target/node_modules/@babel/polyfill/node_modules/core-js/modules/es6.reflect.get.js
<s> [webpack.Progress] 36% building 220/265 modules 45 active <checkout>/.versionless/work/react-boilerplate-v4-node24/target/node_modules/react-redux/lib/utils/warning.js
<s> [webpack.Progress] 36% building 220/266 modules 46 active <checkout>/.versionless/work/react-boilerplate-v4-node24/target/node_modules/react-redux/lib/utils/isPlainObject.js
<s> [webpack.Progress] 36% building 220/267 modules 47 active <checkout>/.versionless/work/react-boilerplate-v4-node24/target/node_modules/@babel/polyfill/node_modules/core-js/modules/es6.reflect.enumerate.js
<s> [webpack.Progress] 36% building 220/268 modules 48 active <checkout>/.versionless/work/react-boilerplate-v4-node24/target/node_modules/react-is/cjs/react-is.production.min.js
<s> [webpack.Progress] 36% building 220/269 modules 49 active <checkout>/.versionless/work/react-boilerplate-v4-node24/target/node_modules/prop-types/lib/ReactPropTypesSecret.js
<s> [webpack.Progress] 36% building 220/270 modules 50 active <checkout>/.versionless/work/react-boilerplate-v4-node24/target/node_modules/intl-messageformat/src/core.js
<s> [webpack.Progress] 36% building 220/271 modules 51 active <checkout>/.versionless/work/react-boilerplate-v4-node24/target/node_modules/intl-relativeformat/src/core.js
<s> [webpack.Progress] 36% building 220/272 modules 52 active <checkout>/.versionless/work/react-boilerplate-v4-node24/target/node_modules/react-redux/node_modules/react-is/cjs/react-is.production.min.js
<s> [webpack.Progress] 36% building 220/273 modules 53 active <checkout>/.versionless/work/react-boilerplate-v4-node24/target/node_modules/intl-format-cache/src/es5.js
<s> [webpack.Progress] 36% building 221/273 modules 52 active <checkout>/.versionless/work/react-boilerplate-v4-node24/target/node_modules/intl-format-cache/src/es5.js
<s> [webpack.Progress] 36% building 222/273 modules 51 active <checkout>/.versionless/work/react-boilerplate-v4-node24/target/node_modules/intl-format-cache/src/es5.js
<s> [webpack.Progress] 36% building 223/273 modules 50 active <checkout>/.versionless/work/react-boilerplate-v4-node24/target/node_modules/intl-format-cache/src/es5.js
<s> [webpack.Progress] 36% building 224/273 modules 49 active <checkout>/.versionless/work/react-boilerplate-v4-node24/target/node_modules/intl-format-cache/src/es5.js
<s> [webpack.Progress] 37% building 225/273 modules 48 active <checkout>/.versionless/work/react-boilerplate-v4-node24/target/node_modules/intl-format-cache/src/es5.js
<s> [webpack.Progress] 37% building 226/273 modules 47 active <checkout>/.versionless/work/react-boilerplate-v4-node24/target/node_modules/intl-format-cache/src/es5.js
<s> [webpack.Progress] 37% building 227/273 modules 46 active <checkout>/.versionless/work/react-boilerplate-v4-node24/target/node_modules/intl-format-cache/src/es5.js
<s> [webpack.Progress] 37% building 228/273 modules 45 active <checkout>/.versionless/work/react-boilerplate-v4-node24/target/node_modules/intl-format-cache/src/es5.js
<s> [webpack.Progress] 37% building 229/273 modules 44 active <checkout>/.versionless/work/react-boilerplate-v4-node24/target/node_modules/intl-format-cache/src/es5.js
<s> [webpack.Progress] 37% building 230/273 modules 43 active <checkout>/.versionless/work/react-boilerplate-v4-node24/target/node_modules/intl-format-cache/src/es5.js
<s> [webpack.Progress] 37% building 231/273 modules 42 active <checkout>/.versionless/work/react-boilerplate-v4-node24/target/node_modules/intl-format-cache/src/es5.js
<s> [webpack.Progress] 37% building 232/273 modules 41 active <checkout>/.versionless/work/react-boilerplate-v4-node24/target/node_modules/intl-format-cache/src/es5.js
<s> [webpack.Progress] 37% building 232/274 modules 42 active <checkout>/.versionless/work/react-boilerplate-v4-node24/target/node_modules/babel-loader/lib/index.js!<checkout>/.versionless/work/react-boilerplate-v4-node24/target/app/utils/injectReducer.js
<s> [webpack.Progress] 37% building 232/275 modules 43 active <checkout>/.versionless/work/react-boilerplate-v4-node24/target/node_modules/babel-loader/lib/index.js!<checkout>/.versionless/work/react-boilerplate-v4-node24/target/app/utils/injectSaga.js
<s> [webpack.Progress] 37% building 233/275 modules 42 active <checkout>/.versionless/work/react-boilerplate-v4-node24/target/node_modules/babel-loader/lib/index.js!<checkout>/.versionless/work/react-boilerplate-v4-node24/target/app/utils/injectSaga.js
<s> [webpack.Progress] 38% building 234/275 modules 41 active <checkout>/.versionless/work/react-boilerplate-v4-node24/target/node_modules/babel-loader/lib/index.js!<checkout>/.versionless/work/react-boilerplate-v4-node24/target/app/utils/injectSaga.js
<s> [webpack.Progress] 38% building 235/275 modules 40 active <checkout>/.versionless/work/react-boilerplate-v4-node24/target/node_modules/babel-loader/lib/index.js!<checkout>/.versionless/work/react-boilerplate-v4-node24/target/app/utils/injectSaga.js
<s> [webpack.Progress] 38% building 236/275 modules 39 active <checkout>/.versionless/work/react-boilerplate-v4-node24/target/node_modules/babel-loader/lib/index.js!<checkout>/.versionless/work/react-boilerplate-v4-node24/target/app/utils/injectSaga.js
<s> [webpack.Progress] 38% building 237/275 modules 38 active <checkout>/.versionless/work/react-boilerplate-v4-node24/target/node_modules/babel-loader/lib/index.js!<checkout>/.versionless/work/react-boilerplate-v4-node24/target/app/utils/injectSaga.js
<s> [webpack.Progress] 38% building 237/276 modules 39 active <checkout>/.versionless/work/react-boilerplate-v4-node24/target/node_modules/stylis-rule-sheet/index.js
<s> [webpack.Progress] 38% building 238/276 modules 38 active <checkout>/.versionless/work/react-boilerplate-v4-node24/target/node_modules/stylis-rule-sheet/index.js
<s> [webpack.Progress] 38% building 238/277 modules 39 active <checkout>/.versionless/work/react-boilerplate-v4-node24/target/node_modules/react-fast-compare/index.js
<s> [webpack.Progress] 38% building 238/278 modules 40 active <checkout>/.versionless/work/react-boilerplate-v4-node24/target/node_modules/intl-relativeformat/src/en.js
<s> [webpack.Progress] 38% building 238/279 modules 41 active <checkout>/.versionless/work/react-boilerplate-v4-node24/target/node_modules/intl-messageformat/src/en.js
<s> [webpack.Progress] 38% building 238/280 modules 42 active <checkout>/.versionless/work/react-boilerplate-v4-node24/target/node_modules/@babel/polyfill/node_modules/core-js/modules/_export.js
<s> [webpack.Progress] 38% building 238/281 modules 43 active <checkout>/.versionless/work/react-boilerplate-v4-node24/target/node_modules/@babel/polyfill/node_modules/core-js/modules/_string-trim.js
<s> [webpack.Progress] 38% building 238/282 modules 44 active <checkout>/.versionless/work/react-boilerplate-v4-node24/target/node_modules/@babel/polyfill/node_modules/core-js/modules/_wks-define.js
<s> [webpack.Progress] 38% building 238/283 modules 45 active <checkout>/.versionless/work/react-boilerplate-v4-node24/target/node_modules/@babel/polyfill/node_modules/core-js/modules/_wks.js
<s> [webpack.Progress] 38% building 238/284 modules 46 active <checkout>/.versionless/work/react-boilerplate-v4-node24/target/node_modules/@babel/polyfill/node_modules/core-js/modules/_library.js
<s> [webpack.Progress] 38% building 238/285 modules 47 active <checkout>/.versionless/work/react-boilerplate-v4-node24/target/node_modules/@babel/polyfill/node_modules/core-js/modules/_create-property.js
<s> [webpack.Progress] 38% building 238/286 modules 48 active <checkout>/.versionless/work/react-boilerplate-v4-node24/target/node_modules/@babel/polyfill/node_modules/core-js/modules/_object-gopd.js
<s> [webpack.Progress] 38% building 238/287 modules 49 active <checkout>/.versionless/work/react-boilerplate-v4-node24/target/node_modules/babel-loader/lib/index.js!<checkout>/.versionless/work/react-boilerplate-v4-node24/target/app/containers/App/selectors.js
<s> [webpack.Progress] 38% building 238/288 modules 50 active <checkout>/.versionless/work/react-boilerplate-v4-node24/target/node_modules/@babel/polyfill/node_modules/core-js/modules/_to-iobject.js
<s> [webpack.Progress] 38% building 238/289 modules 51 active <checkout>/.versionless/work/react-boilerplate-v4-node24/target/node_modules/@babel/polyfill/node_modules/core-js/modules/_own-keys.js
<s> [webpack.Progress] 38% building 238/290 modules 52 active <checkout>/.versionless/work/react-boilerplate-v4-node24/target/node_modules/@emotion/unitless/dist/unitless.browser.cjs.js
<s> [webpack.Progress] 38% building 238/291 modules 53 active <checkout>/.versionless/work/react-boilerplate-v4-node24/target/node_modules/@emotion/is-prop-valid/dist/is-prop-valid.browser.cjs.js
<s> [webpack.Progress] 38% building 238/292 modules 54 active <checkout>/.versionless/work/react-boilerplate-v4-node24/target/node_modules/react-side-effect/lib/index.js
<s> [webpack.Progress] 38% building 238/293 modules 55 active <checkout>/.versionless/work/react-boilerplate-v4-node24/target/node_modules/memoize-one/dist/memoize-one.cjs.js
<s> [webpack.Progress] 38% building 238/294 modules 56 active <checkout>/.versionless/work/react-boilerplate-v4-node24/target/node_modules/@babel/polyfill/node_modules/core-js/modules/_promise-resolve.js
<s> [webpack.Progress] 38% building 239/294 modules 55 active <checkout>/.versionless/work/react-boilerplate-v4-node24/target/node_modules/@babel/polyfill/node_modules/core-js/modules/_promise-resolve.js
<s> [webpack.Progress] 38% building 240/294 modules 54 active <checkout>/.versionless/work/react-boilerplate-v4-node24/target/node_modules/@babel/polyfill/node_modules/core-js/modules/_promise-resolve.js
<s> [webpack.Progress] 38% building 241/294 modules 53 active <checkout>/.versionless/work/react-boilerplate-v4-node24/target/node_modules/@babel/polyfill/node_modules/core-js/modules/_promise-resolve.js
<s> [webpack.Progress] 38% building 241/295 modules 54 active <checkout>/.versionless/work/react-boilerplate-v4-node24/target/node_modules/@babel/polyfill/node_modules/core-js/modules/_species-constructor.js
<s> [webpack.Progress] 39% building 242/295 modules 53 active <checkout>/.versionless/work/react-boilerplate-v4-node24/target/node_modules/@babel/polyfill/node_modules/core-js/modules/_species-constructor.js
<s> [webpack.Progress] 39% building 243/295 modules 52 active <checkout>/.versionless/work/react-boilerplate-v4-node24/target/node_modules/@babel/polyfill/node_modules/core-js/modules/_species-constructor.js
<s> [webpack.Progress] 39% building 244/295 modules 51 active <checkout>/.versionless/work/react-boilerplate-v4-node24/target/node_modules/@babel/polyfill/node_modules/core-js/modules/_species-constructor.js
<s> [webpack.Progress] 39% building 245/295 modules 50 active <checkout>/.versionless/work/react-boilerplate-v4-node24/target/node_modules/@babel/polyfill/node_modules/core-js/modules/_species-constructor.js
<s> [webpack.Progress] 39% building 246/295 modules 49 active <checkout>/.versionless/work/react-boilerplate-v4-node24/target/node_modules/@babel/polyfill/node_modules/core-js/modules/_species-constructor.js
<s> [webpack.Progress] 39% building 247/295 modules 48 active <checkout>/.versionless/work/react-boilerplate-v4-node24/target/node_modules/@babel/polyfill/node_modules/core-js/modules/_species-constructor.js
<s> [webpack.Progress] 39% building 248/295 modules 47 active <checkout>/.versionless/work/react-boilerplate-v4-node24/target/node_modules/@babel/polyfill/node_modules/core-js/modules/_species-constructor.js
<s> [webpack.Progress] 39% building 249/295 modules 46 active <checkout>/.versionless/work/react-boilerplate-v4-node24/target/node_modules/@babel/polyfill/node_modules/core-js/modules/_species-constructor.js
<s> [webpack.Progress] 40% building 250/295 modules 45 active <checkout>/.versionless/work/react-boilerplate-v4-node24/target/node_modules/@babel/polyfill/node_modules/core-js/modules/_species-constructor.js
<s> [webpack.Progress] 40% building 251/295 modules 44 active <checkout>/.versionless/work/react-boilerplate-v4-node24/target/node_modules/@babel/polyfill/node_modules/core-js/modules/_species-constructor.js
<s> [webpack.Progress] 40% building 252/295 modules 43 active <checkout>/.versionless/work/react-boilerplate-v4-node24/target/node_modules/@babel/polyfill/node_modules/core-js/modules/_species-constructor.js
<s> [webpack.Progress] 40% building 253/295 modules 42 active <checkout>/.versionless/work/react-boilerplate-v4-node24/target/node_modules/@babel/polyfill/node_modules/core-js/modules/_species-constructor.js
<s> [webpack.Progress] 40% building 254/295 modules 41 active <checkout>/.versionless/work/react-boilerplate-v4-node24/target/node_modules/@babel/polyfill/node_modules/core-js/modules/_species-constructor.js
<s> [webpack.Progress] 40% building 255/295 modules 40 active <checkout>/.versionless/work/react-boilerplate-v4-node24/target/node_modules/@babel/polyfill/node_modules/core-js/modules/_species-constructor.js
<s> [webpack.Progress] 40% building 256/295 modules 39 active <checkout>/.versionless/work/react-boilerplate-v4-node24/target/node_modules/@babel/polyfill/node_modules/core-js/modules/_species-constructor.js
<s> [webpack.Progress] 40% building 257/295 modules 38 active <checkout>/.versionless/work/react-boilerplate-v4-node24/target/node_modules/@babel/polyfill/node_modules/core-js/modules/_species-constructor.js
<s> [webpack.Progress] 40% building 258/295 modules 37 active <checkout>/.versionless/work/react-boilerplate-v4-node24/target/node_modules/@babel/polyfill/node_modules/core-js/modules/_species-constructor.js
<s> [webpack.Progress] 41% building 259/295 modules 36 active <checkout>/.versionless/work/react-boilerplate-v4-node24/target/node_modules/@babel/polyfill/node_modules/core-js/modules/_species-constructor.js
<s> [webpack.Progress] 41% building 260/295 modules 35 active <checkout>/.versionless/work/react-boilerplate-v4-node24/target/node_modules/@babel/polyfill/node_modules/core-js/modules/_species-constructor.js
<s> [webpack.Progress] 41% building 261/295 modules 34 active <checkout>/.versionless/work/react-boilerplate-v4-node24/target/node_modules/@babel/polyfill/node_modules/core-js/modules/_species-constructor.js
<s> [webpack.Progress] 41% building 261/296 modules 35 active <checkout>/.versionless/work/react-boilerplate-v4-node24/target/node_modules/url-loader/dist/cjs.js??ref--9-0!<checkout>/.versionless/work/react-boilerplate-v4-node24/target/node_modules/image-webpack-loader/index.js??ref--9-1!<checkout>/.versionless/work/react-boilerplate-v4-node24/target/app/components/Header/banner.jpg
<s> [webpack.Progress] 41% building 262/296 modules 34 active <checkout>/.versionless/work/react-boilerplate-v4-node24/target/node_modules/url-loader/dist/cjs.js??ref--9-0!<checkout>/.versionless/work/react-boilerplate-v4-node24/target/node_modules/image-webpack-loader/index.js??ref--9-1!<checkout>/.versionless/work/react-boilerplate-v4-node24/target/app/components/Header/banner.jpg
<s> [webpack.Progress] 41% building 263/296 modules 33 active <checkout>/.versionless/work/react-boilerplate-v4-node24/target/node_modules/url-loader/dist/cjs.js??ref--9-0!<checkout>/.versionless/work/react-boilerplate-v4-node24/target/node_modules/image-webpack-loader/index.js??ref--9-1!<checkout>/.versionless/work/react-boilerplate-v4-node24/target/app/components/Header/banner.jpg
<s> [webpack.Progress] 41% building 264/296 modules 32 active <checkout>/.versionless/work/react-boilerplate-v4-node24/target/node_modules/url-loader/dist/cjs.js??ref--9-0!<checkout>/.versionless/work/react-boilerplate-v4-node24/target/node_modules/image-webpack-loader/index.js??ref--9-1!<checkout>/.versionless/work/react-boilerplate-v4-node24/target/app/components/Header/banner.jpg
<s> [webpack.Progress] 41% building 264/297 modules 33 active <checkout>/.versionless/work/react-boilerplate-v4-node24/target/node_modules/tiny-warning/dist/tiny-warning.cjs.js
<s> [webpack.Progress] 41% building 264/298 modules 34 active <checkout>/.versionless/work/react-boilerplate-v4-node24/target/node_modules/value-equal/cjs/index.js
<s> [webpack.Progress] 41% building 264/299 modules 35 active <checkout>/.versionless/work/react-boilerplate-v4-node24/target/node_modules/tiny-invariant/dist/tiny-invariant.cjs.js
<s> [webpack.Progress] 41% building 264/300 modules 36 active <checkout>/.versionless/work/react-boilerplate-v4-node24/target/node_modules/resolve-pathname/cjs/index.js
<s> [webpack.Progress] 41% building 264/301 modules 37 active <checkout>/.versionless/work/react-boilerplate-v4-node24/target/node_modules/@babel/polyfill/node_modules/core-js/modules/_global.js
<s> [webpack.Progress] 41% building 264/302 modules 38 active <checkout>/.versionless/work/react-boilerplate-v4-node24/target/node_modules/@babel/polyfill/node_modules/core-js/modules/_iter-detect.js
<s> [webpack.Progress] 41% building 265/302 modules 37 active <checkout>/.versionless/work/react-boilerplate-v4-node24/target/node_modules/@babel/polyfill/node_modules/core-js/modules/_iter-detect.js
<s> [webpack.Progress] 41% building 266/302 modules 36 active <checkout>/.versionless/work/react-boilerplate-v4-node24/target/node_modules/@babel/polyfill/node_modules/core-js/modules/_iter-detect.js
<s> [webpack.Progress] 42% building 267/302 modules 35 active <checkout>/.versionless/work/react-boilerplate-v4-node24/target/node_modules/@babel/polyfill/node_modules/core-js/modules/_iter-detect.js
<s> [webpack.Progress] 42% building 268/302 modules 34 active <checkout>/.versionless/work/react-boilerplate-v4-node24/target/node_modules/@babel/polyfill/node_modules/core-js/modules/_iter-detect.js
<s> [webpack.Progress] 42% building 269/302 modules 33 active <checkout>/.versionless/work/react-boilerplate-v4-node24/target/node_modules/@babel/polyfill/node_modules/core-js/modules/_iter-detect.js
<s> [webpack.Progress] 42% building 270/302 modules 32 active <checkout>/.versionless/work/react-boilerplate-v4-node24/target/node_modules/@babel/polyfill/node_modules/core-js/modules/_iter-detect.js
<s> [webpack.Progress] 42% building 271/302 modules 31 active <checkout>/.versionless/work/react-boilerplate-v4-node24/target/node_modules/@babel/polyfill/node_modules/core-js/modules/_iter-detect.js
<s> [webpack.Progress] 42% building 272/302 modules 30 active <checkout>/.versionless/work/react-boilerplate-v4-node24/target/node_modules/@babel/polyfill/node_modules/core-js/modules/_iter-detect.js
<s> [webpack.Progress] 42% building 273/302 modules 29 active <checkout>/.versionless/work/react-boilerplate-v4-node24/target/node_modules/@babel/polyfill/node_modules/core-js/modules/_iter-detect.js
<s> [webpack.Progress] 42% building 274/302 modules 28 active <checkout>/.versionless/work/react-boilerplate-v4-node24/target/node_modules/@babel/polyfill/node_modules/core-js/modules/_iter-detect.js
<s> [webpack.Progress] 43% building 275/302 modules 27 active <checkout>/.versionless/work/react-boilerplate-v4-node24/target/node_modules/@babel/polyfill/node_modules/core-js/modules/_iter-detect.js
<s> [webpack.Progress] 43% building 276/302 modules 26 active <checkout>/.versionless/work/react-boilerplate-v4-node24/target/node_modules/@babel/polyfill/node_modules/core-js/modules/_iter-detect.js
<s> [webpack.Progress] 43% building 277/302 modules 25 active <checkout>/.versionless/work/react-boilerplate-v4-node24/target/node_modules/@babel/polyfill/node_modules/core-js/modules/_iter-detect.js
<s> [webpack.Progress] 43% building 277/303 modules 26 active <checkout>/.versionless/work/react-boilerplate-v4-node24/target/node_modules/@babel/polyfill/node_modules/core-js/modules/_set-species.js
<s> [webpack.Progress] 43% building 278/303 modules 25 active <checkout>/.versionless/work/react-boilerplate-v4-node24/target/node_modules/@babel/polyfill/node_modules/core-js/modules/_set-species.js
<s> [webpack.Progress] 43% building 279/303 modules 24 active <checkout>/.versionless/work/react-boilerplate-v4-node24/target/node_modules/@babel/polyfill/node_modules/core-js/modules/_set-species.js
<s> [webpack.Progress] 43% building 280/303 modules 23 active <checkout>/.versionless/work/react-boilerplate-v4-node24/target/node_modules/@babel/polyfill/node_modules/core-js/modules/_set-species.js
<s> [webpack.Progress] 43% building 281/303 modules 22 active <checkout>/.versionless/work/react-boilerplate-v4-node24/target/node_modules/@babel/polyfill/node_modules/core-js/modules/_set-species.js
<s> [webpack.Progress] 43% building 282/303 modules 21 active <checkout>/.versionless/work/react-boilerplate-v4-node24/target/node_modules/@babel/polyfill/node_modules/core-js/modules/_set-species.js
<s> [webpack.Progress] 43% building 283/303 modules 20 active <checkout>/.versionless/work/react-boilerplate-v4-node24/target/node_modules/@babel/polyfill/node_modules/core-js/modules/_set-species.js
<s> [webpack.Progress] 44% building 284/303 modules 19 active <checkout>/.versionless/work/react-boilerplate-v4-node24/target/node_modules/@babel/polyfill/node_modules/core-js/modules/_set-species.js
<s> [webpack.Progress] 44% building 284/304 modules 20 active <checkout>/.versionless/work/react-boilerplate-v4-node24/target/node_modules/@babel/polyfill/node_modules/core-js/modules/_set-to-string-tag.js
<s> [webpack.Progress] 44% building 284/305 modules 21 active <checkout>/.versionless/work/react-boilerplate-v4-node24/target/node_modules/@babel/polyfill/node_modules/core-js/modules/_redefine-all.js
<s> [webpack.Progress] 44% building 284/306 modules 22 active <checkout>/.versionless/work/react-boilerplate-v4-node24/target/node_modules/babel-loader/lib/index.js!<checkout>/.versionless/work/react-boilerplate-v4-node24/target/app/components/H1/index.js
<s> [webpack.Progress] 44% building 284/307 modules 23 active <checkout>/.versionless/work/react-boilerplate-v4-node24/target/node_modules/@babel/polyfill/node_modules/core-js/modules/_user-agent.js
<s> [webpack.Progress] 44% building 285/307 modules 22 active <checkout>/.versionless/work/react-boilerplate-v4-node24/target/node_modules/@babel/polyfill/node_modules/core-js/modules/_user-agent.js
<s> [webpack.Progress] 44% building 286/307 modules 21 active <checkout>/.versionless/work/react-boilerplate-v4-node24/target/node_modules/@babel/polyfill/node_modules/core-js/modules/_user-agent.js
<s> [webpack.Progress] 44% building 286/308 modules 22 active <checkout>/.versionless/work/react-boilerplate-v4-node24/target/node_modules/babel-loader/lib/index.js!<checkout>/.versionless/work/react-boilerplate-v4-node24/target/app/components/LoadingIndicator/Wrapper.js
<s> [webpack.Progress] 44% building 286/309 modules 23 active <checkout>/.versionless/work/react-boilerplate-v4-node24/target/node_modules/babel-loader/lib/index.js!<checkout>/.versionless/work/react-boilerplate-v4-node24/target/app/components/LoadingIndicator/Circle.js
<s> [webpack.Progress] 44% building 286/310 modules 24 active <checkout>/.versionless/work/react-boilerplate-v4-node24/target/node_modules/@babel/polyfill/node_modules/core-js/modules/_perform.js
<s> [webpack.Progress] 44% building 286/311 modules 25 active <checkout>/.versionless/work/react-boilerplate-v4-node24/target/node_modules/@babel/polyfill/node_modules/core-js/modules/_new-promise-capability.js
<s> [webpack.Progress] 44% building 286/312 modules 26 active <checkout>/.versionless/work/react-boilerplate-v4-node24/target/node_modules/@babel/polyfill/node_modules/core-js/modules/_microtask.js
<s> [webpack.Progress] 44% building 286/313 modules 27 active <checkout>/.versionless/work/react-boilerplate-v4-node24/target/node_modules/babel-loader/lib/index.js!<checkout>/.versionless/work/react-boilerplate-v4-node24/target/app/components/ReposList/index.js
<s> [webpack.Progress] 44% building 286/314 modules 28 active <checkout>/.versionless/work/react-boilerplate-v4-node24/target/node_modules/babel-loader/lib/index.js!<checkout>/.versionless/work/react-boilerplate-v4-node24/target/app/components/H2/index.js
<s> [webpack.Progress] 44% building 287/314 modules 27 active <checkout>/.versionless/work/react-boilerplate-v4-node24/target/node_modules/babel-loader/lib/index.js!<checkout>/.versionless/work/react-boilerplate-v4-node24/target/app/components/H2/index.js
<s> [webpack.Progress] 44% building 287/315 modules 28 active <checkout>/.versionless/work/react-boilerplate-v4-node24/target/node_modules/babel-loader/lib/index.js!<checkout>/.versionless/work/react-boilerplate-v4-node24/target/app/containers/HomePage/constants.js
<s> [webpack.Progress] 44% building 288/315 modules 27 active <checkout>/.versionless/work/react-boilerplate-v4-node24/target/node_modules/babel-loader/lib/index.js!<checkout>/.versionless/work/react-boilerplate-v4-node24/target/app/containers/HomePage/constants.js
<s> [webpack.Progress] 44% building 289/315 modules 26 active <checkout>/.versionless/work/react-boilerplate-v4-node24/target/node_modules/babel-loader/lib/index.js!<checkout>/.versionless/work/react-boilerplate-v4-node24/target/app/containers/HomePage/constants.js
<s> [webpack.Progress] 44% building 289/316 modules 27 active <checkout>/.versionless/work/react-boilerplate-v4-node24/target/node_modules/@babel/polyfill/node_modules/core-js/modules/_task.js
<s> [webpack.Progress] 44% building 290/316 modules 26 active <checkout>/.versionless/work/react-boilerplate-v4-node24/target/node_modules/@babel/polyfill/node_modules/core-js/modules/_task.js
<s> [webpack.Progress] 44% building 291/316 modules 25 active <checkout>/.versionless/work/react-boilerplate-v4-node24/target/node_modules/@babel/polyfill/node_modules/core-js/modules/_task.js
<s> [webpack.Progress] 45% building 292/316 modules 24 active <checkout>/.versionless/work/react-boilerplate-v4-node24/target/node_modules/@babel/polyfill/node_modules/core-js/modules/_task.js
<s> [webpack.Progress] 45% building 293/316 modules 23 active <checkout>/.versionless/work/react-boilerplate-v4-node24/target/node_modules/@babel/polyfill/node_modules/core-js/modules/_task.js
<s> [webpack.Progress] 45% building 294/316 modules 22 active <checkout>/.versionless/work/react-boilerplate-v4-node24/target/node_modules/@babel/polyfill/node_modules/core-js/modules/_task.js
<s> [webpack.Progress] 45% building 294/317 modules 23 active <checkout>/.versionless/work/react-boilerplate-v4-node24/target/node_modules/@babel/polyfill/node_modules/core-js/modules/_a-function.js
<s> [webpack.Progress] 45% building 294/318 modules 24 active <checkout>/.versionless/work/react-boilerplate-v4-node24/target/node_modules/@babel/polyfill/node_modules/core-js/modules/_an-instance.js
<s> [webpack.Progress] 45% building 294/319 modules 25 active <checkout>/.versionless/work/react-boilerplate-v4-node24/target/node_modules/@babel/polyfill/node_modules/core-js/modules/_for-of.js
<s> [webpack.Progress] 45% building 294/320 modules 26 active <checkout>/.versionless/work/react-boilerplate-v4-node24/target/node_modules/@babel/polyfill/node_modules/core-js/modules/_is-object.js
<s> [webpack.Progress] 45% building 294/321 modules 27 active <checkout>/.versionless/work/react-boilerplate-v4-node24/target/node_modules/@babel/polyfill/node_modules/core-js/modules/_ctx.js
<s> [webpack.Progress] 45% building 294/322 modules 28 active <checkout>/.versionless/work/react-boilerplate-v4-node24/target/node_modules/@babel/polyfill/node_modules/core-js/modules/_classof.js
<s> [webpack.Progress] 45% building 295/322 modules 27 active <checkout>/.versionless/work/react-boilerplate-v4-node24/target/node_modules/@babel/polyfill/node_modules/core-js/modules/_classof.js
<s> [webpack.Progress] 45% building 295/323 modules 28 active <checkout>/.versionless/work/react-boilerplate-v4-node24/target/node_modules/@babel/polyfill/node_modules/core-js/modules/_add-to-unscopables.js
<s> [webpack.Progress] 45% building 295/324 modules 29 active <checkout>/.versionless/work/react-boilerplate-v4-node24/target/node_modules/@babel/polyfill/node_modules/core-js/modules/_array-includes.js
<s> [webpack.Progress] 45% building 296/324 modules 28 active <checkout>/.versionless/work/react-boilerplate-v4-node24/target/node_modules/@babel/polyfill/node_modules/core-js/modules/_array-includes.js
<s> [webpack.Progress] 45% building 296/325 modules 29 active <checkout>/.versionless/work/react-boilerplate-v4-node24/target/node_modules/@babel/polyfill/node_modules/core-js/modules/_object-to-array.js
<s> [webpack.Progress] 45% building 296/326 modules 30 active <checkout>/.versionless/work/react-boilerplate-v4-node24/target/node_modules/@babel/polyfill/node_modules/core-js/modules/_object-dp.js
<s> [webpack.Progress] 45% building 296/327 modules 31 active <checkout>/.versionless/work/react-boilerplate-v4-node24/target/node_modules/@babel/polyfill/node_modules/core-js/modules/_object-sap.js
<s> [webpack.Progress] 45% building 296/328 modules 32 active <checkout>/.versionless/work/react-boilerplate-v4-node24/target/node_modules/@babel/polyfill/node_modules/core-js/modules/_to-object.js
<s> [webpack.Progress] 45% building 296/329 modules 33 active <checkout>/.versionless/work/react-boilerplate-v4-node24/target/node_modules/@babel/polyfill/node_modules/core-js/modules/_object-create.js
<s> [webpack.Progress] 45% building 296/330 modules 34 active <checkout>/.versionless/work/react-boilerplate-v4-node24/target/node_modules/@babel/polyfill/node_modules/core-js/modules/_object-dps.js
<s> [webpack.Progress] 45% building 296/331 modules 35 active <checkout>/.versionless/work/react-boilerplate-v4-node24/target/node_modules/@babel/polyfill/node_modules/core-js/modules/es6.array.iterator.js
<s> [webpack.Progress] 45% building 296/332 modules 36 active <checkout>/.versionless/work/react-boilerplate-v4-node24/target/node_modules/@babel/polyfill/node_modules/core-js/library/modules/_has.js
<s> [webpack.Progress] 45% building 297/332 modules 35 active <checkout>/.versionless/work/react-boilerplate-v4-node24/target/node_modules/@babel/polyfill/node_modules/core-js/library/modules/_has.js
<s> [webpack.Progress] 45% building 298/332 modules 34 active <checkout>/.versionless/work/react-boilerplate-v4-node24/target/node_modules/@babel/polyfill/node_modules/core-js/library/modules/_has.js
<s> [webpack.Progress] 45% building 299/332 modules 33 active <checkout>/.versionless/work/react-boilerplate-v4-node24/target/node_modules/@babel/polyfill/node_modules/core-js/library/modules/_has.js
<s> [webpack.Progress] 46% building 300/332 modules 32 active <checkout>/.versionless/work/react-boilerplate-v4-node24/target/node_modules/@babel/polyfill/node_modules/core-js/library/modules/_has.js
<s> [webpack.Progress] 46% building 301/332 modules 31 active <checkout>/.versionless/work/react-boilerplate-v4-node24/target/node_modules/@babel/polyfill/node_modules/core-js/library/modules/_has.js
<s> [webpack.Progress] 46% building 301/333 modules 32 active <checkout>/.versionless/work/react-boilerplate-v4-node24/target/node_modules/babel-loader/lib/index.js!<checkout>/.versionless/work/react-boilerplate-v4-node24/target/app/components/Img/index.js
<s> [webpack.Progress] 46% building 301/334 modules 33 active <checkout>/.versionless/work/react-boilerplate-v4-node24/target/node_modules/@babel/polyfill/node_modules/core-js/library/modules/_hide.js
<s> [webpack.Progress] 46% building 301/335 modules 34 active <checkout>/.versionless/work/react-boilerplate-v4-node24/target/node_modules/@babel/polyfill/node_modules/core-js/modules/_set-proto.js
<s> [webpack.Progress] 46% building 301/336 modules 35 active <checkout>/.versionless/work/react-boilerplate-v4-node24/target/node_modules/@babel/polyfill/node_modules/core-js/modules/_an-object.js
<s> [webpack.Progress] 46% building 301/337 modules 36 active <checkout>/.versionless/work/react-boilerplate-v4-node24/target/node_modules/@babel/polyfill/node_modules/core-js/modules/_object-gpo.js
<s> [webpack.Progress] 46% building 302/337 modules 35 active <checkout>/.versionless/work/react-boilerplate-v4-node24/target/node_modules/@babel/polyfill/node_modules/core-js/modules/_object-gpo.js
<s> [webpack.Progress] 46% building 302/338 modules 36 active <checkout>/.versionless/work/react-boilerplate-v4-node24/target/node_modules/@babel/polyfill/node_modules/core-js/modules/_has.js
<s> [webpack.Progress] 46% building 302/339 modules 37 active <checkout>/.versionless/work/react-boilerplate-v4-node24/target/node_modules/babel-loader/lib/index.js!<checkout>/.versionless/work/react-boilerplate-v4-node24/target/app/containers/LanguageProvider/actions.js
<s> [webpack.Progress] 46% building 302/340 modules 38 active <checkout>/.versionless/work/react-boilerplate-v4-node24/target/node_modules/babel-loader/lib/index.js!<checkout>/.versionless/work/react-boilerplate-v4-node24/target/app/containers/LocaleToggle/messages.js
<s> [webpack.Progress] 46% building 302/341 modules 39 active <checkout>/.versionless/work/react-boilerplate-v4-node24/target/node_modules/babel-loader/lib/index.js!<checkout>/.versionless/work/react-boilerplate-v4-node24/target/app/containers/LocaleToggle/Wrapper.js
<s> [webpack.Progress] 46% building 302/342 modules 40 active <checkout>/.versionless/work/react-boilerplate-v4-node24/target/node_modules/@babel/polyfill/node_modules/core-js/modules/_property-desc.js
<s> [webpack.Progress] 46% building 302/343 modules 41 active <checkout>/.versionless/work/react-boilerplate-v4-node24/target/node_modules/@babel/polyfill/node_modules/core-js/modules/_iter-create.js
<s> [webpack.Progress] 46% building 303/343 modules 40 active <checkout>/.versionless/work/react-boilerplate-v4-node24/target/node_modules/@babel/polyfill/node_modules/core-js/modules/_iter-create.js
<s> [webpack.Progress] 46% building 303/344 modules 41 active <checkout>/.versionless/work/react-boilerplate-v4-node24/target/node_modules/intl-messageformat/src/utils.js
<s> [webpack.Progress] 46% building 303/345 modules 42 active <checkout>/.versionless/work/react-boilerplate-v4-node24/target/node_modules/intl-relativeformat/src/es5.js
<s> [webpack.Progress] 46% building 303/346 modules 43 active <checkout>/.versionless/work/react-boilerplate-v4-node24/target/node_modules/intl-relativeformat/src/diff.js
<s> [webpack.Progress] 46% building 304/346 modules 42 active <checkout>/.versionless/work/react-boilerplate-v4-node24/target/node_modules/intl-relativeformat/src/diff.js
<s> [webpack.Progress] 46% building 305/346 modules 41 active <checkout>/.versionless/work/react-boilerplate-v4-node24/target/node_modules/intl-relativeformat/src/diff.js
<s> [webpack.Progress] 46% building 306/346 modules 40 active <checkout>/.versionless/work/react-boilerplate-v4-node24/target/node_modules/intl-relativeformat/src/diff.js
<s> [webpack.Progress] 46% building 307/346 modules 39 active <checkout>/.versionless/work/react-boilerplate-v4-node24/target/node_modules/intl-relativeformat/src/diff.js
<s> [webpack.Progress] 46% building 308/346 modules 38 active <checkout>/.versionless/work/react-boilerplate-v4-node24/target/node_modules/intl-relativeformat/src/diff.js
<s> [webpack.Progress] 47% building 309/346 modules 37 active <checkout>/.versionless/work/react-boilerplate-v4-node24/target/node_modules/intl-relativeformat/src/diff.js
<s> [webpack.Progress] 47% building 310/346 modules 36 active <checkout>/.versionless/work/react-boilerplate-v4-node24/target/node_modules/intl-relativeformat/src/diff.js
<s> [webpack.Progress] 47% building 311/346 modules 35 active <checkout>/.versionless/work/react-boilerplate-v4-node24/target/node_modules/intl-relativeformat/src/diff.js
<s> [webpack.Progress] 47% building 312/346 modules 34 active <checkout>/.versionless/work/react-boilerplate-v4-node24/target/node_modules/intl-relativeformat/src/diff.js
<s> [webpack.Progress] 47% building 313/346 modules 33 active <checkout>/.versionless/work/react-boilerplate-v4-node24/target/node_modules/intl-relativeformat/src/diff.js
<s> [webpack.Progress] 47% building 314/346 modules 32 active <checkout>/.versionless/work/react-boilerplate-v4-node24/target/node_modules/intl-relativeformat/src/diff.js
<s> [webpack.Progress] 47% building 314/347 modules 33 active <checkout>/.versionless/work/react-boilerplate-v4-node24/target/node_modules/babel-loader/lib/index.js!<checkout>/.versionless/work/react-boilerplate-v4-node24/target/app/utils/reducerInjectors.js
<s> [webpack.Progress] 47% building 314/348 modules 34 active <checkout>/.versionless/work/react-boilerplate-v4-node24/target/node_modules/babel-loader/lib/index.js!<checkout>/.versionless/work/react-boilerplate-v4-node24/target/app/utils/sagaInjectors.js
<s> [webpack.Progress] 47% building 315/348 modules 33 active <checkout>/.versionless/work/react-boilerplate-v4-node24/target/node_modules/babel-loader/lib/index.js!<checkout>/.versionless/work/react-boilerplate-v4-node24/target/app/utils/sagaInjectors.js
<s> [webpack.Progress] 47% building 315/349 modules 34 active <checkout>/.versionless/work/react-boilerplate-v4-node24/target/node_modules/babel-loader/lib/index.js!<checkout>/.versionless/work/react-boilerplate-v4-node24/target/app/utils/request.js
<s> [webpack.Progress] 47% building 315/350 modules 35 active <checkout>/.versionless/work/react-boilerplate-v4-node24/target/node_modules/intl-messageformat/src/compiler.js
<s> [webpack.Progress] 47% building 316/350 modules 34 active <checkout>/.versionless/work/react-boilerplate-v4-node24/target/node_modules/intl-messageformat/src/compiler.js
<s> [webpack.Progress] 47% building 316/351 modules 35 active <checkout>/.versionless/work/react-boilerplate-v4-node24/target/node_modules/intl-messageformat/src/es5.js
<s> [webpack.Progress] 47% building 316/352 modules 36 active <checkout>/.versionless/work/react-boilerplate-v4-node24/target/node_modules/@babel/polyfill/node_modules/core-js/library/modules/_ctx.js
<s> [webpack.Progress] 48% building 317/352 modules 35 active <checkout>/.versionless/work/react-boilerplate-v4-node24/target/node_modules/@babel/polyfill/node_modules/core-js/library/modules/_ctx.js
<s> [webpack.Progress] 48% building 318/352 modules 34 active <checkout>/.versionless/work/react-boilerplate-v4-node24/target/node_modules/@babel/polyfill/node_modules/core-js/library/modules/_ctx.js
<s> [webpack.Progress] 48% building 319/352 modules 33 active <checkout>/.versionless/work/react-boilerplate-v4-node24/target/node_modules/@babel/polyfill/node_modules/core-js/library/modules/_ctx.js
<s> [webpack.Progress] 48% building 320/352 modules 32 active <checkout>/.versionless/work/react-boilerplate-v4-node24/target/node_modules/@babel/polyfill/node_modules/core-js/library/modules/_ctx.js
<s> [webpack.Progress] 48% building 321/352 modules 31 active <checkout>/.versionless/work/react-boilerplate-v4-node24/target/node_modules/@babel/polyfill/node_modules/core-js/library/modules/_ctx.js
<s> [webpack.Progress] 48% building 322/352 modules 30 active <checkout>/.versionless/work/react-boilerplate-v4-node24/target/node_modules/@babel/polyfill/node_modules/core-js/library/modules/_ctx.js
<s> [webpack.Progress] 48% building 322/353 modules 31 active <checkout>/.versionless/work/react-boilerplate-v4-node24/target/node_modules/@babel/polyfill/node_modules/core-js/modules/_shared.js
<s> [webpack.Progress] 48% building 323/353 modules 30 active <checkout>/.versionless/work/react-boilerplate-v4-node24/target/node_modules/@babel/polyfill/node_modules/core-js/modules/_shared.js
<s> [webpack.Progress] 48% building 323/354 modules 31 active <checkout>/.versionless/work/react-boilerplate-v4-node24/target/node_modules/@babel/polyfill/node_modules/core-js/modules/_string-ws.js
<s> [webpack.Progress] 48% building 323/355 modules 32 active <checkout>/.versionless/work/react-boilerplate-v4-node24/target/node_modules/@babel/polyfill/node_modules/core-js/modules/_uid.js
<s> [webpack.Progress] 48% building 324/355 modules 31 active <checkout>/.versionless/work/react-boilerplate-v4-node24/target/node_modules/@babel/polyfill/node_modules/core-js/modules/_uid.js
<s> [webpack.Progress] 48% building 324/356 modules 32 active <checkout>/.versionless/work/react-boilerplate-v4-node24/target/node_modules/@babel/polyfill/node_modules/core-js/modules/_fails.js
<s> [webpack.Progress] 48% building 324/357 modules 33 active <checkout>/.versionless/work/react-boilerplate-v4-node24/target/node_modules/@babel/polyfill/node_modules/core-js/modules/_object-pie.js
<s> [webpack.Progress] 48% building 324/358 modules 34 active <checkout>/.versionless/work/react-boilerplate-v4-node24/target/node_modules/@babel/polyfill/node_modules/core-js/modules/_descriptors.js
<s> [webpack.Progress] 48% building 324/359 modules 35 active <checkout>/.versionless/work/react-boilerplate-v4-node24/target/node_modules/@babel/runtime/helpers/objectWithoutPropertiesLoose.js
<s> [webpack.Progress] 48% building 324/360 modules 36 active <checkout>/.versionless/work/react-boilerplate-v4-node24/target/node_modules/@babel/runtime/helpers/extends.js
<s> [webpack.Progress] 48% building 324/361 modules 37 active <checkout>/.versionless/work/react-boilerplate-v4-node24/target/node_modules/@babel/polyfill/node_modules/core-js/modules/_ie8-dom-define.js
<s> [webpack.Progress] 48% building 324/362 modules 38 active <checkout>/.versionless/work/react-boilerplate-v4-node24/target/node_modules/@babel/polyfill/node_modules/core-js/modules/_iobject.js
<s> [webpack.Progress] 48% building 324/363 modules 39 active <checkout>/.versionless/work/react-boilerplate-v4-node24/target/node_modules/@babel/polyfill/node_modules/core-js/modules/_object-gopn.js
<s> [webpack.Progress] 48% building 324/364 modules 40 active <checkout>/.versionless/work/react-boilerplate-v4-node24/target/node_modules/@babel/polyfill/node_modules/core-js/modules/_object-gops.js
<s> [webpack.Progress] 49% building 325/364 modules 39 active <checkout>/.versionless/work/react-boilerplate-v4-node24/target/node_modules/@babel/polyfill/node_modules/core-js/modules/_object-gops.js
<s> [webpack.Progress] 49% building 325/365 modules 40 active <checkout>/.versionless/work/react-boilerplate-v4-node24/target/node_modules/@babel/polyfill/node_modules/core-js/modules/_defined.js
<s> [webpack.Progress] 49% building 326/365 modules 39 active <checkout>/.versionless/work/react-boilerplate-v4-node24/target/node_modules/@babel/polyfill/node_modules/core-js/modules/_defined.js
<s> [webpack.Progress] 49% building 327/365 modules 38 active <checkout>/.versionless/work/react-boilerplate-v4-node24/target/node_modules/@babel/polyfill/node_modules/core-js/modules/_defined.js
<s> [webpack.Progress] 49% building 328/365 modules 37 active <checkout>/.versionless/work/react-boilerplate-v4-node24/target/node_modules/@babel/polyfill/node_modules/core-js/modules/_defined.js
<s> [webpack.Progress] 49% building 329/365 modules 36 active <checkout>/.versionless/work/react-boilerplate-v4-node24/target/node_modules/@babel/polyfill/node_modules/core-js/modules/_defined.js
<s> [webpack.Progress] 49% building 330/365 modules 35 active <checkout>/.versionless/work/react-boilerplate-v4-node24/target/node_modules/@babel/polyfill/node_modules/core-js/modules/_defined.js
<s> [webpack.Progress] 49% building 331/365 modules 34 active <checkout>/.versionless/work/react-boilerplate-v4-node24/target/node_modules/@babel/polyfill/node_modules/core-js/modules/_defined.js
<s> [webpack.Progress] 49% building 332/365 modules 33 active <checkout>/.versionless/work/react-boilerplate-v4-node24/target/node_modules/@babel/polyfill/node_modules/core-js/modules/_defined.js
<s> [webpack.Progress] 49% building 332/366 modules 34 active <checkout>/.versionless/work/react-boilerplate-v4-node24/target/node_modules/@babel/polyfill/node_modules/core-js/modules/_to-primitive.js
<s> [webpack.Progress] 49% building 333/366 modules 33 active <checkout>/.versionless/work/react-boilerplate-v4-node24/target/node_modules/@babel/polyfill/node_modules/core-js/modules/_to-primitive.js
<s> [webpack.Progress] 50% building 334/366 modules 32 active <checkout>/.versionless/work/react-boilerplate-v4-node24/target/node_modules/@babel/polyfill/node_modules/core-js/modules/_to-primitive.js
<s> [webpack.Progress] 50% building 335/366 modules 31 active <checkout>/.versionless/work/react-boilerplate-v4-node24/target/node_modules/@babel/polyfill/node_modules/core-js/modules/_to-primitive.js
<s> [webpack.Progress] 50% building 336/366 modules 30 active <checkout>/.versionless/work/react-boilerplate-v4-node24/target/node_modules/@babel/polyfill/node_modules/core-js/modules/_to-primitive.js
<s> [webpack.Progress] 50% building 337/366 modules 29 active <checkout>/.versionless/work/react-boilerplate-v4-node24/target/node_modules/@babel/polyfill/node_modules/core-js/modules/_to-primitive.js
<s> [webpack.Progress] 50% building 337/367 modules 30 active <checkout>/.versionless/work/react-boilerplate-v4-node24/target/node_modules/hoist-non-react-statics/node_modules/react-is/index.js
<s> [webpack.Progress] 50% building 337/368 modules 31 active <checkout>/.versionless/work/react-boilerplate-v4-node24/target/node_modules/@babel/polyfill/node_modules/core-js/modules/_redefine.js
<s> [webpack.Progress] 50% building 337/369 modules 32 active <checkout>/.versionless/work/react-boilerplate-v4-node24/target/node_modules/@babel/polyfill/node_modules/core-js/modules/_hide.js
<s> [webpack.Progress] 50% building 338/369 modules 31 active <checkout>/.versionless/work/react-boilerplate-v4-node24/target/node_modules/@babel/polyfill/node_modules/core-js/modules/_hide.js
<s> [webpack.Progress] 50% building 338/370 modules 32 active <checkout>/.versionless/work/react-boilerplate-v4-node24/target/node_modules/@babel/polyfill/node_modules/core-js/modules/_object-keys.js
<s> [webpack.Progress] 50% building 338/371 modules 33 active <checkout>/.versionless/work/react-boilerplate-v4-node24/target/node_modules/@babel/polyfill/node_modules/core-js/modules/_iterators.js
<s> [webpack.Progress] 50% building 339/371 modules 32 active <checkout>/.versionless/work/react-boilerplate-v4-node24/target/node_modules/@babel/polyfill/node_modules/core-js/modules/_iterators.js
<s> [webpack.Progress] 50% building 340/371 modules 31 active <checkout>/.versionless/work/react-boilerplate-v4-node24/target/node_modules/@babel/polyfill/node_modules/core-js/modules/_iterators.js
<s> [webpack.Progress] 50% building 340/372 modules 32 active <checkout>/.versionless/work/react-boilerplate-v4-node24/target/node_modules/@babel/polyfill/node_modules/core-js/modules/_object-gopn-ext.js
<s> [webpack.Progress] 50% building 341/372 modules 31 active <checkout>/.versionless/work/react-boilerplate-v4-node24/target/node_modules/@babel/polyfill/node_modules/core-js/modules/_object-gopn-ext.js
<s> [webpack.Progress] 50% building 341/373 modules 32 active <checkout>/.versionless/work/react-boilerplate-v4-node24/target/node_modules/@babel/polyfill/node_modules/core-js/modules/_is-array.js
<s> [webpack.Progress] 50% building 341/374 modules 33 active <checkout>/.versionless/work/react-boilerplate-v4-node24/target/node_modules/@babel/polyfill/node_modules/core-js/modules/_enum-keys.js
<s> [webpack.Progress] 51% building 342/374 modules 32 active <checkout>/.versionless/work/react-boilerplate-v4-node24/target/node_modules/@babel/polyfill/node_modules/core-js/modules/_enum-keys.js
<s> [webpack.Progress] 51% building 343/374 modules 31 active <checkout>/.versionless/work/react-boilerplate-v4-node24/target/node_modules/@babel/polyfill/node_modules/core-js/modules/_enum-keys.js
<s> [webpack.Progress] 51% building 344/374 modules 30 active <checkout>/.versionless/work/react-boilerplate-v4-node24/target/node_modules/@babel/polyfill/node_modules/core-js/modules/_enum-keys.js
<s> [webpack.Progress] 51% building 345/374 modules 29 active <checkout>/.versionless/work/react-boilerplate-v4-node24/target/node_modules/@babel/polyfill/node_modules/core-js/modules/_enum-keys.js
<s> [webpack.Progress] 51% building 346/374 modules 28 active <checkout>/.versionless/work/react-boilerplate-v4-node24/target/node_modules/@babel/polyfill/node_modules/core-js/modules/_enum-keys.js
<s> [webpack.Progress] 51% building 346/375 modules 29 active <checkout>/.versionless/work/react-boilerplate-v4-node24/target/node_modules/@redux-saga/core/dist/chunk-2fd513a6.js
<s> [webpack.Progress] 51% building 347/375 modules 28 active <checkout>/.versionless/work/react-boilerplate-v4-node24/target/node_modules/@redux-saga/core/dist/chunk-2fd513a6.js
<s> [webpack.Progress] 51% building 348/375 modules 27 active <checkout>/.versionless/work/react-boilerplate-v4-node24/target/node_modules/@redux-saga/core/dist/chunk-2fd513a6.js
<s> [webpack.Progress] 51% building 349/375 modules 26 active <checkout>/.versionless/work/react-boilerplate-v4-node24/target/node_modules/@redux-saga/core/dist/chunk-2fd513a6.js
<s> [webpack.Progress] 52% building 350/375 modules 25 active <checkout>/.versionless/work/react-boilerplate-v4-node24/target/node_modules/@redux-saga/core/dist/chunk-2fd513a6.js
<s> [webpack.Progress] 52% building 351/375 modules 24 active <checkout>/.versionless/work/react-boilerplate-v4-node24/target/node_modules/@redux-saga/core/dist/chunk-2fd513a6.js
<s> [webpack.Progress] 52% building 351/376 modules 25 active <checkout>/.versionless/work/react-boilerplate-v4-node24/target/node_modules/@babel/polyfill/node_modules/core-js/modules/_meta.js
<s> [webpack.Progress] 52% building 352/376 modules 24 active <checkout>/.versionless/work/react-boilerplate-v4-node24/target/node_modules/@babel/polyfill/node_modules/core-js/modules/_meta.js
<s> [webpack.Progress] 52% building 353/376 modules 23 active <checkout>/.versionless/work/react-boilerplate-v4-node24/target/node_modules/@babel/polyfill/node_modules/core-js/modules/_meta.js
<s> [webpack.Progress] 52% building 353/377 modules 24 active <checkout>/.versionless/work/react-boilerplate-v4-node24/target/node_modules/webpack/buildin/harmony-module.js
<s> [webpack.Progress] 52% building 354/377 modules 23 active <checkout>/.versionless/work/react-boilerplate-v4-node24/target/node_modules/webpack/buildin/harmony-module.js
<s> [webpack.Progress] 52% building 355/377 modules 22 active <checkout>/.versionless/work/react-boilerplate-v4-node24/target/node_modules/webpack/buildin/harmony-module.js
<s> [webpack.Progress] 52% building 356/377 modules 21 active <checkout>/.versionless/work/react-boilerplate-v4-node24/target/node_modules/webpack/buildin/harmony-module.js
<s> [webpack.Progress] 52% building 357/377 modules 20 active <checkout>/.versionless/work/react-boilerplate-v4-node24/target/node_modules/webpack/buildin/harmony-module.js
<s> [webpack.Progress] 52% building 357/378 modules 21 active <checkout>/.versionless/work/react-boilerplate-v4-node24/target/node_modules/@babel/polyfill/node_modules/core-js/modules/_cof.js
<s> [webpack.Progress] 52% building 358/378 modules 20 active <checkout>/.versionless/work/react-boilerplate-v4-node24/target/node_modules/@babel/polyfill/node_modules/core-js/modules/_cof.js
<s> [webpack.Progress] 53% building 359/378 modules 19 active <checkout>/.versionless/work/react-boilerplate-v4-node24/target/node_modules/@babel/polyfill/node_modules/core-js/modules/_cof.js
<s> [webpack.Progress] 53% building 360/378 modules 18 active <checkout>/.versionless/work/react-boilerplate-v4-node24/target/node_modules/@babel/polyfill/node_modules/core-js/modules/_cof.js
<s> [webpack.Progress] 53% building 361/378 modules 17 active <checkout>/.versionless/work/react-boilerplate-v4-node24/target/node_modules/@babel/polyfill/node_modules/core-js/modules/_cof.js
<s> [webpack.Progress] 53% building 362/378 modules 16 active <checkout>/.versionless/work/react-boilerplate-v4-node24/target/node_modules/@babel/polyfill/node_modules/core-js/modules/_cof.js
<s> [webpack.Progress] 53% building 363/378 modules 15 active <checkout>/.versionless/work/react-boilerplate-v4-node24/target/node_modules/@babel/polyfill/node_modules/core-js/modules/_cof.js
<s> [webpack.Progress] 53% building 364/378 modules 14 active <checkout>/.versionless/work/react-boilerplate-v4-node24/target/node_modules/@babel/polyfill/node_modules/core-js/modules/_cof.js
<s> [webpack.Progress] 53% building 364/379 modules 15 active <checkout>/.versionless/work/react-boilerplate-v4-node24/target/node_modules/@babel/polyfill/node_modules/core-js/modules/_html.js
<s> [webpack.Progress] 53% building 364/380 modules 16 active <checkout>/.versionless/work/react-boilerplate-v4-node24/target/node_modules/@babel/polyfill/node_modules/core-js/modules/_dom-create.js
<s> [webpack.Progress] 53% building 364/381 modules 17 active <checkout>/.versionless/work/react-boilerplate-v4-node24/target/node_modules/@babel/polyfill/node_modules/core-js/modules/core.get-iterator-method.js
<s> [webpack.Progress] 53% building 364/382 modules 18 active <checkout>/.versionless/work/react-boilerplate-v4-node24/target/node_modules/@babel/polyfill/node_modules/core-js/modules/_to-length.js
<s> [webpack.Progress] 53% building 365/382 modules 17 active <checkout>/.versionless/work/react-boilerplate-v4-node24/target/node_modules/@babel/polyfill/node_modules/core-js/modules/_to-length.js
<s> [webpack.Progress] 53% building 365/383 modules 18 active <checkout>/.versionless/work/react-boilerplate-v4-node24/target/node_modules/@babel/polyfill/node_modules/core-js/modules/_is-array-iter.js
<s> [webpack.Progress] 53% building 365/384 modules 19 active <checkout>/.versionless/work/react-boilerplate-v4-node24/target/node_modules/@babel/polyfill/node_modules/core-js/modules/_iter-call.js
<s> [webpack.Progress] 53% building 365/385 modules 20 active <checkout>/.versionless/work/react-boilerplate-v4-node24/target/node_modules/@babel/polyfill/node_modules/core-js/modules/_invoke.js
<s> [webpack.Progress] 53% building 365/386 modules 21 active <checkout>/.versionless/work/react-boilerplate-v4-node24/target/node_modules/@babel/polyfill/node_modules/core-js/modules/_to-absolute-index.js
<s> [webpack.Progress] 53% building 365/387 modules 22 active <checkout>/.versionless/work/react-boilerplate-v4-node24/target/node_modules/redux-saga/dist/redux-saga-effects-npm-proxy.cjs.js
<s> [webpack.Progress] 53% building 365/388 modules 23 active <checkout>/.versionless/work/react-boilerplate-v4-node24/target/node_modules/@babel/polyfill/node_modules/core-js/modules/_array-species-create.js
<s> [webpack.Progress] 53% building 365/389 modules 24 active <checkout>/.versionless/work/react-boilerplate-v4-node24/target/node_modules/@babel/polyfill/node_modules/core-js/modules/_flatten-into-array.js
<s> [webpack.Progress] 53% building 365/390 modules 25 active <checkout>/.versionless/work/react-boilerplate-v4-node24/target/node_modules/@babel/polyfill/node_modules/core-js/modules/_string-pad.js
<s> [webpack.Progress] 53% building 366/390 modules 24 active <checkout>/.versionless/work/react-boilerplate-v4-node24/target/node_modules/@babel/polyfill/node_modules/core-js/modules/_string-pad.js
<s> [webpack.Progress] 54% building 367/390 modules 23 active <checkout>/.versionless/work/react-boilerplate-v4-node24/target/node_modules/@babel/polyfill/node_modules/core-js/modules/_string-pad.js
<s> [webpack.Progress] 54% building 368/390 modules 22 active <checkout>/.versionless/work/react-boilerplate-v4-node24/target/node_modules/@babel/polyfill/node_modules/core-js/modules/_string-pad.js
<s> [webpack.Progress] 54% building 369/390 modules 21 active <checkout>/.versionless/work/react-boilerplate-v4-node24/target/node_modules/@babel/polyfill/node_modules/core-js/modules/_string-pad.js
<s> [webpack.Progress] 54% building 369/391 modules 22 active <checkout>/.versionless/work/react-boilerplate-v4-node24/target/node_modules/@babel/polyfill/node_modules/core-js/modules/es6.reflect.delete-property.js
<s> [webpack.Progress] 54% building 369/392 modules 23 active <checkout>/.versionless/work/react-boilerplate-v4-node24/target/node_modules/@babel/polyfill/node_modules/core-js/modules/_iter-define.js
<s> [webpack.Progress] 54% building 370/392 modules 22 active <checkout>/.versionless/work/react-boilerplate-v4-node24/target/node_modules/@babel/polyfill/node_modules/core-js/modules/_iter-define.js
<s> [webpack.Progress] 54% building 371/392 modules 21 active <checkout>/.versionless/work/react-boilerplate-v4-node24/target/node_modules/@babel/polyfill/node_modules/core-js/modules/_iter-define.js
<s> [webpack.Progress] 54% building 371/393 modules 22 active <checkout>/.versionless/work/react-boilerplate-v4-node24/target/node_modules/@babel/polyfill/node_modules/core-js/modules/_iter-step.js
<s> [webpack.Progress] 54% building 371/394 modules 23 active <checkout>/.versionless/work/react-boilerplate-v4-node24/target/node_modules/@babel/polyfill/node_modules/core-js/library/modules/_descriptors.js
<s> [webpack.Progress] 54% building 371/395 modules 24 active <checkout>/.versionless/work/react-boilerplate-v4-node24/target/node_modules/@babel/polyfill/node_modules/core-js/library/modules/_object-dp.js
<s> [webpack.Progress] 54% building 372/395 modules 23 active <checkout>/.versionless/work/react-boilerplate-v4-node24/target/node_modules/@babel/polyfill/node_modules/core-js/library/modules/_object-dp.js
<s> [webpack.Progress] 54% building 372/396 modules 24 active <checkout>/.versionless/work/react-boilerplate-v4-node24/target/node_modules/@babel/polyfill/node_modules/core-js/modules/_shared-key.js
<s> [webpack.Progress] 54% building 373/396 modules 23 active <checkout>/.versionless/work/react-boilerplate-v4-node24/target/node_modules/@babel/polyfill/node_modules/core-js/modules/_shared-key.js
<s> [webpack.Progress] 54% building 374/396 modules 22 active <checkout>/.versionless/work/react-boilerplate-v4-node24/target/node_modules/@babel/polyfill/node_modules/core-js/modules/_shared-key.js
<s> [webpack.Progress] 54% building 374/397 modules 23 active <checkout>/.versionless/work/react-boilerplate-v4-node24/target/node_modules/@babel/polyfill/node_modules/core-js/library/modules/_property-desc.js
<s> [webpack.Progress] 54% building 374/398 modules 24 active <checkout>/.versionless/work/react-boilerplate-v4-node24/target/node_modules/@babel/polyfill/node_modules/core-js/modules/_enum-bug-keys.js
<s> [webpack.Progress] 54% building 374/399 modules 25 active <checkout>/.versionless/work/react-boilerplate-v4-node24/target/node_modules/@babel/polyfill/node_modules/core-js/modules/es6.reflect.construct.js
<s> [webpack.Progress] 54% building 374/400 modules 26 active <checkout>/.versionless/work/react-boilerplate-v4-node24/target/node_modules/@babel/polyfill/node_modules/core-js/modules/es6.reflect.apply.js
<s> [webpack.Progress] 54% building 374/401 modules 27 active <checkout>/.versionless/work/react-boilerplate-v4-node24/target/node_modules/@babel/polyfill/node_modules/core-js/modules/es6.reflect.define-property.js
<s> [webpack.Progress] 54% building 375/401 modules 26 active <checkout>/.versionless/work/react-boilerplate-v4-node24/target/node_modules/@babel/polyfill/node_modules/core-js/modules/es6.reflect.define-property.js
<s> [webpack.Progress] 54% building 375/402 modules 27 active <checkout>/.versionless/work/react-boilerplate-v4-node24/target/node_modules/@babel/polyfill/node_modules/core-js/modules/es6.typed.float64-array.js
<s> [webpack.Progress] 54% building 375/403 modules 28 active <checkout>/.versionless/work/react-boilerplate-v4-node24/target/node_modules/@babel/polyfill/node_modules/core-js/modules/es6.typed.float32-array.js
<s> [webpack.Progress] 54% building 375/404 modules 29 active <checkout>/.versionless/work/react-boilerplate-v4-node24/target/node_modules/@babel/polyfill/node_modules/core-js/modules/es6.typed.uint32-array.js
<s> [webpack.Progress] 54% building 375/405 modules 30 active <checkout>/.versionless/work/react-boilerplate-v4-node24/target/node_modules/@babel/polyfill/node_modules/core-js/modules/es6.typed.int32-array.js
<s> [webpack.Progress] 54% building 375/406 modules 31 active <checkout>/.versionless/work/react-boilerplate-v4-node24/target/node_modules/@babel/polyfill/node_modules/core-js/modules/es6.typed.uint16-array.js
<s> [webpack.Progress] 54% building 375/407 modules 32 active <checkout>/.versionless/work/react-boilerplate-v4-node24/target/node_modules/@babel/polyfill/node_modules/core-js/modules/es6.typed.int16-array.js
<s> [webpack.Progress] 54% building 375/408 modules 33 active <checkout>/.versionless/work/react-boilerplate-v4-node24/target/node_modules/@babel/polyfill/node_modules/core-js/modules/es6.typed.uint8-clamped-array.js
<s> [webpack.Progress] 54% building 375/409 modules 34 active <checkout>/.versionless/work/react-boilerplate-v4-node24/target/node_modules/@babel/polyfill/node_modules/core-js/modules/es6.typed.uint8-array.js
<s> [webpack.Progress] 54% building 375/410 modules 35 active <checkout>/.versionless/work/react-boilerplate-v4-node24/target/node_modules/@babel/polyfill/node_modules/core-js/modules/es6.typed.int8-array.js
<s> [webpack.Progress] 54% building 375/411 modules 36 active <checkout>/.versionless/work/react-boilerplate-v4-node24/target/node_modules/@babel/polyfill/node_modules/core-js/modules/es6.typed.data-view.js
<s> [webpack.Progress] 54% building 375/412 modules 37 active <checkout>/.versionless/work/react-boilerplate-v4-node24/target/node_modules/@babel/polyfill/node_modules/core-js/modules/es6.typed.array-buffer.js
<s> [webpack.Progress] 54% building 375/413 modules 38 active <checkout>/.versionless/work/react-boilerplate-v4-node24/target/node_modules/babel-loader/lib/index.js!<checkout>/.versionless/work/react-boilerplate-v4-node24/target/app/components/Toggle/index.js
<s> [webpack.Progress] 54% building 375/414 modules 39 active <checkout>/.versionless/work/react-boilerplate-v4-node24/target/node_modules/@babel/polyfill/node_modules/core-js/modules/es6.weak-set.js
<s> [webpack.Progress] 54% building 375/415 modules 40 active <checkout>/.versionless/work/react-boilerplate-v4-node24/target/node_modules/@babel/polyfill/node_modules/core-js/modules/es6.weak-map.js
<s> [webpack.Progress] 54% building 375/416 modules 41 active <checkout>/.versionless/work/react-boilerplate-v4-node24/target/node_modules/@babel/polyfill/node_modules/core-js/modules/es6.set.js
<s> [webpack.Progress] 55% building 376/416 modules 40 active <checkout>/.versionless/work/react-boilerplate-v4-node24/target/node_modules/@babel/polyfill/node_modules/core-js/modules/es6.set.js
<s> [webpack.Progress] 55% building 376/417 modules 41 active <checkout>/.versionless/work/react-boilerplate-v4-node24/target/node_modules/@redux-saga/symbols/dist/redux-saga-symbols.cjs.js
<s> [webpack.Progress] 55% building 376/418 modules 42 active <checkout>/.versionless/work/react-boilerplate-v4-node24/target/node_modules/@redux-saga/delay-p/dist/redux-saga-delay-p.cjs.js
<s> [webpack.Progress] 55% building 376/419 modules 43 active <checkout>/.versionless/work/react-boilerplate-v4-node24/target/node_modules/@babel/polyfill/node_modules/core-js/modules/es6.map.js
<s> [webpack.Progress] 55% building 376/420 modules 44 active <checkout>/.versionless/work/react-boilerplate-v4-node24/target/node_modules/create-react-context/lib/index.js
<s> [webpack.Progress] 55% building 376/421 modules 45 active <checkout>/.versionless/work/react-boilerplate-v4-node24/target/node_modules/@babel/polyfill/node_modules/core-js/modules/es6.regexp.split.js
<s> [webpack.Progress] 55% building 377/421 modules 44 active <checkout>/.versionless/work/react-boilerplate-v4-node24/target/node_modules/@babel/polyfill/node_modules/core-js/modules/es6.regexp.split.js
<s> [webpack.Progress] 55% building 377/422 modules 45 active <checkout>/.versionless/work/react-boilerplate-v4-node24/target/node_modules/@babel/polyfill/node_modules/core-js/modules/es6.regexp.search.js
<s> [webpack.Progress] 55% building 378/422 modules 44 active <checkout>/.versionless/work/react-boilerplate-v4-node24/target/node_modules/@babel/polyfill/node_modules/core-js/modules/es6.regexp.search.js
<s> [webpack.Progress] 55% building 378/423 modules 45 active <checkout>/.versionless/work/react-boilerplate-v4-node24/target/node_modules/babel-loader/lib/index.js!<checkout>/.versionless/work/react-boilerplate-v4-node24/target/app/utils/constants.js
<s> [webpack.Progress] 55% building 378/424 modules 46 active <checkout>/.versionless/work/react-boilerplate-v4-node24/target/node_modules/babel-loader/lib/index.js!<checkout>/.versionless/work/react-boilerplate-v4-node24/target/app/utils/checkStore.js
<s> [webpack.Progress] 55% building 379/424 modules 45 active <checkout>/.versionless/work/react-boilerplate-v4-node24/target/node_modules/babel-loader/lib/index.js!<checkout>/.versionless/work/react-boilerplate-v4-node24/target/app/utils/checkStore.js
<s> [webpack.Progress] 55% building 379/425 modules 46 active <checkout>/.versionless/work/react-boilerplate-v4-node24/target/node_modules/@babel/polyfill/node_modules/core-js/library/modules/_a-function.js
<s> [webpack.Progress] 55% building 380/425 modules 45 active <checkout>/.versionless/work/react-boilerplate-v4-node24/target/node_modules/@babel/polyfill/node_modules/core-js/library/modules/_a-function.js
<s> [webpack.Progress] 55% building 381/425 modules 44 active <checkout>/.versionless/work/react-boilerplate-v4-node24/target/node_modules/@babel/polyfill/node_modules/core-js/library/modules/_a-function.js
<s> [webpack.Progress] 55% building 382/425 modules 43 active <checkout>/.versionless/work/react-boilerplate-v4-node24/target/node_modules/@babel/polyfill/node_modules/core-js/library/modules/_a-function.js
<s> [webpack.Progress] 55% building 383/425 modules 42 active <checkout>/.versionless/work/react-boilerplate-v4-node24/target/node_modules/@babel/polyfill/node_modules/core-js/library/modules/_a-function.js
<s> [webpack.Progress] 56% building 384/425 modules 41 active <checkout>/.versionless/work/react-boilerplate-v4-node24/target/node_modules/@babel/polyfill/node_modules/core-js/library/modules/_a-function.js
<s> [webpack.Progress] 56% building 385/425 modules 40 active <checkout>/.versionless/work/react-boilerplate-v4-node24/target/node_modules/@babel/polyfill/node_modules/core-js/library/modules/_a-function.js
<s> [webpack.Progress] 56% building 386/425 modules 39 active <checkout>/.versionless/work/react-boilerplate-v4-node24/target/node_modules/@babel/polyfill/node_modules/core-js/library/modules/_a-function.js
<s> [webpack.Progress] 56% building 387/425 modules 38 active <checkout>/.versionless/work/react-boilerplate-v4-node24/target/node_modules/@babel/polyfill/node_modules/core-js/library/modules/_a-function.js
<s> [webpack.Progress] 56% building 387/426 modules 39 active <checkout>/.versionless/work/react-boilerplate-v4-node24/target/node_modules/@babel/polyfill/node_modules/core-js/modules/es6.regexp.match.js
<s> [webpack.Progress] 56% building 387/427 modules 40 active <checkout>/.versionless/work/react-boilerplate-v4-node24/target/node_modules/@babel/polyfill/node_modules/core-js/modules/es6.regexp.replace.js
<s> [webpack.Progress] 56% building 387/428 modules 41 active <checkout>/.versionless/work/react-boilerplate-v4-node24/target/node_modules/@babel/polyfill/node_modules/core-js/modules/es6.regexp.flags.js
<s> [webpack.Progress] 56% building 387/429 modules 42 active <checkout>/.versionless/work/react-boilerplate-v4-node24/target/node_modules/@babel/polyfill/node_modules/core-js/modules/es6.regexp.to-string.js
<s> [webpack.Progress] 56% building 388/429 modules 41 active <checkout>/.versionless/work/react-boilerplate-v4-node24/target/node_modules/@babel/polyfill/node_modules/core-js/modules/es6.regexp.to-string.js
<s> [webpack.Progress] 56% building 388/430 modules 42 active <checkout>/.versionless/work/react-boilerplate-v4-node24/target/node_modules/@babel/polyfill/node_modules/core-js/modules/es6.regexp.exec.js
<s> [webpack.Progress] 56% building 388/431 modules 43 active <checkout>/.versionless/work/react-boilerplate-v4-node24/target/node_modules/@babel/polyfill/node_modules/core-js/modules/es6.regexp.constructor.js
<s> [webpack.Progress] 56% building 388/432 modules 44 active <checkout>/.versionless/work/react-boilerplate-v4-node24/target/node_modules/@babel/polyfill/node_modules/core-js/modules/_object-keys-internal.js
<s> [webpack.Progress] 56% building 389/432 modules 43 active <checkout>/.versionless/work/react-boilerplate-v4-node24/target/node_modules/@babel/polyfill/node_modules/core-js/modules/_object-keys-internal.js
<s> [webpack.Progress] 56% building 390/432 modules 42 active <checkout>/.versionless/work/react-boilerplate-v4-node24/target/node_modules/@babel/polyfill/node_modules/core-js/modules/_object-keys-internal.js
<s> [webpack.Progress] 56% building 390/433 modules 43 active <checkout>/.versionless/work/react-boilerplate-v4-node24/target/node_modules/intl-messageformat-parser/src/parser.js
<s> [webpack.Progress] 56% building 390/434 modules 44 active <checkout>/.versionless/work/react-boilerplate-v4-node24/target/node_modules/@babel/polyfill/node_modules/core-js/modules/es6.array.species.js
<s> [webpack.Progress] 56% building 390/435 modules 45 active <checkout>/.versionless/work/react-boilerplate-v4-node24/target/node_modules/@babel/polyfill/node_modules/core-js/modules/es6.array.find-index.js
<s> [webpack.Progress] 56% building 390/436 modules 46 active <checkout>/.versionless/work/react-boilerplate-v4-node24/target/node_modules/@babel/polyfill/node_modules/core-js/modules/es6.array.find.js
<s> [webpack.Progress] 56% building 390/437 modules 47 active <checkout>/.versionless/work/react-boilerplate-v4-node24/target/node_modules/@babel/polyfill/node_modules/core-js/modules/es6.array.fill.js
<s> [webpack.Progress] 56% building 390/438 modules 48 active <checkout>/.versionless/work/react-boilerplate-v4-node24/target/node_modules/@babel/polyfill/node_modules/core-js/modules/es6.array.copy-within.js
<s> [webpack.Progress] 56% building 390/439 modules 49 active <checkout>/.versionless/work/react-boilerplate-v4-node24/target/node_modules/@babel/polyfill/node_modules/core-js/modules/es6.array.last-index-of.js
<s> [webpack.Progress] 56% building 390/440 modules 50 active <checkout>/.versionless/work/react-boilerplate-v4-node24/target/node_modules/hoist-non-react-statics/node_modules/react-is/cjs/react-is.production.min.js
<s> [webpack.Progress] 56% building 391/440 modules 49 active <checkout>/.versionless/work/react-boilerplate-v4-node24/target/node_modules/hoist-non-react-statics/node_modules/react-is/cjs/react-is.production.min.js
<s> [webpack.Progress] 57% building 392/440 modules 48 active <checkout>/.versionless/work/react-boilerplate-v4-node24/target/node_modules/hoist-non-react-statics/node_modules/react-is/cjs/react-is.production.min.js
<s> [webpack.Progress] 57% building 392/441 modules 49 active <checkout>/.versionless/work/react-boilerplate-v4-node24/target/node_modules/@babel/polyfill/node_modules/core-js/modules/es6.array.index-of.js
<s> [webpack.Progress] 57% building 392/442 modules 50 active <checkout>/.versionless/work/react-boilerplate-v4-node24/target/node_modules/@babel/polyfill/node_modules/core-js/modules/es6.array.reduce-right.js
<s> [webpack.Progress] 57% building 393/442 modules 49 active <checkout>/.versionless/work/react-boilerplate-v4-node24/target/node_modules/@babel/polyfill/node_modules/core-js/modules/es6.array.reduce-right.js
<s> [webpack.Progress] 57% building 393/443 modules 50 active <checkout>/.versionless/work/react-boilerplate-v4-node24/target/node_modules/shallowequal/index.js
<s> [webpack.Progress] 57% building 394/443 modules 49 active <checkout>/.versionless/work/react-boilerplate-v4-node24/target/node_modules/shallowequal/index.js
<s> [webpack.Progress] 57% building 395/443 modules 48 active <checkout>/.versionless/work/react-boilerplate-v4-node24/target/node_modules/shallowequal/index.js
<s> [webpack.Progress] 57% building 396/443 modules 47 active <checkout>/.versionless/work/react-boilerplate-v4-node24/target/node_modules/shallowequal/index.js
<s> [webpack.Progress] 57% building 396/444 modules 48 active <checkout>/.versionless/work/react-boilerplate-v4-node24/target/node_modules/exenv/index.js
<s> [webpack.Progress] 57% building 396/445 modules 49 active <checkout>/.versionless/work/react-boilerplate-v4-node24/target/node_modules/@babel/polyfill/node_modules/core-js/modules/_function-to-string.js
<s> [webpack.Progress] 57% building 397/445 modules 48 active <checkout>/.versionless/work/react-boilerplate-v4-node24/target/node_modules/@babel/polyfill/node_modules/core-js/modules/_function-to-string.js
<s> [webpack.Progress] 57% building 398/445 modules 47 active <checkout>/.versionless/work/react-boilerplate-v4-node24/target/node_modules/@babel/polyfill/node_modules/core-js/modules/_function-to-string.js
<s> [webpack.Progress] 57% building 398/446 modules 48 active <checkout>/.versionless/work/react-boilerplate-v4-node24/target/node_modules/@babel/polyfill/node_modules/core-js/modules/es6.array.reduce.js
<s> [webpack.Progress] 57% building 399/446 modules 47 active <checkout>/.versionless/work/react-boilerplate-v4-node24/target/node_modules/@babel/polyfill/node_modules/core-js/modules/es6.array.reduce.js
<s> [webpack.Progress] 57% building 400/446 modules 46 active <checkout>/.versionless/work/react-boilerplate-v4-node24/target/node_modules/@babel/polyfill/node_modules/core-js/modules/es6.array.reduce.js
<s> [webpack.Progress] 58% building 401/446 modules 45 active <checkout>/.versionless/work/react-boilerplate-v4-node24/target/node_modules/@babel/polyfill/node_modules/core-js/modules/es6.array.reduce.js
<s> [webpack.Progress] 58% building 402/446 modules 44 active <checkout>/.versionless/work/react-boilerplate-v4-node24/target/node_modules/@babel/polyfill/node_modules/core-js/modules/es6.array.reduce.js
<s> [webpack.Progress] 58% building 403/446 modules 43 active <checkout>/.versionless/work/react-boilerplate-v4-node24/target/node_modules/@babel/polyfill/node_modules/core-js/modules/es6.array.reduce.js
<s> [webpack.Progress] 58% building 404/446 modules 42 active <checkout>/.versionless/work/react-boilerplate-v4-node24/target/node_modules/@babel/polyfill/node_modules/core-js/modules/es6.array.reduce.js
<s> [webpack.Progress] 58% building 405/446 modules 41 active <checkout>/.versionless/work/react-boilerplate-v4-node24/target/node_modules/@babel/polyfill/node_modules/core-js/modules/es6.array.reduce.js
<s> [webpack.Progress] 58% building 406/446 modules 40 active <checkout>/.versionless/work/react-boilerplate-v4-node24/target/node_modules/@babel/polyfill/node_modules/core-js/modules/es6.array.reduce.js
<s> [webpack.Progress] 58% building 407/446 modules 39 active <checkout>/.versionless/work/react-boilerplate-v4-node24/target/node_modules/@babel/polyfill/node_modules/core-js/modules/es6.array.reduce.js
<s> [webpack.Progress] 58% building 408/446 modules 38 active <checkout>/.versionless/work/react-boilerplate-v4-node24/target/node_modules/@babel/polyfill/node_modules/core-js/modules/es6.array.reduce.js
<s> [webpack.Progress] 59% building 409/446 modules 37 active <checkout>/.versionless/work/react-boilerplate-v4-node24/target/node_modules/@babel/polyfill/node_modules/core-js/modules/es6.array.reduce.js
<s> [webpack.Progress] 59% building 409/447 modules 38 active <checkout>/.versionless/work/react-boilerplate-v4-node24/target/node_modules/@emotion/memoize/dist/memoize.browser.cjs.js
<s> [webpack.Progress] 59% building 410/447 modules 37 active <checkout>/.versionless/work/react-boilerplate-v4-node24/target/node_modules/@emotion/memoize/dist/memoize.browser.cjs.js
<s> [webpack.Progress] 59% building 411/447 modules 36 active <checkout>/.versionless/work/react-boilerplate-v4-node24/target/node_modules/@emotion/memoize/dist/memoize.browser.cjs.js
<s> [webpack.Progress] 59% building 412/447 modules 35 active <checkout>/.versionless/work/react-boilerplate-v4-node24/target/node_modules/@emotion/memoize/dist/memoize.browser.cjs.js
<s> [webpack.Progress] 59% building 412/448 modules 36 active <checkout>/.versionless/work/react-boilerplate-v4-node24/target/node_modules/@babel/polyfill/node_modules/core-js/modules/es6.array.every.js
<s> [webpack.Progress] 59% building 412/449 modules 37 active <checkout>/.versionless/work/react-boilerplate-v4-node24/target/node_modules/@babel/polyfill/node_modules/core-js/modules/es6.array.some.js
<s> [webpack.Progress] 59% building 412/450 modules 38 active <checkout>/.versionless/work/react-boilerplate-v4-node24/target/node_modules/@babel/polyfill/node_modules/core-js/modules/es6.array.filter.js
<s> [webpack.Progress] 59% building 412/451 modules 39 active <checkout>/.versionless/work/react-boilerplate-v4-node24/target/node_modules/@babel/polyfill/node_modules/core-js/modules/es6.array.map.js
<s> [webpack.Progress] 59% building 413/451 modules 38 active <checkout>/.versionless/work/react-boilerplate-v4-node24/target/node_modules/@babel/polyfill/node_modules/core-js/modules/es6.array.map.js
<s> [webpack.Progress] 59% building 414/451 modules 37 active <checkout>/.versionless/work/react-boilerplate-v4-node24/target/node_modules/@babel/polyfill/node_modules/core-js/modules/es6.array.map.js
<s> [webpack.Progress] 59% building 415/451 modules 36 active <checkout>/.versionless/work/react-boilerplate-v4-node24/target/node_modules/@babel/polyfill/node_modules/core-js/modules/es6.array.map.js
<s> [webpack.Progress] 59% building 416/451 modules 35 active <checkout>/.versionless/work/react-boilerplate-v4-node24/target/node_modules/@babel/polyfill/node_modules/core-js/modules/es6.array.map.js
<s> [webpack.Progress] 60% building 417/451 modules 34 active <checkout>/.versionless/work/react-boilerplate-v4-node24/target/node_modules/@babel/polyfill/node_modules/core-js/modules/es6.array.map.js
<s> [webpack.Progress] 60% building 418/451 modules 33 active <checkout>/.versionless/work/react-boilerplate-v4-node24/target/node_modules/@babel/polyfill/node_modules/core-js/modules/es6.array.map.js
<s> [webpack.Progress] 60% building 419/451 modules 32 active <checkout>/.versionless/work/react-boilerplate-v4-node24/target/node_modules/@babel/polyfill/node_modules/core-js/modules/es6.array.map.js
<s> [webpack.Progress] 60% building 420/451 modules 31 active <checkout>/.versionless/work/react-boilerplate-v4-node24/target/node_modules/@babel/polyfill/node_modules/core-js/modules/es6.array.map.js
<s> [webpack.Progress] 60% building 421/451 modules 30 active <checkout>/.versionless/work/react-boilerplate-v4-node24/target/node_modules/@babel/polyfill/node_modules/core-js/modules/es6.array.map.js
<s> [webpack.Progress] 60% building 422/451 modules 29 active <checkout>/.versionless/work/react-boilerplate-v4-node24/target/node_modules/@babel/polyfill/node_modules/core-js/modules/es6.array.map.js
<s> [webpack.Progress] 60% building 422/452 modules 30 active <checkout>/.versionless/work/react-boilerplate-v4-node24/target/node_modules/@babel/polyfill/node_modules/core-js/modules/es6.array.for-each.js
<s> [webpack.Progress] 60% building 422/453 modules 31 active <checkout>/.versionless/work/react-boilerplate-v4-node24/target/node_modules/@babel/polyfill/node_modules/core-js/modules/es6.array.sort.js
<s> [webpack.Progress] 60% building 422/454 modules 32 active <checkout>/.versionless/work/react-boilerplate-v4-node24/target/node_modules/lodash/conformsTo.js
<s> [webpack.Progress] 60% building 422/455 modules 33 active <checkout>/.versionless/work/react-boilerplate-v4-node24/target/node_modules/lodash/isString.js
<s> [webpack.Progress] 60% building 422/456 modules 34 active <checkout>/.versionless/work/react-boilerplate-v4-node24/target/node_modules/lodash/isEmpty.js
<s> [webpack.Progress] 60% building 422/457 modules 35 active <checkout>/.versionless/work/react-boilerplate-v4-node24/target/node_modules/lodash/isFunction.js
<s> [webpack.Progress] 60% building 423/457 modules 34 active <checkout>/.versionless/work/react-boilerplate-v4-node24/target/node_modules/lodash/isFunction.js
<s> [webpack.Progress] 60% building 424/457 modules 33 active <checkout>/.versionless/work/react-boilerplate-v4-node24/target/node_modules/lodash/isFunction.js
<s> [webpack.Progress] 60% building 424/458 modules 34 active <checkout>/.versionless/work/react-boilerplate-v4-node24/target/node_modules/@babel/polyfill/node_modules/core-js/modules/es6.array.slice.js
<s> [webpack.Progress] 61% building 425/458 modules 33 active <checkout>/.versionless/work/react-boilerplate-v4-node24/target/node_modules/@babel/polyfill/node_modules/core-js/modules/es6.array.slice.js
<s> [webpack.Progress] 61% building 425/459 modules 34 active <checkout>/.versionless/work/react-boilerplate-v4-node24/target/node_modules/@babel/polyfill/node_modules/core-js/modules/es6.array.join.js
<s> [webpack.Progress] 61% building 425/460 modules 35 active <checkout>/.versionless/work/react-boilerplate-v4-node24/target/node_modules/@babel/polyfill/node_modules/core-js/modules/es6.array.of.js
<s> [webpack.Progress] 61% building 425/461 modules 36 active <checkout>/.versionless/work/react-boilerplate-v4-node24/target/node_modules/@babel/polyfill/node_modules/core-js/modules/es6.array.from.js
<s> [webpack.Progress] 61% building 425/462 modules 37 active <checkout>/.versionless/work/react-boilerplate-v4-node24/target/node_modules/@babel/polyfill/node_modules/core-js/modules/es6.array.is-array.js
<s> [webpack.Progress] 61% building 425/463 modules 38 active <checkout>/.versionless/work/react-boilerplate-v4-node24/target/node_modules/@babel/polyfill/node_modules/core-js/modules/es6.date.to-primitive.js
<s> [webpack.Progress] 61% building 425/464 modules 39 active <checkout>/.versionless/work/react-boilerplate-v4-node24/target/node_modules/@babel/polyfill/node_modules/core-js/modules/es6.date.to-string.js
<s> [webpack.Progress] 61% building 426/464 modules 38 active <checkout>/.versionless/work/react-boilerplate-v4-node24/target/node_modules/@babel/polyfill/node_modules/core-js/modules/es6.date.to-string.js
<s> [webpack.Progress] 61% building 427/464 modules 37 active <checkout>/.versionless/work/react-boilerplate-v4-node24/target/node_modules/@babel/polyfill/node_modules/core-js/modules/es6.date.to-string.js
<s> [webpack.Progress] 61% building 428/464 modules 36 active <checkout>/.versionless/work/react-boilerplate-v4-node24/target/node_modules/@babel/polyfill/node_modules/core-js/modules/es6.date.to-string.js
<s> [webpack.Progress] 61% building 429/464 modules 35 active <checkout>/.versionless/work/react-boilerplate-v4-node24/target/node_modules/@babel/polyfill/node_modules/core-js/modules/es6.date.to-string.js
<s> [webpack.Progress] 61% building 429/465 modules 36 active <checkout>/.versionless/work/react-boilerplate-v4-node24/target/node_modules/babel-loader/lib/index.js!<checkout>/.versionless/work/react-boilerplate-v4-node24/target/app/containers/RepoListItem/index.js
<s> [webpack.Progress] 61% building 429/466 modules 37 active <checkout>/.versionless/work/react-boilerplate-v4-node24/target/node_modules/babel-loader/lib/index.js!<checkout>/.versionless/work/react-boilerplate-v4-node24/target/app/components/ListItem/index.js
<s> [webpack.Progress] 61% building 430/466 modules 36 active <checkout>/.versionless/work/react-boilerplate-v4-node24/target/node_modules/babel-loader/lib/index.js!<checkout>/.versionless/work/react-boilerplate-v4-node24/target/app/components/ListItem/index.js
<s> [webpack.Progress] 61% building 430/467 modules 37 active <checkout>/.versionless/work/react-boilerplate-v4-node24/target/node_modules/babel-loader/lib/index.js!<checkout>/.versionless/work/react-boilerplate-v4-node24/target/app/components/List/index.js
<s> [webpack.Progress] 61% building 431/467 modules 36 active <checkout>/.versionless/work/react-boilerplate-v4-node24/target/node_modules/babel-loader/lib/index.js!<checkout>/.versionless/work/react-boilerplate-v4-node24/target/app/components/List/index.js
<s> [webpack.Progress] 61% building 431/468 modules 37 active <checkout>/.versionless/work/react-boilerplate-v4-node24/target/node_modules/@babel/polyfill/node_modules/core-js/modules/es6.date.to-iso-string.js
<s> [webpack.Progress] 61% building 432/468 modules 36 active <checkout>/.versionless/work/react-boilerplate-v4-node24/target/node_modules/@babel/polyfill/node_modules/core-js/modules/es6.date.to-iso-string.js
<s> [webpack.Progress] 61% building 432/469 modules 37 active <checkout>/.versionless/work/react-boilerplate-v4-node24/target/node_modules/@babel/polyfill/node_modules/core-js/modules/es6.date.to-json.js
<s> [webpack.Progress] 61% building 433/469 modules 36 active <checkout>/.versionless/work/react-boilerplate-v4-node24/target/node_modules/@babel/polyfill/node_modules/core-js/modules/es6.date.to-json.js
<s> [webpack.Progress] 62% building 434/469 modules 35 active <checkout>/.versionless/work/react-boilerplate-v4-node24/target/node_modules/@babel/polyfill/node_modules/core-js/modules/es6.date.to-json.js
<s> [webpack.Progress] 62% building 435/469 modules 34 active <checkout>/.versionless/work/react-boilerplate-v4-node24/target/node_modules/@babel/polyfill/node_modules/core-js/modules/es6.date.to-json.js
<s> [webpack.Progress] 62% building 435/470 modules 35 active <checkout>/.versionless/work/react-boilerplate-v4-node24/target/node_modules/@babel/polyfill/node_modules/core-js/modules/es6.date.now.js
<s> [webpack.Progress] 62% building 435/471 modules 36 active <checkout>/.versionless/work/react-boilerplate-v4-node24/target/node_modules/@babel/polyfill/node_modules/core-js/modules/es6.string.sup.js
<s> [webpack.Progress] 62% building 436/471 modules 35 active <checkout>/.versionless/work/react-boilerplate-v4-node24/target/node_modules/@babel/polyfill/node_modules/core-js/modules/es6.string.sup.js
<s> [webpack.Progress] 62% building 437/471 modules 34 active <checkout>/.versionless/work/react-boilerplate-v4-node24/target/node_modules/@babel/polyfill/node_modules/core-js/modules/es6.string.sup.js
<s> [webpack.Progress] 62% building 437/472 modules 35 active <checkout>/.versionless/work/react-boilerplate-v4-node24/target/node_modules/@babel/polyfill/node_modules/core-js/modules/_to-integer.js
<s> [webpack.Progress] 62% building 438/472 modules 34 active <checkout>/.versionless/work/react-boilerplate-v4-node24/target/node_modules/@babel/polyfill/node_modules/core-js/modules/_to-integer.js
<s> [webpack.Progress] 62% building 439/472 modules 33 active <checkout>/.versionless/work/react-boilerplate-v4-node24/target/node_modules/@babel/polyfill/node_modules/core-js/modules/_to-integer.js
<s> [webpack.Progress] 62% building 439/473 modules 34 active <checkout>/.versionless/work/react-boilerplate-v4-node24/target/node_modules/@babel/polyfill/node_modules/core-js/modules/es6.string.sub.js
<s> [webpack.Progress] 62% building 440/473 modules 33 active <checkout>/.versionless/work/react-boilerplate-v4-node24/target/node_modules/@babel/polyfill/node_modules/core-js/modules/es6.string.sub.js
<s> [webpack.Progress] 62% building 440/474 modules 34 active <checkout>/.versionless/work/react-boilerplate-v4-node24/target/node_modules/@babel/polyfill/node_modules/core-js/modules/es6.string.strike.js
<s> [webpack.Progress] 62% building 440/475 modules 35 active <checkout>/.versionless/work/react-boilerplate-v4-node24/target/node_modules/@babel/polyfill/node_modules/core-js/modules/es6.string.small.js
<s> [webpack.Progress] 62% building 440/476 modules 36 active <checkout>/.versionless/work/react-boilerplate-v4-node24/target/node_modules/react-router/node_modules/path-to-regexp/index.js
<s> [webpack.Progress] 62% building 440/477 modules 37 active <checkout>/.versionless/work/react-boilerplate-v4-node24/target/node_modules/@babel/polyfill/node_modules/core-js/modules/es6.string.link.js
<s> [webpack.Progress] 62% building 440/478 modules 38 active <checkout>/.versionless/work/react-boilerplate-v4-node24/target/node_modules/@babel/polyfill/node_modules/core-js/modules/es6.string.italics.js
<s> [webpack.Progress] 62% building 440/479 modules 39 active <checkout>/.versionless/work/react-boilerplate-v4-node24/target/node_modules/@babel/polyfill/node_modules/core-js/modules/_array-species-constructor.js
<s> [webpack.Progress] 62% building 440/480 modules 40 active <checkout>/.versionless/work/react-boilerplate-v4-node24/target/node_modules/@babel/polyfill/node_modules/core-js/modules/es6.string.fontsize.js
<s> [webpack.Progress] 62% building 440/481 modules 41 active <checkout>/.versionless/work/react-boilerplate-v4-node24/target/node_modules/@babel/polyfill/node_modules/core-js/modules/_string-repeat.js
<s> [webpack.Progress] 62% building 440/482 modules 42 active <checkout>/.versionless/work/react-boilerplate-v4-node24/target/node_modules/@babel/polyfill/node_modules/core-js/modules/es6.string.fontcolor.js
<s> [webpack.Progress] 62% building 441/482 modules 41 active <checkout>/.versionless/work/react-boilerplate-v4-node24/target/node_modules/@babel/polyfill/node_modules/core-js/modules/es6.string.fontcolor.js
<s> [webpack.Progress] 63% building 442/482 modules 40 active <checkout>/.versionless/work/react-boilerplate-v4-node24/target/node_modules/@babel/polyfill/node_modules/core-js/modules/es6.string.fontcolor.js
<s> [webpack.Progress] 63% building 443/482 modules 39 active <checkout>/.versionless/work/react-boilerplate-v4-node24/target/node_modules/@babel/polyfill/node_modules/core-js/modules/es6.string.fontcolor.js
<s> [webpack.Progress] 63% building 444/482 modules 38 active <checkout>/.versionless/work/react-boilerplate-v4-node24/target/node_modules/@babel/polyfill/node_modules/core-js/modules/es6.string.fontcolor.js
<s> [webpack.Progress] 63% building 445/482 modules 37 active <checkout>/.versionless/work/react-boilerplate-v4-node24/target/node_modules/@babel/polyfill/node_modules/core-js/modules/es6.string.fontcolor.js
<s> [webpack.Progress] 63% building 446/482 modules 36 active <checkout>/.versionless/work/react-boilerplate-v4-node24/target/node_modules/@babel/polyfill/node_modules/core-js/modules/es6.string.fontcolor.js
<s> [webpack.Progress] 63% building 446/483 modules 37 active <checkout>/.versionless/work/react-boilerplate-v4-node24/target/node_modules/@babel/polyfill/node_modules/core-js/modules/es6.string.fixed.js
<s> [webpack.Progress] 63% building 446/484 modules 38 active <checkout>/.versionless/work/react-boilerplate-v4-node24/target/node_modules/@babel/polyfill/node_modules/core-js/modules/es6.string.bold.js
<s> [webpack.Progress] 63% building 446/485 modules 39 active <checkout>/.versionless/work/react-boilerplate-v4-node24/target/node_modules/@babel/polyfill/node_modules/core-js/modules/es6.string.blink.js
<s> [webpack.Progress] 63% building 447/485 modules 38 active <checkout>/.versionless/work/react-boilerplate-v4-node24/target/node_modules/@babel/polyfill/node_modules/core-js/modules/es6.string.blink.js
<s> [webpack.Progress] 63% building 447/486 modules 39 active <checkout>/.versionless/work/react-boilerplate-v4-node24/target/node_modules/@babel/polyfill/node_modules/core-js/library/modules/_fails.js
<s> [webpack.Progress] 63% building 447/487 modules 40 active <checkout>/.versionless/work/react-boilerplate-v4-node24/target/node_modules/@babel/polyfill/node_modules/core-js/library/modules/_an-object.js
<s> [webpack.Progress] 63% building 448/487 modules 39 active <checkout>/.versionless/work/react-boilerplate-v4-node24/target/node_modules/@babel/polyfill/node_modules/core-js/library/modules/_an-object.js
<s> [webpack.Progress] 63% building 448/488 modules 40 active <checkout>/.versionless/work/react-boilerplate-v4-node24/target/node_modules/@babel/polyfill/node_modules/core-js/library/modules/_to-primitive.js
<s> [webpack.Progress] 63% building 449/488 modules 39 active <checkout>/.versionless/work/react-boilerplate-v4-node24/target/node_modules/@babel/polyfill/node_modules/core-js/library/modules/_to-primitive.js
<s> [webpack.Progress] 64% building 450/488 modules 38 active <checkout>/.versionless/work/react-boilerplate-v4-node24/target/node_modules/@babel/polyfill/node_modules/core-js/library/modules/_to-primitive.js
<s> [webpack.Progress] 64% building 451/488 modules 37 active <checkout>/.versionless/work/react-boilerplate-v4-node24/target/node_modules/@babel/polyfill/node_modules/core-js/library/modules/_to-primitive.js
<s> [webpack.Progress] 64% building 451/489 modules 38 active <checkout>/.versionless/work/react-boilerplate-v4-node24/target/node_modules/@babel/polyfill/node_modules/core-js/library/modules/_ie8-dom-define.js
<s> [webpack.Progress] 64% building 452/489 modules 37 active <checkout>/.versionless/work/react-boilerplate-v4-node24/target/node_modules/@babel/polyfill/node_modules/core-js/library/modules/_ie8-dom-define.js
<s> [webpack.Progress] 64% building 453/489 modules 36 active <checkout>/.versionless/work/react-boilerplate-v4-node24/target/node_modules/@babel/polyfill/node_modules/core-js/library/modules/_ie8-dom-define.js
<s> [webpack.Progress] 64% building 453/490 modules 37 active <checkout>/.versionless/work/react-boilerplate-v4-node24/target/node_modules/@babel/polyfill/node_modules/core-js/modules/es6.string.big.js
<s> [webpack.Progress] 64% building 453/491 modules 38 active <checkout>/.versionless/work/react-boilerplate-v4-node24/target/node_modules/@babel/polyfill/node_modules/core-js/modules/_bind.js
<s> [webpack.Progress] 64% building 453/492 modules 39 active <checkout>/.versionless/work/react-boilerplate-v4-node24/target/node_modules/@babel/polyfill/node_modules/core-js/modules/es6.string.anchor.js
<s> [webpack.Progress] 64% building 453/493 modules 40 active <checkout>/.versionless/work/react-boilerplate-v4-node24/target/node_modules/@babel/polyfill/node_modules/core-js/modules/es6.string.starts-with.js
<s> [webpack.Progress] 64% building 453/494 modules 41 active <checkout>/.versionless/work/react-boilerplate-v4-node24/target/node_modules/@redux-saga/deferred/dist/redux-saga-deferred.cjs.js
<s> [webpack.Progress] 64% building 453/495 modules 42 active <checkout>/.versionless/work/react-boilerplate-v4-node24/target/node_modules/@redux-saga/is/dist/redux-saga-is.cjs.js
<s> [webpack.Progress] 64% building 454/495 modules 41 active <checkout>/.versionless/work/react-boilerplate-v4-node24/target/node_modules/@redux-saga/is/dist/redux-saga-is.cjs.js
<s> [webpack.Progress] 64% building 455/495 modules 40 active <checkout>/.versionless/work/react-boilerplate-v4-node24/target/node_modules/@redux-saga/is/dist/redux-saga-is.cjs.js
<s> [webpack.Progress] 64% building 456/495 modules 39 active <checkout>/.versionless/work/react-boilerplate-v4-node24/target/node_modules/@redux-saga/is/dist/redux-saga-is.cjs.js
<s> [webpack.Progress] 64% building 457/495 modules 38 active <checkout>/.versionless/work/react-boilerplate-v4-node24/target/node_modules/@redux-saga/is/dist/redux-saga-is.cjs.js
<s> [webpack.Progress] 64% building 457/496 modules 39 active <checkout>/.versionless/work/react-boilerplate-v4-node24/target/node_modules/@babel/polyfill/node_modules/core-js/modules/_typed-array.js
<s> [webpack.Progress] 64% building 457/497 modules 40 active <checkout>/.versionless/work/react-boilerplate-v4-node24/target/node_modules/@babel/polyfill/node_modules/core-js/modules/_typed-buffer.js
<s> [webpack.Progress] 64% building 457/498 modules 41 active <checkout>/.versionless/work/react-boilerplate-v4-node24/target/node_modules/@babel/polyfill/node_modules/core-js/modules/_collection-weak.js
<s> [webpack.Progress] 64% building 457/499 modules 42 active <checkout>/.versionless/work/react-boilerplate-v4-node24/target/node_modules/@babel/polyfill/node_modules/core-js/modules/_collection.js
<s> [webpack.Progress] 64% building 457/500 modules 43 active <checkout>/.versionless/work/react-boilerplate-v4-node24/target/node_modules/@babel/polyfill/node_modules/core-js/modules/_collection-strong.js
<s> [webpack.Progress] 64% building 458/500 modules 42 active <checkout>/.versionless/work/react-boilerplate-v4-node24/target/node_modules/@babel/polyfill/node_modules/core-js/modules/_collection-strong.js
<s> [webpack.Progress] 64% building 458/501 modules 43 active <checkout>/.versionless/work/react-boilerplate-v4-node24/target/node_modules/@babel/polyfill/node_modules/core-js/modules/_is-regexp.js
<s> [webpack.Progress] 64% building 459/501 modules 42 active <checkout>/.versionless/work/react-boilerplate-v4-node24/target/node_modules/@babel/polyfill/node_modules/core-js/modules/_is-regexp.js
<s> [webpack.Progress] 64% building 459/502 modules 43 active <checkout>/.versionless/work/react-boilerplate-v4-node24/target/node_modules/@babel/polyfill/node_modules/core-js/modules/_fix-re-wks.js
<s> [webpack.Progress] 64% building 460/502 modules 42 active <checkout>/.versionless/work/react-boilerplate-v4-node24/target/node_modules/@babel/polyfill/node_modules/core-js/modules/_fix-re-wks.js
<s> [webpack.Progress] 65% building 461/502 modules 41 active <checkout>/.versionless/work/react-boilerplate-v4-node24/target/node_modules/@babel/polyfill/node_modules/core-js/modules/_fix-re-wks.js
<s> [webpack.Progress] 65% building 462/502 modules 40 active <checkout>/.versionless/work/react-boilerplate-v4-node24/target/node_modules/@babel/polyfill/node_modules/core-js/modules/_fix-re-wks.js
<s> [webpack.Progress] 65% building 463/502 modules 39 active <checkout>/.versionless/work/react-boilerplate-v4-node24/target/node_modules/@babel/polyfill/node_modules/core-js/modules/_fix-re-wks.js
<s> [webpack.Progress] 65% building 464/502 modules 38 active <checkout>/.versionless/work/react-boilerplate-v4-node24/target/node_modules/@babel/polyfill/node_modules/core-js/modules/_fix-re-wks.js
<s> [webpack.Progress] 65% building 464/503 modules 39 active <checkout>/.versionless/work/react-boilerplate-v4-node24/target/node_modules/@babel/polyfill/node_modules/core-js/modules/_regexp-exec-abstract.js
<s> [webpack.Progress] 65% building 465/503 modules 38 active <checkout>/.versionless/work/react-boilerplate-v4-node24/target/node_modules/@babel/polyfill/node_modules/core-js/modules/_regexp-exec-abstract.js
<s> [webpack.Progress] 65% building 465/504 modules 39 active <checkout>/.versionless/work/react-boilerplate-v4-node24/target/node_modules/@babel/polyfill/node_modules/core-js/modules/_same-value.js
<s> [webpack.Progress] 65% building 466/504 modules 38 active <checkout>/.versionless/work/react-boilerplate-v4-node24/target/node_modules/@babel/polyfill/node_modules/core-js/modules/_same-value.js
<s> [webpack.Progress] 65% building 466/505 modules 39 active <checkout>/.versionless/work/react-boilerplate-v4-node24/target/node_modules/@babel/polyfill/node_modules/core-js/modules/_regexp-exec.js
<s> [webpack.Progress] 65% building 466/506 modules 40 active <checkout>/.versionless/work/react-boilerplate-v4-node24/target/node_modules/lodash/isObject.js
<s> [webpack.Progress] 65% building 467/506 modules 39 active <checkout>/.versionless/work/react-boilerplate-v4-node24/target/node_modules/lodash/isObject.js
<s> [webpack.Progress] 65% building 468/506 modules 38 active <checkout>/.versionless/work/react-boilerplate-v4-node24/target/node_modules/lodash/isObject.js
<s> [webpack.Progress] 65% building 468/507 modules 39 active <checkout>/.versionless/work/react-boilerplate-v4-node24/target/node_modules/@babel/polyfill/node_modules/core-js/modules/_advance-string-index.js
<s> [webpack.Progress] 65% building 469/507 modules 38 active <checkout>/.versionless/work/react-boilerplate-v4-node24/target/node_modules/@babel/polyfill/node_modules/core-js/modules/_advance-string-index.js
<s> [webpack.Progress] 65% building 469/508 modules 39 active <checkout>/.versionless/work/react-boilerplate-v4-node24/target/node_modules/create-react-context/lib/implementation.js
<s> [webpack.Progress] 65% building 470/508 modules 38 active <checkout>/.versionless/work/react-boilerplate-v4-node24/target/node_modules/create-react-context/lib/implementation.js
<s> [webpack.Progress] 65% building 470/509 modules 39 active <checkout>/.versionless/work/react-boilerplate-v4-node24/target/node_modules/@babel/polyfill/node_modules/core-js/modules/_validate-collection.js
<s> [webpack.Progress] 65% building 471/509 modules 38 active <checkout>/.versionless/work/react-boilerplate-v4-node24/target/node_modules/@babel/polyfill/node_modules/core-js/modules/_validate-collection.js
<s> [webpack.Progress] 65% building 472/509 modules 37 active <checkout>/.versionless/work/react-boilerplate-v4-node24/target/node_modules/@babel/polyfill/node_modules/core-js/modules/_validate-collection.js
<s> [webpack.Progress] 65% building 473/509 modules 36 active <checkout>/.versionless/work/react-boilerplate-v4-node24/target/node_modules/@babel/polyfill/node_modules/core-js/modules/_validate-collection.js
<s> [webpack.Progress] 65% building 474/509 modules 35 active <checkout>/.versionless/work/react-boilerplate-v4-node24/target/node_modules/@babel/polyfill/node_modules/core-js/modules/_validate-collection.js
<s> [webpack.Progress] 65% building 475/509 modules 34 active <checkout>/.versionless/work/react-boilerplate-v4-node24/target/node_modules/@babel/polyfill/node_modules/core-js/modules/_validate-collection.js
<s> [webpack.Progress] 66% building 476/509 modules 33 active <checkout>/.versionless/work/react-boilerplate-v4-node24/target/node_modules/@babel/polyfill/node_modules/core-js/modules/_validate-collection.js
<s> [webpack.Progress] 66% building 477/509 modules 32 active <checkout>/.versionless/work/react-boilerplate-v4-node24/target/node_modules/@babel/polyfill/node_modules/core-js/modules/_validate-collection.js
<s> [webpack.Progress] 66% building 478/509 modules 31 active <checkout>/.versionless/work/react-boilerplate-v4-node24/target/node_modules/@babel/polyfill/node_modules/core-js/modules/_validate-collection.js
<s> [webpack.Progress] 66% building 478/510 modules 32 active <checkout>/.versionless/work/react-boilerplate-v4-node24/target/node_modules/@babel/polyfill/node_modules/core-js/modules/_flags.js
<s> [webpack.Progress] 66% building 479/510 modules 31 active <checkout>/.versionless/work/react-boilerplate-v4-node24/target/node_modules/@babel/polyfill/node_modules/core-js/modules/_flags.js
<s> [webpack.Progress] 66% building 480/510 modules 30 active <checkout>/.versionless/work/react-boilerplate-v4-node24/target/node_modules/@babel/polyfill/node_modules/core-js/modules/_flags.js
<s> [webpack.Progress] 66% building 481/510 modules 29 active <checkout>/.versionless/work/react-boilerplate-v4-node24/target/node_modules/@babel/polyfill/node_modules/core-js/modules/_flags.js
<s> [webpack.Progress] 66% building 482/510 modules 28 active <checkout>/.versionless/work/react-boilerplate-v4-node24/target/node_modules/@babel/polyfill/node_modules/core-js/modules/_flags.js
<s> [webpack.Progress] 66% building 482/511 modules 29 active <checkout>/.versionless/work/react-boilerplate-v4-node24/target/node_modules/@babel/polyfill/node_modules/core-js/modules/_inherit-if-required.js
<s> [webpack.Progress] 66% building 482/512 modules 30 active <checkout>/.versionless/work/react-boilerplate-v4-node24/target/node_modules/@babel/polyfill/node_modules/core-js/modules/_array-methods.js
<s> [webpack.Progress] 66% building 482/513 modules 31 active <checkout>/.versionless/work/react-boilerplate-v4-node24/target/node_modules/@babel/polyfill/node_modules/core-js/modules/_array-fill.js
<s> [webpack.Progress] 66% building 482/514 modules 32 active <checkout>/.versionless/work/react-boilerplate-v4-node24/target/node_modules/@babel/polyfill/node_modules/core-js/modules/_strict-method.js
<s> [webpack.Progress] 66% building 482/515 modules 33 active <checkout>/.versionless/work/react-boilerplate-v4-node24/target/node_modules/@babel/polyfill/node_modules/core-js/modules/_array-copy-within.js
<s> [webpack.Progress] 66% building 483/515 modules 32 active <checkout>/.versionless/work/react-boilerplate-v4-node24/target/node_modules/@babel/polyfill/node_modules/core-js/modules/_array-copy-within.js
<s> [webpack.Progress] 66% building 484/515 modules 31 active <checkout>/.versionless/work/react-boilerplate-v4-node24/target/node_modules/@babel/polyfill/node_modules/core-js/modules/_array-copy-within.js
<s> [webpack.Progress] 66% building 485/515 modules 30 active <checkout>/.versionless/work/react-boilerplate-v4-node24/target/node_modules/@babel/polyfill/node_modules/core-js/modules/_array-copy-within.js
<s> [webpack.Progress] 66% building 486/515 modules 29 active <checkout>/.versionless/work/react-boilerplate-v4-node24/target/node_modules/@babel/polyfill/node_modules/core-js/modules/_array-copy-within.js
<s> [webpack.Progress] 66% building 486/516 modules 30 active <checkout>/.versionless/work/react-boilerplate-v4-node24/target/node_modules/@babel/polyfill/node_modules/core-js/modules/_array-reduce.js
<s> [webpack.Progress] 66% building 487/516 modules 29 active <checkout>/.versionless/work/react-boilerplate-v4-node24/target/node_modules/@babel/polyfill/node_modules/core-js/modules/_array-reduce.js
<s> [webpack.Progress] 66% building 488/516 modules 28 active <checkout>/.versionless/work/react-boilerplate-v4-node24/target/node_modules/@babel/polyfill/node_modules/core-js/modules/_array-reduce.js
<s> [webpack.Progress] 66% building 489/516 modules 27 active <checkout>/.versionless/work/react-boilerplate-v4-node24/target/node_modules/@babel/polyfill/node_modules/core-js/modules/_array-reduce.js
<s> [webpack.Progress] 66% building 490/516 modules 26 active <checkout>/.versionless/work/react-boilerplate-v4-node24/target/node_modules/@babel/polyfill/node_modules/core-js/modules/_array-reduce.js
<s> [webpack.Progress] 67% building 491/516 modules 25 active <checkout>/.versionless/work/react-boilerplate-v4-node24/target/node_modules/@babel/polyfill/node_modules/core-js/modules/_array-reduce.js
<s> [webpack.Progress] 67% building 492/516 modules 24 active <checkout>/.versionless/work/react-boilerplate-v4-node24/target/node_modules/@babel/polyfill/node_modules/core-js/modules/_array-reduce.js
<s> [webpack.Progress] 67% building 493/516 modules 23 active <checkout>/.versionless/work/react-boilerplate-v4-node24/target/node_modules/@babel/polyfill/node_modules/core-js/modules/_array-reduce.js
<s> [webpack.Progress] 67% building 494/516 modules 22 active <checkout>/.versionless/work/react-boilerplate-v4-node24/target/node_modules/@babel/polyfill/node_modules/core-js/modules/_array-reduce.js
<s> [webpack.Progress] 67% building 495/516 modules 21 active <checkout>/.versionless/work/react-boilerplate-v4-node24/target/node_modules/@babel/polyfill/node_modules/core-js/modules/_array-reduce.js
<s> [webpack.Progress] 67% building 496/516 modules 20 active <checkout>/.versionless/work/react-boilerplate-v4-node24/target/node_modules/@babel/polyfill/node_modules/core-js/modules/_array-reduce.js
<s> [webpack.Progress] 67% building 497/516 modules 19 active <checkout>/.versionless/work/react-boilerplate-v4-node24/target/node_modules/@babel/polyfill/node_modules/core-js/modules/_array-reduce.js
<s> [webpack.Progress] 67% building 498/516 modules 18 active <checkout>/.versionless/work/react-boilerplate-v4-node24/target/node_modules/@babel/polyfill/node_modules/core-js/modules/_array-reduce.js
<s> [webpack.Progress] 68% building 499/516 modules 17 active <checkout>/.versionless/work/react-boilerplate-v4-node24/target/node_modules/@babel/polyfill/node_modules/core-js/modules/_array-reduce.js
<s> [webpack.Progress] 68% building 500/516 modules 16 active <checkout>/.versionless/work/react-boilerplate-v4-node24/target/node_modules/@babel/polyfill/node_modules/core-js/modules/_array-reduce.js
<s> [webpack.Progress] 68% building 501/516 modules 15 active <checkout>/.versionless/work/react-boilerplate-v4-node24/target/node_modules/@babel/polyfill/node_modules/core-js/modules/_array-reduce.js
<s> [webpack.Progress] 68% building 502/516 modules 14 active <checkout>/.versionless/work/react-boilerplate-v4-node24/target/node_modules/@babel/polyfill/node_modules/core-js/modules/_array-reduce.js
<s> [webpack.Progress] 68% building 502/517 modules 15 active <checkout>/.versionless/work/react-boilerplate-v4-node24/target/node_modules/lodash/_baseConformsTo.js
<s> [webpack.Progress] 68% building 503/517 modules 14 active <checkout>/.versionless/work/react-boilerplate-v4-node24/target/node_modules/lodash/_baseConformsTo.js
<s> [webpack.Progress] 68% building 503/518 modules 15 active <checkout>/.versionless/work/react-boilerplate-v4-node24/target/node_modules/lodash/_baseGetTag.js
<s> [webpack.Progress] 68% building 503/519 modules 16 active <checkout>/.versionless/work/react-boilerplate-v4-node24/target/node_modules/lodash/_baseKeys.js
<s> [webpack.Progress] 68% building 504/519 modules 15 active <checkout>/.versionless/work/react-boilerplate-v4-node24/target/node_modules/lodash/_baseKeys.js
<s> [webpack.Progress] 68% building 505/519 modules 14 active <checkout>/.versionless/work/react-boilerplate-v4-node24/target/node_modules/lodash/_baseKeys.js
<s> [webpack.Progress] 68% building 505/520 modules 15 active <checkout>/.versionless/work/react-boilerplate-v4-node24/target/node_modules/lodash/isTypedArray.js
<s> [webpack.Progress] 68% building 505/521 modules 16 active <checkout>/.versionless/work/react-boilerplate-v4-node24/target/node_modules/lodash/_isPrototype.js
<s> [webpack.Progress] 68% building 505/522 modules 17 active <checkout>/.versionless/work/react-boilerplate-v4-node24/target/node_modules/lodash/isBuffer.js
<s> [webpack.Progress] 67% building 505/523 modules 18 active <checkout>/.versionless/work/react-boilerplate-v4-node24/target/node_modules/lodash/isArray.js
<s> [webpack.Progress] 67% building 505/524 modules 19 active <checkout>/.versionless/work/react-boilerplate-v4-node24/target/node_modules/lodash/isArguments.js
<s> [webpack.Progress] 67% building 505/525 modules 20 active <checkout>/.versionless/work/react-boilerplate-v4-node24/target/node_modules/lodash/isArrayLike.js
<s> [webpack.Progress] 67% building 506/525 modules 19 active <checkout>/.versionless/work/react-boilerplate-v4-node24/target/node_modules/lodash/isArrayLike.js
<s> [webpack.Progress] 67% building 506/526 modules 20 active <checkout>/.versionless/work/react-boilerplate-v4-node24/target/node_modules/lodash/_getTag.js
<s> [webpack.Progress] 67% building 506/527 modules 21 active <checkout>/.versionless/work/react-boilerplate-v4-node24/target/node_modules/lodash/isObjectLike.js
<s> [webpack.Progress] 67% building 506/528 modules 22 active <checkout>/.versionless/work/react-boilerplate-v4-node24/target/node_modules/lodash/keys.js
<s> [webpack.Progress] 67% building 507/528 modules 21 active <checkout>/.versionless/work/react-boilerplate-v4-node24/target/node_modules/lodash/keys.js
<s> [webpack.Progress] 67% building 508/528 modules 20 active <checkout>/.versionless/work/react-boilerplate-v4-node24/target/node_modules/lodash/keys.js
<s> [webpack.Progress] 67% building 509/528 modules 19 active <checkout>/.versionless/work/react-boilerplate-v4-node24/target/node_modules/lodash/keys.js
<s> [webpack.Progress] 67% building 509/529 modules 20 active <checkout>/.versionless/work/react-boilerplate-v4-node24/target/node_modules/@babel/polyfill/node_modules/core-js/modules/_object-assign.js
<s> [webpack.Progress] 67% building 509/530 modules 21 active <checkout>/.versionless/work/react-boilerplate-v4-node24/target/node_modules/@babel/polyfill/node_modules/core-js/modules/_date-to-primitive.js
<s> [webpack.Progress] 67% building 509/531 modules 22 active <checkout>/.versionless/work/react-boilerplate-v4-node24/target/node_modules/babel-loader/lib/index.js!<checkout>/.versionless/work/react-boilerplate-v4-node24/target/app/components/Toggle/Select.js
<s> [webpack.Progress] 67% building 510/531 modules 21 active <checkout>/.versionless/work/react-boilerplate-v4-node24/target/node_modules/babel-loader/lib/index.js!<checkout>/.versionless/work/react-boilerplate-v4-node24/target/app/components/Toggle/Select.js
<s> [webpack.Progress] 67% building 510/532 modules 22 active <checkout>/.versionless/work/react-boilerplate-v4-node24/target/node_modules/@babel/polyfill/node_modules/core-js/modules/_typed.js
<s> [webpack.Progress] 67% building 510/533 modules 23 active <checkout>/.versionless/work/react-boilerplate-v4-node24/target/node_modules/babel-loader/lib/index.js!<checkout>/.versionless/work/react-boilerplate-v4-node24/target/app/components/ListItem/Wrapper.js
<s> [webpack.Progress] 67% building 510/534 modules 24 active <checkout>/.versionless/work/react-boilerplate-v4-node24/target/node_modules/babel-loader/lib/index.js!<checkout>/.versionless/work/react-boilerplate-v4-node24/target/app/components/ListItem/Item.js
<s> [webpack.Progress] 67% building 510/535 modules 25 active <checkout>/.versionless/work/react-boilerplate-v4-node24/target/node_modules/@babel/polyfill/node_modules/core-js/modules/_date-to-iso-string.js
<s> [webpack.Progress] 67% building 510/536 modules 26 active <checkout>/.versionless/work/react-boilerplate-v4-node24/target/node_modules/babel-loader/lib/index.js!<checkout>/.versionless/work/react-boilerplate-v4-node24/target/app/components/List/Ul.js
<s> [webpack.Progress] 66% building 510/537 modules 27 active <checkout>/.versionless/work/react-boilerplate-v4-node24/target/node_modules/babel-loader/lib/index.js!<checkout>/.versionless/work/react-boilerplate-v4-node24/target/app/components/List/Wrapper.js
<s> [webpack.Progress] 67% building 511/537 modules 26 active <checkout>/.versionless/work/react-boilerplate-v4-node24/target/node_modules/babel-loader/lib/index.js!<checkout>/.versionless/work/react-boilerplate-v4-node24/target/app/components/List/Wrapper.js
<s> [webpack.Progress] 67% building 512/537 modules 25 active <checkout>/.versionless/work/react-boilerplate-v4-node24/target/node_modules/babel-loader/lib/index.js!<checkout>/.versionless/work/react-boilerplate-v4-node24/target/app/components/List/Wrapper.js
<s> [webpack.Progress] 67% building 512/538 modules 26 active <checkout>/.versionless/work/react-boilerplate-v4-node24/target/node_modules/@babel/polyfill/node_modules/core-js/modules/_string-html.js
<s> [webpack.Progress] 66% building 512/539 modules 27 active <checkout>/.versionless/work/react-boilerplate-v4-node24/target/node_modules/babel-loader/lib/index.js!<checkout>/.versionless/work/react-boilerplate-v4-node24/target/app/containers/RepoListItem/Wrapper.js
<s> [webpack.Progress] 66% building 512/540 modules 28 active <checkout>/.versionless/work/react-boilerplate-v4-node24/target/node_modules/babel-loader/lib/index.js!<checkout>/.versionless/work/react-boilerplate-v4-node24/target/app/containers/RepoListItem/IssueLink.js
<s> [webpack.Progress] 66% building 512/541 modules 29 active <checkout>/.versionless/work/react-boilerplate-v4-node24/target/node_modules/babel-loader/lib/index.js!<checkout>/.versionless/work/react-boilerplate-v4-node24/target/app/containers/RepoListItem/RepoLink.js
<s> [webpack.Progress] 66% building 512/542 modules 30 active <checkout>/.versionless/work/react-boilerplate-v4-node24/target/node_modules/babel-loader/lib/index.js!<checkout>/.versionless/work/react-boilerplate-v4-node24/target/app/containers/RepoListItem/IssueIcon.js
<s> [webpack.Progress] 66% building 513/542 modules 29 active <checkout>/.versionless/work/react-boilerplate-v4-node24/target/node_modules/babel-loader/lib/index.js!<checkout>/.versionless/work/react-boilerplate-v4-node24/target/app/containers/RepoListItem/IssueIcon.js
<s> [webpack.Progress] 66% building 514/542 modules 28 active <checkout>/.versionless/work/react-boilerplate-v4-node24/target/node_modules/babel-loader/lib/index.js!<checkout>/.versionless/work/react-boilerplate-v4-node24/target/app/containers/RepoListItem/IssueIcon.js
<s> [webpack.Progress] 67% building 515/542 modules 27 active <checkout>/.versionless/work/react-boilerplate-v4-node24/target/node_modules/babel-loader/lib/index.js!<checkout>/.versionless/work/react-boilerplate-v4-node24/target/app/containers/RepoListItem/IssueIcon.js
<s> [webpack.Progress] 66% building 515/543 modules 28 active <checkout>/.versionless/work/react-boilerplate-v4-node24/target/node_modules/@babel/polyfill/node_modules/core-js/modules/es6.string.repeat.js
<s> [webpack.Progress] 66% building 515/544 modules 29 active <checkout>/.versionless/work/react-boilerplate-v4-node24/target/node_modules/@babel/polyfill/node_modules/core-js/modules/es6.string.includes.js
<s> [webpack.Progress] 66% building 515/545 modules 30 active <checkout>/.versionless/work/react-boilerplate-v4-node24/target/node_modules/@babel/polyfill/node_modules/core-js/modules/es6.string.ends-with.js
<s> [webpack.Progress] 66% building 515/546 modules 31 active <checkout>/.versionless/work/react-boilerplate-v4-node24/target/node_modules/@babel/polyfill/node_modules/core-js/modules/es6.string.code-point-at.js
<s> [webpack.Progress] 66% building 515/547 modules 32 active <checkout>/.versionless/work/react-boilerplate-v4-node24/target/node_modules/@babel/polyfill/node_modules/core-js/modules/es6.string.iterator.js
<s> [webpack.Progress] 66% building 515/548 modules 33 active <checkout>/.versionless/work/react-boilerplate-v4-node24/target/node_modules/@babel/polyfill/node_modules/core-js/modules/es6.string.raw.js
<s> [webpack.Progress] 66% building 515/549 modules 34 active <checkout>/.versionless/work/react-boilerplate-v4-node24/target/node_modules/@babel/polyfill/node_modules/core-js/modules/es6.string.trim.js
<s> [webpack.Progress] 66% building 515/550 modules 35 active <checkout>/.versionless/work/react-boilerplate-v4-node24/target/node_modules/@babel/polyfill/node_modules/core-js/modules/es6.string.from-code-point.js
<s> [webpack.Progress] 66% building 516/550 modules 34 active <checkout>/.versionless/work/react-boilerplate-v4-node24/target/node_modules/@babel/polyfill/node_modules/core-js/modules/es6.string.from-code-point.js
<s> [webpack.Progress] 66% building 516/551 modules 35 active <checkout>/.versionless/work/react-boilerplate-v4-node24/target/node_modules/@babel/polyfill/node_modules/core-js/modules/es6.math.trunc.js
<s> [webpack.Progress] 66% building 516/552 modules 36 active <checkout>/.versionless/work/react-boilerplate-v4-node24/target/node_modules/@babel/polyfill/node_modules/core-js/modules/es6.math.tanh.js
<s> [webpack.Progress] 65% building 516/553 modules 37 active <checkout>/.versionless/work/react-boilerplate-v4-node24/target/node_modules/@babel/polyfill/node_modules/core-js/modules/es6.math.sinh.js
<s> [webpack.Progress] 65% building 516/554 modules 38 active <checkout>/.versionless/work/react-boilerplate-v4-node24/target/node_modules/@babel/polyfill/node_modules/core-js/modules/es6.math.sign.js
<s> [webpack.Progress] 65% building 516/555 modules 39 active <checkout>/.versionless/work/react-boilerplate-v4-node24/target/node_modules/@babel/polyfill/node_modules/core-js/modules/es6.math.log2.js
<s> [webpack.Progress] 65% building 516/556 modules 40 active <checkout>/.versionless/work/react-boilerplate-v4-node24/target/node_modules/@babel/polyfill/node_modules/core-js/modules/es6.math.log1p.js
<s> [webpack.Progress] 65% building 516/557 modules 41 active <checkout>/.versionless/work/react-boilerplate-v4-node24/target/node_modules/@babel/polyfill/node_modules/core-js/modules/es6.math.log10.js
<s> [webpack.Progress] 65% building 516/558 modules 42 active <checkout>/.versionless/work/react-boilerplate-v4-node24/target/node_modules/@babel/polyfill/node_modules/core-js/modules/es6.math.imul.js
<s> [webpack.Progress] 65% building 516/559 modules 43 active <checkout>/.versionless/work/react-boilerplate-v4-node24/target/node_modules/@babel/polyfill/node_modules/core-js/modules/es6.math.fround.js
<s> [webpack.Progress] 65% building 516/560 modules 44 active <checkout>/.versionless/work/react-boilerplate-v4-node24/target/node_modules/@babel/polyfill/node_modules/core-js/modules/es6.math.hypot.js
<s> [webpack.Progress] 65% building 516/561 modules 45 active <checkout>/.versionless/work/react-boilerplate-v4-node24/target/node_modules/@babel/polyfill/node_modules/core-js/modules/es6.math.expm1.js
<s> [webpack.Progress] 65% building 516/562 modules 46 active <checkout>/.versionless/work/react-boilerplate-v4-node24/target/node_modules/@babel/polyfill/node_modules/core-js/modules/es6.math.cosh.js
<s> [webpack.Progress] 64% building 516/563 modules 47 active <checkout>/.versionless/work/react-boilerplate-v4-node24/target/node_modules/@babel/polyfill/node_modules/core-js/modules/es6.math.cbrt.js
<s> [webpack.Progress] 64% building 516/564 modules 48 active <checkout>/.versionless/work/react-boilerplate-v4-node24/target/node_modules/@babel/polyfill/node_modules/core-js/modules/es6.math.clz32.js
<s> [webpack.Progress] 64% building 516/565 modules 49 active <checkout>/.versionless/work/react-boilerplate-v4-node24/target/node_modules/@babel/polyfill/node_modules/core-js/modules/es6.math.asinh.js
<s> [webpack.Progress] 64% building 516/566 modules 50 active <checkout>/.versionless/work/react-boilerplate-v4-node24/target/node_modules/@babel/polyfill/node_modules/core-js/modules/es6.math.atanh.js
<s> [webpack.Progress] 64% building 516/567 modules 51 active <checkout>/.versionless/work/react-boilerplate-v4-node24/target/node_modules/@babel/polyfill/node_modules/core-js/modules/es6.math.acosh.js
<s> [webpack.Progress] 64% building 516/568 modules 52 active <checkout>/.versionless/work/react-boilerplate-v4-node24/target/node_modules/@redux-saga/core/dist/redux-saga-effects.cjs.js
<s> [webpack.Progress] 64% building 516/569 modules 53 active <checkout>/.versionless/work/react-boilerplate-v4-node24/target/node_modules/@babel/polyfill/node_modules/core-js/modules/es6.number.parse-int.js
<s> [webpack.Progress] 64% building 516/570 modules 54 active <checkout>/.versionless/work/react-boilerplate-v4-node24/target/node_modules/@babel/polyfill/node_modules/core-js/modules/es6.number.parse-float.js
<s> [webpack.Progress] 64% building 516/571 modules 55 active <checkout>/.versionless/work/react-boilerplate-v4-node24/target/node_modules/@babel/polyfill/node_modules/core-js/library/modules/_is-object.js
<s> [webpack.Progress] 64% building 516/572 modules 56 active <checkout>/.versionless/work/react-boilerplate-v4-node24/target/node_modules/@babel/polyfill/node_modules/core-js/library/modules/_dom-create.js
<s> [webpack.Progress] 64% building 516/573 modules 57 active <checkout>/.versionless/work/react-boilerplate-v4-node24/target/node_modules/@babel/polyfill/node_modules/core-js/modules/es6.number.min-safe-integer.js
<s> [webpack.Progress] 63% building 516/574 modules 58 active <checkout>/.versionless/work/react-boilerplate-v4-node24/target/node_modules/@babel/polyfill/node_modules/core-js/modules/_fails-is-regexp.js
<s> [webpack.Progress] 63% building 516/575 modules 59 active <checkout>/.versionless/work/react-boilerplate-v4-node24/target/node_modules/@babel/polyfill/node_modules/core-js/modules/_string-context.js
<s> [webpack.Progress] 63% building 517/575 modules 58 active <checkout>/.versionless/work/react-boilerplate-v4-node24/target/node_modules/@babel/polyfill/node_modules/core-js/modules/_string-context.js
<s> [webpack.Progress] 64% building 518/575 modules 57 active <checkout>/.versionless/work/react-boilerplate-v4-node24/target/node_modules/@babel/polyfill/node_modules/core-js/modules/_string-context.js
<s> [webpack.Progress] 64% building 519/575 modules 56 active <checkout>/.versionless/work/react-boilerplate-v4-node24/target/node_modules/@babel/polyfill/node_modules/core-js/modules/_string-context.js
<s> [webpack.Progress] 64% building 519/576 modules 57 active <checkout>/.versionless/work/react-boilerplate-v4-node24/target/node_modules/@babel/polyfill/node_modules/core-js/modules/_to-index.js
<s> [webpack.Progress] 64% building 520/576 modules 56 active <checkout>/.versionless/work/react-boilerplate-v4-node24/target/node_modules/@babel/polyfill/node_modules/core-js/modules/_to-index.js
<s> [webpack.Progress] 64% building 521/576 modules 55 active <checkout>/.versionless/work/react-boilerplate-v4-node24/target/node_modules/@babel/polyfill/node_modules/core-js/modules/_to-index.js
<s> [webpack.Progress] 64% building 522/576 modules 54 active <checkout>/.versionless/work/react-boilerplate-v4-node24/target/node_modules/@babel/polyfill/node_modules/core-js/modules/_to-index.js
<s> [webpack.Progress] 64% building 523/576 modules 53 active <checkout>/.versionless/work/react-boilerplate-v4-node24/target/node_modules/@babel/polyfill/node_modules/core-js/modules/_to-index.js
<s> [webpack.Progress] 64% building 524/576 modules 52 active <checkout>/.versionless/work/react-boilerplate-v4-node24/target/node_modules/@babel/polyfill/node_modules/core-js/modules/_to-index.js
<s> [webpack.Progress] 64% building 525/576 modules 51 active <checkout>/.versionless/work/react-boilerplate-v4-node24/target/node_modules/@babel/polyfill/node_modules/core-js/modules/_to-index.js
<s> [webpack.Progress] 64% building 526/576 modules 50 active <checkout>/.versionless/work/react-boilerplate-v4-node24/target/node_modules/@babel/polyfill/node_modules/core-js/modules/_to-index.js
<s> [webpack.Progress] 64% building 527/576 modules 49 active <checkout>/.versionless/work/react-boilerplate-v4-node24/target/node_modules/@babel/polyfill/node_modules/core-js/modules/_to-index.js
<s> [webpack.Progress] 64% building 528/576 modules 48 active <checkout>/.versionless/work/react-boilerplate-v4-node24/target/node_modules/@babel/polyfill/node_modules/core-js/modules/_to-index.js
<s> [webpack.Progress] 64% building 528/577 modules 49 active <checkout>/.versionless/work/react-boilerplate-v4-node24/target/node_modules/@babel/polyfill/node_modules/core-js/modules/es6.number.max-safe-integer.js
<s> [webpack.Progress] 64% building 528/578 modules 50 active <checkout>/.versionless/work/react-boilerplate-v4-node24/target/node_modules/@babel/polyfill/node_modules/core-js/modules/es6.number.is-safe-integer.js
<s> [webpack.Progress] 64% building 528/579 modules 51 active <checkout>/.versionless/work/react-boilerplate-v4-node24/target/node_modules/@babel/polyfill/node_modules/core-js/modules/es6.number.is-nan.js
<s> [webpack.Progress] 64% building 529/579 modules 50 active <checkout>/.versionless/work/react-boilerplate-v4-node24/target/node_modules/@babel/polyfill/node_modules/core-js/modules/es6.number.is-nan.js
<s> [webpack.Progress] 64% building 530/579 modules 49 active <checkout>/.versionless/work/react-boilerplate-v4-node24/target/node_modules/@babel/polyfill/node_modules/core-js/modules/es6.number.is-nan.js
<s> [webpack.Progress] 65% building 531/579 modules 48 active <checkout>/.versionless/work/react-boilerplate-v4-node24/target/node_modules/@babel/polyfill/node_modules/core-js/modules/es6.number.is-nan.js
<s> [webpack.Progress] 64% building 531/580 modules 49 active <checkout>/.versionless/work/react-boilerplate-v4-node24/target/node_modules/@babel/polyfill/node_modules/core-js/modules/es6.number.is-integer.js
<s> [webpack.Progress] 64% building 531/581 modules 50 active <checkout>/.versionless/work/react-boilerplate-v4-node24/target/node_modules/@babel/polyfill/node_modules/core-js/modules/es6.number.is-finite.js
<s> [webpack.Progress] 64% building 531/582 modules 51 active <checkout>/.versionless/work/react-boilerplate-v4-node24/target/node_modules/@babel/polyfill/node_modules/core-js/modules/es6.number.epsilon.js
<s> [webpack.Progress] 64% building 532/582 modules 50 active <checkout>/.versionless/work/react-boilerplate-v4-node24/target/node_modules/@babel/polyfill/node_modules/core-js/modules/es6.number.epsilon.js
<s> [webpack.Progress] 64% building 532/583 modules 51 active <checkout>/.versionless/work/react-boilerplate-v4-node24/target/node_modules/@babel/polyfill/node_modules/core-js/modules/es6.number.to-precision.js
<s> [webpack.Progress] 64% building 533/583 modules 50 active <checkout>/.versionless/work/react-boilerplate-v4-node24/target/node_modules/@babel/polyfill/node_modules/core-js/modules/es6.number.to-precision.js
<s> [webpack.Progress] 64% building 533/584 modules 51 active <checkout>/.versionless/work/react-boilerplate-v4-node24/target/node_modules/@babel/polyfill/node_modules/core-js/modules/es6.number.to-fixed.js
<s> [webpack.Progress] 64% building 533/585 modules 52 active <checkout>/.versionless/work/react-boilerplate-v4-node24/target/node_modules/@babel/polyfill/node_modules/core-js/modules/es6.number.constructor.js
<s> [webpack.Progress] 64% building 533/586 modules 53 active <checkout>/.versionless/work/react-boilerplate-v4-node24/target/node_modules/@babel/polyfill/node_modules/core-js/modules/es6.parse-float.js
<s> [webpack.Progress] 64% building 534/586 modules 52 active <checkout>/.versionless/work/react-boilerplate-v4-node24/target/node_modules/@babel/polyfill/node_modules/core-js/modules/es6.parse-float.js
<s> [webpack.Progress] 64% building 535/586 modules 51 active <checkout>/.versionless/work/react-boilerplate-v4-node24/target/node_modules/@babel/polyfill/node_modules/core-js/modules/es6.parse-float.js
<s> [webpack.Progress] 64% building 535/587 modules 52 active <checkout>/.versionless/work/react-boilerplate-v4-node24/target/node_modules/@babel/polyfill/node_modules/core-js/modules/_string-at.js
<s> [webpack.Progress] 64% building 536/587 modules 51 active <checkout>/.versionless/work/react-boilerplate-v4-node24/target/node_modules/@babel/polyfill/node_modules/core-js/modules/_string-at.js
<s> [webpack.Progress] 64% building 537/587 modules 50 active <checkout>/.versionless/work/react-boilerplate-v4-node24/target/node_modules/@babel/polyfill/node_modules/core-js/modules/_string-at.js
<s> [webpack.Progress] 64% building 538/587 modules 49 active <checkout>/.versionless/work/react-boilerplate-v4-node24/target/node_modules/@babel/polyfill/node_modules/core-js/modules/_string-at.js
<s> [webpack.Progress] 65% building 539/587 modules 48 active <checkout>/.versionless/work/react-boilerplate-v4-node24/target/node_modules/@babel/polyfill/node_modules/core-js/modules/_string-at.js
<s> [webpack.Progress] 65% building 540/587 modules 47 active <checkout>/.versionless/work/react-boilerplate-v4-node24/target/node_modules/@babel/polyfill/node_modules/core-js/modules/_string-at.js
<s> [webpack.Progress] 65% building 541/587 modules 46 active <checkout>/.versionless/work/react-boilerplate-v4-node24/target/node_modules/@babel/polyfill/node_modules/core-js/modules/_string-at.js
<s> [webpack.Progress] 65% building 542/587 modules 45 active <checkout>/.versionless/work/react-boilerplate-v4-node24/target/node_modules/@babel/polyfill/node_modules/core-js/modules/_string-at.js
<s> [webpack.Progress] 65% building 542/588 modules 46 active <checkout>/.versionless/work/react-boilerplate-v4-node24/target/node_modules/@babel/polyfill/node_modules/core-js/modules/es6.parse-int.js
<s> [webpack.Progress] 65% building 542/589 modules 47 active <checkout>/.versionless/work/react-boilerplate-v4-node24/target/node_modules/@babel/polyfill/node_modules/core-js/modules/es6.function.has-instance.js
<s> [webpack.Progress] 65% building 542/590 modules 48 active <checkout>/.versionless/work/react-boilerplate-v4-node24/target/node_modules/@babel/polyfill/node_modules/core-js/modules/es6.function.name.js
<s> [webpack.Progress] 65% building 542/591 modules 49 active <checkout>/.versionless/work/react-boilerplate-v4-node24/target/node_modules/@babel/polyfill/node_modules/core-js/modules/es6.function.bind.js
<s> [webpack.Progress] 65% building 543/591 modules 48 active <checkout>/.versionless/work/react-boilerplate-v4-node24/target/node_modules/@babel/polyfill/node_modules/core-js/modules/es6.function.bind.js
<s> [webpack.Progress] 65% building 544/591 modules 47 active <checkout>/.versionless/work/react-boilerplate-v4-node24/target/node_modules/@babel/polyfill/node_modules/core-js/modules/es6.function.bind.js
<s> [webpack.Progress] 65% building 545/591 modules 46 active <checkout>/.versionless/work/react-boilerplate-v4-node24/target/node_modules/@babel/polyfill/node_modules/core-js/modules/es6.function.bind.js
<s> [webpack.Progress] 65% building 546/591 modules 45 active <checkout>/.versionless/work/react-boilerplate-v4-node24/target/node_modules/@babel/polyfill/node_modules/core-js/modules/es6.function.bind.js
<s> [webpack.Progress] 65% building 547/591 modules 44 active <checkout>/.versionless/work/react-boilerplate-v4-node24/target/node_modules/@babel/polyfill/node_modules/core-js/modules/es6.function.bind.js
<s> [webpack.Progress] 65% building 548/591 modules 43 active <checkout>/.versionless/work/react-boilerplate-v4-node24/target/node_modules/@babel/polyfill/node_modules/core-js/modules/es6.function.bind.js
<s> [webpack.Progress] 65% building 549/591 modules 42 active <checkout>/.versionless/work/react-boilerplate-v4-node24/target/node_modules/@babel/polyfill/node_modules/core-js/modules/es6.function.bind.js
<s> [webpack.Progress] 65% building 550/591 modules 41 active <checkout>/.versionless/work/react-boilerplate-v4-node24/target/node_modules/@babel/polyfill/node_modules/core-js/modules/es6.function.bind.js
<s> [webpack.Progress] 65% building 550/592 modules 42 active <checkout>/.versionless/work/react-boilerplate-v4-node24/target/node_modules/@babel/polyfill/node_modules/core-js/modules/es6.object.to-string.js
<s> [webpack.Progress] 65% building 550/593 modules 43 active <checkout>/.versionless/work/react-boilerplate-v4-node24/target/node_modules/@babel/polyfill/node_modules/core-js/modules/es6.object.set-prototype-of.js
<s> [webpack.Progress] 65% building 551/593 modules 42 active <checkout>/.versionless/work/react-boilerplate-v4-node24/target/node_modules/@babel/polyfill/node_modules/core-js/modules/es6.object.set-prototype-of.js
<s> [webpack.Progress] 65% building 552/593 modules 41 active <checkout>/.versionless/work/react-boilerplate-v4-node24/target/node_modules/@babel/polyfill/node_modules/core-js/modules/es6.object.set-prototype-of.js
<s> [webpack.Progress] 65% building 553/593 modules 40 active <checkout>/.versionless/work/react-boilerplate-v4-node24/target/node_modules/@babel/polyfill/node_modules/core-js/modules/es6.object.set-prototype-of.js
<s> [webpack.Progress] 66% building 554/593 modules 39 active <checkout>/.versionless/work/react-boilerplate-v4-node24/target/node_modules/@babel/polyfill/node_modules/core-js/modules/es6.object.set-prototype-of.js
<s> [webpack.Progress] 66% building 555/593 modules 38 active <checkout>/.versionless/work/react-boilerplate-v4-node24/target/node_modules/@babel/polyfill/node_modules/core-js/modules/es6.object.set-prototype-of.js
<s> [webpack.Progress] 66% building 555/594 modules 39 active <checkout>/.versionless/work/react-boilerplate-v4-node24/target/node_modules/@babel/polyfill/node_modules/core-js/modules/es6.object.is.js
<s> [webpack.Progress] 66% building 556/594 modules 38 active <checkout>/.versionless/work/react-boilerplate-v4-node24/target/node_modules/@babel/polyfill/node_modules/core-js/modules/es6.object.is.js
<s> [webpack.Progress] 66% building 557/594 modules 37 active <checkout>/.versionless/work/react-boilerplate-v4-node24/target/node_modules/@babel/polyfill/node_modules/core-js/modules/es6.object.is.js
<s> [webpack.Progress] 66% building 557/595 modules 38 active <checkout>/.versionless/work/react-boilerplate-v4-node24/target/node_modules/@babel/polyfill/node_modules/core-js/modules/es6.object.is-extensible.js
<s> [webpack.Progress] 66% building 557/596 modules 39 active <checkout>/.versionless/work/react-boilerplate-v4-node24/target/node_modules/@babel/polyfill/node_modules/core-js/modules/es6.object.assign.js
<s> [webpack.Progress] 65% building 557/597 modules 40 active <checkout>/.versionless/work/react-boilerplate-v4-node24/target/node_modules/@babel/polyfill/node_modules/core-js/modules/es6.object.prevent-extensions.js
<s> [webpack.Progress] 65% building 557/598 modules 41 active <checkout>/.versionless/work/react-boilerplate-v4-node24/target/node_modules/@babel/polyfill/node_modules/core-js/modules/es6.object.freeze.js
<s> [webpack.Progress] 65% building 557/599 modules 42 active <checkout>/.versionless/work/react-boilerplate-v4-node24/target/node_modules/@babel/polyfill/node_modules/core-js/modules/es6.object.is-sealed.js
<s> [webpack.Progress] 65% building 557/600 modules 43 active <checkout>/.versionless/work/react-boilerplate-v4-node24/target/node_modules/@babel/polyfill/node_modules/core-js/modules/es6.object.is-frozen.js
<s> [webpack.Progress] 65% building 557/601 modules 44 active <checkout>/.versionless/work/react-boilerplate-v4-node24/target/node_modules/@babel/polyfill/node_modules/core-js/modules/es6.object.seal.js
<s> [webpack.Progress] 65% building 557/602 modules 45 active <checkout>/.versionless/work/react-boilerplate-v4-node24/target/node_modules/@babel/polyfill/node_modules/core-js/modules/es6.object.get-own-property-names.js
<s> [webpack.Progress] 65% building 558/602 modules 44 active <checkout>/.versionless/work/react-boilerplate-v4-node24/target/node_modules/@babel/polyfill/node_modules/core-js/modules/es6.object.get-own-property-names.js
<s> [webpack.Progress] 65% building 559/602 modules 43 active <checkout>/.versionless/work/react-boilerplate-v4-node24/target/node_modules/@babel/polyfill/node_modules/core-js/modules/es6.object.get-own-property-names.js
<s> [webpack.Progress] 65% building 560/602 modules 42 active <checkout>/.versionless/work/react-boilerplate-v4-node24/target/node_modules/@babel/polyfill/node_modules/core-js/modules/es6.object.get-own-property-names.js
<s> [webpack.Progress] 65% building 561/602 modules 41 active <checkout>/.versionless/work/react-boilerplate-v4-node24/target/node_modules/@babel/polyfill/node_modules/core-js/modules/es6.object.get-own-property-names.js
<s> [webpack.Progress] 66% building 562/602 modules 40 active <checkout>/.versionless/work/react-boilerplate-v4-node24/target/node_modules/@babel/polyfill/node_modules/core-js/modules/es6.object.get-own-property-names.js
<s> [webpack.Progress] 66% building 563/602 modules 39 active <checkout>/.versionless/work/react-boilerplate-v4-node24/target/node_modules/@babel/polyfill/node_modules/core-js/modules/es6.object.get-own-property-names.js
<s> [webpack.Progress] 66% building 564/602 modules 38 active <checkout>/.versionless/work/react-boilerplate-v4-node24/target/node_modules/@babel/polyfill/node_modules/core-js/modules/es6.object.get-own-property-names.js
<s> [webpack.Progress] 66% building 565/602 modules 37 active <checkout>/.versionless/work/react-boilerplate-v4-node24/target/node_modules/@babel/polyfill/node_modules/core-js/modules/es6.object.get-own-property-names.js
<s> [webpack.Progress] 66% building 566/602 modules 36 active <checkout>/.versionless/work/react-boilerplate-v4-node24/target/node_modules/@babel/polyfill/node_modules/core-js/modules/es6.object.get-own-property-names.js
<s> [webpack.Progress] 66% building 567/602 modules 35 active <checkout>/.versionless/work/react-boilerplate-v4-node24/target/node_modules/@babel/polyfill/node_modules/core-js/modules/es6.object.get-own-property-names.js
<s> [webpack.Progress] 66% building 568/602 modules 34 active <checkout>/.versionless/work/react-boilerplate-v4-node24/target/node_modules/@babel/polyfill/node_modules/core-js/modules/es6.object.get-own-property-names.js
<s> [webpack.Progress] 66% building 568/603 modules 35 active <checkout>/.versionless/work/react-boilerplate-v4-node24/target/node_modules/webpack/buildin/module.js
<s> [webpack.Progress] 66% building 569/603 modules 34 active <checkout>/.versionless/work/react-boilerplate-v4-node24/target/node_modules/webpack/buildin/module.js
<s> [webpack.Progress] 66% building 570/603 modules 33 active <checkout>/.versionless/work/react-boilerplate-v4-node24/target/node_modules/webpack/buildin/module.js
<s> [webpack.Progress] 66% building 571/603 modules 32 active <checkout>/.versionless/work/react-boilerplate-v4-node24/target/node_modules/webpack/buildin/module.js
<s> [webpack.Progress] 66% building 572/603 modules 31 active <checkout>/.versionless/work/react-boilerplate-v4-node24/target/node_modules/webpack/buildin/module.js
<s> [webpack.Progress] 67% building 573/603 modules 30 active <checkout>/.versionless/work/react-boilerplate-v4-node24/target/node_modules/webpack/buildin/module.js
<s> [webpack.Progress] 67% building 574/603 modules 29 active <checkout>/.versionless/work/react-boilerplate-v4-node24/target/node_modules/webpack/buildin/module.js
<s> [webpack.Progress] 67% building 575/603 modules 28 active <checkout>/.versionless/work/react-boilerplate-v4-node24/target/node_modules/webpack/buildin/module.js
<s> [webpack.Progress] 67% building 576/603 modules 27 active <checkout>/.versionless/work/react-boilerplate-v4-node24/target/node_modules/webpack/buildin/module.js
<s> [webpack.Progress] 67% building 577/603 modules 26 active <checkout>/.versionless/work/react-boilerplate-v4-node24/target/node_modules/webpack/buildin/module.js
<s> [webpack.Progress] 67% building 578/603 modules 25 active <checkout>/.versionless/work/react-boilerplate-v4-node24/target/node_modules/webpack/buildin/module.js
<s> [webpack.Progress] 67% building 579/603 modules 24 active <checkout>/.versionless/work/react-boilerplate-v4-node24/target/node_modules/webpack/buildin/module.js
<s> [webpack.Progress] 67% building 580/603 modules 23 active <checkout>/.versionless/work/react-boilerplate-v4-node24/target/node_modules/webpack/buildin/module.js
<s> [webpack.Progress] 67% building 581/603 modules 22 active <checkout>/.versionless/work/react-boilerplate-v4-node24/target/node_modules/webpack/buildin/module.js
<s> [webpack.Progress] 67% building 582/603 modules 21 active <checkout>/.versionless/work/react-boilerplate-v4-node24/target/node_modules/webpack/buildin/module.js
<s> [webpack.Progress] 67% building 582/604 modules 22 active <checkout>/.versionless/work/react-boilerplate-v4-node24/target/node_modules/lodash/_Symbol.js
<s> [webpack.Progress] 67% building 582/605 modules 23 active <checkout>/.versionless/work/react-boilerplate-v4-node24/target/node_modules/lodash/_getRawTag.js
<s> [webpack.Progress] 67% building 582/606 modules 24 active <checkout>/.versionless/work/react-boilerplate-v4-node24/target/node_modules/lodash/_objectToString.js
<s> [webpack.Progress] 67% building 583/606 modules 23 active <checkout>/.versionless/work/react-boilerplate-v4-node24/target/node_modules/lodash/_objectToString.js
<s> [webpack.Progress] 67% building 583/607 modules 24 active <checkout>/.versionless/work/react-boilerplate-v4-node24/target/node_modules/lodash/_nativeKeys.js
<s> [webpack.Progress] 67% building 583/608 modules 25 active <checkout>/.versionless/work/react-boilerplate-v4-node24/target/node_modules/lodash/_baseIsTypedArray.js
<s> [webpack.Progress] 67% building 583/609 modules 26 active <checkout>/.versionless/work/react-boilerplate-v4-node24/target/node_modules/lodash/_baseUnary.js
<s> [webpack.Progress] 67% building 583/610 modules 27 active <checkout>/.versionless/work/react-boilerplate-v4-node24/target/node_modules/lodash/_nodeUtil.js
<s> [webpack.Progress] 67% building 583/611 modules 28 active <checkout>/.versionless/work/react-boilerplate-v4-node24/target/node_modules/lodash/_root.js
<s> [webpack.Progress] 67% building 584/611 modules 27 active <checkout>/.versionless/work/react-boilerplate-v4-node24/target/node_modules/lodash/_root.js
<s> [webpack.Progress] 67% building 584/612 modules 28 active <checkout>/.versionless/work/react-boilerplate-v4-node24/target/node_modules/lodash/stubFalse.js
<s> [webpack.Progress] 67% building 585/612 modules 27 active <checkout>/.versionless/work/react-boilerplate-v4-node24/target/node_modules/lodash/stubFalse.js
<s> [webpack.Progress] 67% building 585/613 modules 28 active <checkout>/.versionless/work/react-boilerplate-v4-node24/target/node_modules/lodash/isLength.js
<s> [webpack.Progress] 67% building 586/613 modules 27 active <checkout>/.versionless/work/react-boilerplate-v4-node24/target/node_modules/lodash/isLength.js
<s> [webpack.Progress] 67% building 586/614 modules 28 active <checkout>/.versionless/work/react-boilerplate-v4-node24/target/node_modules/lodash/_baseIsArguments.js
<s> [webpack.Progress] 67% building 586/615 modules 29 active <checkout>/.versionless/work/react-boilerplate-v4-node24/target/node_modules/lodash/_DataView.js
<s> [webpack.Progress] 67% building 586/616 modules 30 active <checkout>/.versionless/work/react-boilerplate-v4-node24/target/node_modules/lodash/_Map.js
<s> [webpack.Progress] 66% building 586/617 modules 31 active <checkout>/.versionless/work/react-boilerplate-v4-node24/target/node_modules/lodash/_Promise.js
<s> [webpack.Progress] 66% building 586/618 modules 32 active <checkout>/.versionless/work/react-boilerplate-v4-node24/target/node_modules/lodash/_Set.js
<s> [webpack.Progress] 66% building 586/619 modules 33 active <checkout>/.versionless/work/react-boilerplate-v4-node24/target/node_modules/lodash/_WeakMap.js
<s> [webpack.Progress] 66% building 586/620 modules 34 active <checkout>/.versionless/work/react-boilerplate-v4-node24/target/node_modules/lodash/_toSource.js
<s> [webpack.Progress] 66% building 586/621 modules 35 active <checkout>/.versionless/work/react-boilerplate-v4-node24/target/node_modules/lodash/_arrayLikeKeys.js
<s> [webpack.Progress] 66% building 587/621 modules 34 active <checkout>/.versionless/work/react-boilerplate-v4-node24/target/node_modules/lodash/_arrayLikeKeys.js
<s> [webpack.Progress] 66% building 587/622 modules 35 active <checkout>/.versionless/work/react-boilerplate-v4-node24/target/node_modules/babel-loader/lib/index.js!<checkout>/.versionless/work/react-boilerplate-v4-node24/target/app/components/ToggleOption/index.js
<s> [webpack.Progress] 66% building 588/622 modules 34 active <checkout>/.versionless/work/react-boilerplate-v4-node24/target/node_modules/babel-loader/lib/index.js!<checkout>/.versionless/work/react-boilerplate-v4-node24/target/app/components/ToggleOption/index.js
<s> [webpack.Progress] 66% building 588/623 modules 35 active <checkout>/.versionless/work/react-boilerplate-v4-node24/target/node_modules/@redux-saga/core/dist/redux-saga-effects.prod.cjs.js
<s> [webpack.Progress] 66% building 589/623 modules 34 active <checkout>/.versionless/work/react-boilerplate-v4-node24/target/node_modules/@redux-saga/core/dist/redux-saga-effects.prod.cjs.js
<s> [webpack.Progress] 66% building 590/623 modules 33 active <checkout>/.versionless/work/react-boilerplate-v4-node24/target/node_modules/@redux-saga/core/dist/redux-saga-effects.prod.cjs.js
<s> [webpack.Progress] 66% building 591/623 modules 32 active <checkout>/.versionless/work/react-boilerplate-v4-node24/target/node_modules/@redux-saga/core/dist/redux-saga-effects.prod.cjs.js
<s> [webpack.Progress] 66% building 591/624 modules 33 active <checkout>/.versionless/work/react-boilerplate-v4-node24/target/node_modules/fbjs/lib/warning.js
<s> [webpack.Progress] 66% building 592/624 modules 32 active <checkout>/.versionless/work/react-boilerplate-v4-node24/target/node_modules/fbjs/lib/warning.js
<s> [webpack.Progress] 67% building 593/624 modules 31 active <checkout>/.versionless/work/react-boilerplate-v4-node24/target/node_modules/fbjs/lib/warning.js
<s> [webpack.Progress] 67% building 594/624 modules 30 active <checkout>/.versionless/work/react-boilerplate-v4-node24/target/node_modules/fbjs/lib/warning.js
<s> [webpack.Progress] 67% building 595/624 modules 29 active <checkout>/.versionless/work/react-boilerplate-v4-node24/target/node_modules/fbjs/lib/warning.js
<s> [webpack.Progress] 67% building 596/624 modules 28 active <checkout>/.versionless/work/react-boilerplate-v4-node24/target/node_modules/fbjs/lib/warning.js
<s> [webpack.Progress] 67% building 597/624 modules 27 active <checkout>/.versionless/work/react-boilerplate-v4-node24/target/node_modules/fbjs/lib/warning.js
<s> [webpack.Progress] 67% building 598/624 modules 26 active <checkout>/.versionless/work/react-boilerplate-v4-node24/target/node_modules/fbjs/lib/warning.js
<s> [webpack.Progress] 67% building 599/624 modules 25 active <checkout>/.versionless/work/react-boilerplate-v4-node24/target/node_modules/fbjs/lib/warning.js
<s> [webpack.Progress] 67% building 600/624 modules 24 active <checkout>/.versionless/work/react-boilerplate-v4-node24/target/node_modules/fbjs/lib/warning.js
<s> [webpack.Progress] 67% building 601/624 modules 23 active <checkout>/.versionless/work/react-boilerplate-v4-node24/target/node_modules/fbjs/lib/warning.js
<s> [webpack.Progress] 67% building 602/624 modules 22 active <checkout>/.versionless/work/react-boilerplate-v4-node24/target/node_modules/fbjs/lib/warning.js
<s> [webpack.Progress] 67% building 603/624 modules 21 active <checkout>/.versionless/work/react-boilerplate-v4-node24/target/node_modules/fbjs/lib/warning.js
<s> [webpack.Progress] 67% building 603/625 modules 22 active <checkout>/.versionless/work/react-boilerplate-v4-node24/target/node_modules/@babel/polyfill/node_modules/core-js/modules/_math-expm1.js
<s> [webpack.Progress] 67% building 603/626 modules 23 active <checkout>/.versionless/work/react-boilerplate-v4-node24/target/node_modules/@babel/polyfill/node_modules/core-js/modules/_math-sign.js
<s> [webpack.Progress] 67% building 603/627 modules 24 active <checkout>/.versionless/work/react-boilerplate-v4-node24/target/node_modules/@babel/polyfill/node_modules/core-js/modules/_math-log1p.js
<s> [webpack.Progress] 67% building 603/628 modules 25 active <checkout>/.versionless/work/react-boilerplate-v4-node24/target/node_modules/@babel/polyfill/node_modules/core-js/modules/_math-fround.js
<s> [webpack.Progress] 67% building 603/629 modules 26 active <checkout>/.versionless/work/react-boilerplate-v4-node24/target/node_modules/isarray/index.js
<s> [webpack.Progress] 67% building 603/630 modules 27 active <checkout>/.versionless/work/react-boilerplate-v4-node24/target/node_modules/@babel/polyfill/node_modules/core-js/modules/_parse-float.js
<s> [webpack.Progress] 67% building 603/631 modules 28 active <checkout>/.versionless/work/react-boilerplate-v4-node24/target/node_modules/@babel/polyfill/node_modules/core-js/modules/_parse-int.js
<s> [webpack.Progress] 67% building 604/631 modules 27 active <checkout>/.versionless/work/react-boilerplate-v4-node24/target/node_modules/@babel/polyfill/node_modules/core-js/modules/_parse-int.js
<s> [webpack.Progress] 67% building 605/631 modules 26 active <checkout>/.versionless/work/react-boilerplate-v4-node24/target/node_modules/@babel/polyfill/node_modules/core-js/modules/_parse-int.js
<s> [webpack.Progress] 67% building 606/631 modules 25 active <checkout>/.versionless/work/react-boilerplate-v4-node24/target/node_modules/@babel/polyfill/node_modules/core-js/modules/_parse-int.js
<s> [webpack.Progress] 67% building 607/631 modules 24 active <checkout>/.versionless/work/react-boilerplate-v4-node24/target/node_modules/@babel/polyfill/node_modules/core-js/modules/_parse-int.js
<s> [webpack.Progress] 67% building 608/631 modules 23 active <checkout>/.versionless/work/react-boilerplate-v4-node24/target/node_modules/@babel/polyfill/node_modules/core-js/modules/_parse-int.js
<s> [webpack.Progress] 67% building 609/631 modules 22 active <checkout>/.versionless/work/react-boilerplate-v4-node24/target/node_modules/@babel/polyfill/node_modules/core-js/modules/_parse-int.js
<s> [webpack.Progress] 68% building 610/631 modules 21 active <checkout>/.versionless/work/react-boilerplate-v4-node24/target/node_modules/@babel/polyfill/node_modules/core-js/modules/_parse-int.js
<s> [webpack.Progress] 68% building 611/631 modules 20 active <checkout>/.versionless/work/react-boilerplate-v4-node24/target/node_modules/@babel/polyfill/node_modules/core-js/modules/_parse-int.js
<s> [webpack.Progress] 68% building 612/631 modules 19 active <checkout>/.versionless/work/react-boilerplate-v4-node24/target/node_modules/@babel/polyfill/node_modules/core-js/modules/_parse-int.js
<s> [webpack.Progress] 68% building 613/631 modules 18 active <checkout>/.versionless/work/react-boilerplate-v4-node24/target/node_modules/@babel/polyfill/node_modules/core-js/modules/_parse-int.js
<s> [webpack.Progress] 68% building 614/631 modules 17 active <checkout>/.versionless/work/react-boilerplate-v4-node24/target/node_modules/@babel/polyfill/node_modules/core-js/modules/_parse-int.js
<s> [webpack.Progress] 68% building 615/631 modules 16 active <checkout>/.versionless/work/react-boilerplate-v4-node24/target/node_modules/@babel/polyfill/node_modules/core-js/modules/_parse-int.js
<s> [webpack.Progress] 68% building 616/631 modules 15 active <checkout>/.versionless/work/react-boilerplate-v4-node24/target/node_modules/@babel/polyfill/node_modules/core-js/modules/_parse-int.js
<s> [webpack.Progress] 68% building 617/631 modules 14 active <checkout>/.versionless/work/react-boilerplate-v4-node24/target/node_modules/@babel/polyfill/node_modules/core-js/modules/_parse-int.js
<s> [webpack.Progress] 68% building 618/631 modules 13 active <checkout>/.versionless/work/react-boilerplate-v4-node24/target/node_modules/@babel/polyfill/node_modules/core-js/modules/_parse-int.js
<s> [webpack.Progress] 68% building 619/631 modules 12 active <checkout>/.versionless/work/react-boilerplate-v4-node24/target/node_modules/@babel/polyfill/node_modules/core-js/modules/_parse-int.js
<s> [webpack.Progress] 68% building 620/631 modules 11 active <checkout>/.versionless/work/react-boilerplate-v4-node24/target/node_modules/@babel/polyfill/node_modules/core-js/modules/_parse-int.js
<s> [webpack.Progress] 69% building 621/631 modules 10 active <checkout>/.versionless/work/react-boilerplate-v4-node24/target/node_modules/@babel/polyfill/node_modules/core-js/modules/_parse-int.js
<s> [webpack.Progress] 68% building 621/632 modules 11 active <checkout>/.versionless/work/react-boilerplate-v4-node24/target/node_modules/@babel/polyfill/node_modules/core-js/modules/_is-integer.js
<s> [webpack.Progress] 69% building 622/632 modules 10 active <checkout>/.versionless/work/react-boilerplate-v4-node24/target/node_modules/@babel/polyfill/node_modules/core-js/modules/_is-integer.js
<s> [webpack.Progress] 69% building 623/632 modules 9 active <checkout>/.versionless/work/react-boilerplate-v4-node24/target/node_modules/@babel/polyfill/node_modules/core-js/modules/_is-integer.js
<s> [webpack.Progress] 69% building 623/633 modules 10 active <checkout>/.versionless/work/react-boilerplate-v4-node24/target/node_modules/@babel/polyfill/node_modules/core-js/modules/_a-number-value.js
<s> [webpack.Progress] 69% building 624/633 modules 9 active <checkout>/.versionless/work/react-boilerplate-v4-node24/target/node_modules/@babel/polyfill/node_modules/core-js/modules/_a-number-value.js
<s> [webpack.Progress] 69% building 625/633 modules 8 active <checkout>/.versionless/work/react-boilerplate-v4-node24/target/node_modules/@babel/polyfill/node_modules/core-js/modules/_a-number-value.js
<s> [webpack.Progress] 69% building 626/633 modules 7 active <checkout>/.versionless/work/react-boilerplate-v4-node24/target/node_modules/@babel/polyfill/node_modules/core-js/modules/_a-number-value.js
<s> [webpack.Progress] 69% building 627/633 modules 6 active <checkout>/.versionless/work/react-boilerplate-v4-node24/target/node_modules/@babel/polyfill/node_modules/core-js/modules/_a-number-value.js
<s> [webpack.Progress] 69% building 627/634 modules 7 active <checkout>/.versionless/work/react-boilerplate-v4-node24/target/node_modules/gud/index.js
<s> [webpack.Progress] 69% building 628/634 modules 6 active <checkout>/.versionless/work/react-boilerplate-v4-node24/target/node_modules/gud/index.js
<s> [webpack.Progress] 69% building 629/634 modules 5 active <checkout>/.versionless/work/react-boilerplate-v4-node24/target/node_modules/gud/index.js
<s> [webpack.Progress] 69% building 630/634 modules 4 active <checkout>/.versionless/work/react-boilerplate-v4-node24/target/node_modules/gud/index.js
<s> [webpack.Progress] 69% building 631/634 modules 3 active <checkout>/.versionless/work/react-boilerplate-v4-node24/target/node_modules/gud/index.js
<s> [webpack.Progress] 69% building 632/634 modules 2 active <checkout>/.versionless/work/react-boilerplate-v4-node24/target/node_modules/gud/index.js
<s> [webpack.Progress] 69% building 632/635 modules 3 active <checkout>/.versionless/work/react-boilerplate-v4-node24/target/node_modules/lodash/_overArg.js
<s> [webpack.Progress] 69% building 633/635 modules 2 active <checkout>/.versionless/work/react-boilerplate-v4-node24/target/node_modules/lodash/_overArg.js
<s> [webpack.Progress] 69% building 633/636 modules 3 active <checkout>/.versionless/work/react-boilerplate-v4-node24/target/node_modules/lodash/_getNative.js
<s> [webpack.Progress] 69% building 633/637 modules 4 active <checkout>/.versionless/work/react-boilerplate-v4-node24/target/node_modules/lodash/_isIndex.js
<s> [webpack.Progress] 69% building 633/638 modules 5 active <checkout>/.versionless/work/react-boilerplate-v4-node24/target/node_modules/lodash/_freeGlobal.js
<s> [webpack.Progress] 69% building 633/639 modules 6 active <checkout>/.versionless/work/react-boilerplate-v4-node24/target/node_modules/lodash/_baseTimes.js
<s> [webpack.Progress] 69% building 633/640 modules 7 active <checkout>/.versionless/work/react-boilerplate-v4-node24/target/node_modules/fbjs/lib/emptyFunction.js
<s> [webpack.Progress] 69% building 633/641 modules 8 active <checkout>/.versionless/work/react-boilerplate-v4-node24/target/node_modules/babel-loader/lib/index.js!<checkout>/.versionless/work/react-boilerplate-v4-node24/target/app/components/IssueIcon/index.js
<s> [webpack.Progress] 69% building 634/641 modules 7 active <checkout>/.versionless/work/react-boilerplate-v4-node24/target/node_modules/babel-loader/lib/index.js!<checkout>/.versionless/work/react-boilerplate-v4-node24/target/app/components/IssueIcon/index.js
<s> [webpack.Progress] 69% building 635/641 modules 6 active <checkout>/.versionless/work/react-boilerplate-v4-node24/target/node_modules/babel-loader/lib/index.js!<checkout>/.versionless/work/react-boilerplate-v4-node24/target/app/components/IssueIcon/index.js
<s> [webpack.Progress] 69% building 636/641 modules 5 active <checkout>/.versionless/work/react-boilerplate-v4-node24/target/node_modules/babel-loader/lib/index.js!<checkout>/.versionless/work/react-boilerplate-v4-node24/target/app/components/IssueIcon/index.js
<s> [webpack.Progress] 69% building 637/641 modules 4 active <checkout>/.versionless/work/react-boilerplate-v4-node24/target/node_modules/babel-loader/lib/index.js!<checkout>/.versionless/work/react-boilerplate-v4-node24/target/app/components/IssueIcon/index.js
<s> [webpack.Progress] 69% building 638/641 modules 3 active <checkout>/.versionless/work/react-boilerplate-v4-node24/target/node_modules/babel-loader/lib/index.js!<checkout>/.versionless/work/react-boilerplate-v4-node24/target/app/components/IssueIcon/index.js
<s> [webpack.Progress] 69% building 639/641 modules 2 active <checkout>/.versionless/work/react-boilerplate-v4-node24/target/node_modules/babel-loader/lib/index.js!<checkout>/.versionless/work/react-boilerplate-v4-node24/target/app/components/IssueIcon/index.js
<s> [webpack.Progress] 69% building 640/641 modules 1 active <checkout>/.versionless/work/react-boilerplate-v4-node24/target/node_modules/babel-loader/lib/index.js!<checkout>/.versionless/work/react-boilerplate-v4-node24/target/app/components/IssueIcon/index.js
<s> [webpack.Progress] 70% building 641/641 modules 0 active 
<s> [webpack.Progress] 69% building 641/642 modules 1 active <checkout>/.versionless/work/react-boilerplate-v4-node24/target/node_modules/lodash/_baseIsNative.js
<s> [webpack.Progress] 69% building 641/643 modules 2 active <checkout>/.versionless/work/react-boilerplate-v4-node24/target/node_modules/lodash/_getValue.js
<s> [webpack.Progress] 69% building 642/643 modules 1 active <checkout>/.versionless/work/react-boilerplate-v4-node24/target/node_modules/lodash/_getValue.js
<s> [webpack.Progress] 70% building 643/643 modules 0 active 
<s> [webpack.Progress] 69% building 643/644 modules 1 active <checkout>/.versionless/work/react-boilerplate-v4-node24/target/node_modules/lodash/_isMasked.js
<s> [webpack.Progress] 70% building 644/644 modules 0 active 
<s> [webpack.Progress] 69% building 644/645 modules 1 active <checkout>/.versionless/work/react-boilerplate-v4-node24/target/node_modules/lodash/_coreJsData.js
<s> [webpack.Progress] 70% building 645/645 modules 0 active 
<s> [webpack.Progress] 70% building 645/645 modules 0 active 
<s> [webpack.Progress] 70% finish module graph
<s> [webpack.Progress] 70% finish module graph FlagDependencyExportsPlugin
<s> [webpack.Progress] 70% finish module graph WasmFinalizeExportsPlugin
<s> [webpack.Progress] 70% sealing
<s> [webpack.Progress] 70% sealing WarnCaseSensitiveModulesPlugin
<s> [webpack.Progress] 72% basic dependencies optimization
<s> [webpack.Progress] 72% dependencies optimization
<s> [webpack.Progress] 72% dependencies optimization SideEffectsFlagPlugin
<s> [webpack.Progress] 72% dependencies optimization FlagDependencyUsagePlugin
<s> [webpack.Progress] 73% advanced dependencies optimization
<s> [webpack.Progress] 73% after dependencies optimization
<s> [webpack.Progress] 71% chunk graph
<s> [webpack.Progress] 71% after chunk graph
<s> [webpack.Progress] 71% after chunk graph WebAssemblyModulesPlugin
<s> [webpack.Progress] 74% optimizing
<s> [webpack.Progress] 74% basic module optimization
<s> [webpack.Progress] 75% module optimization
<s> [webpack.Progress] 75% advanced module optimization
<s> [webpack.Progress] 76% after module optimization
<s> [webpack.Progress] 76% basic chunk optimization
<s> [webpack.Progress] 76% basic chunk optimization EnsureChunkConditionsPlugin
<s> [webpack.Progress] 76% basic chunk optimization RemoveParentModulesPlugin
<s> [webpack.Progress] 76% basic chunk optimization RemoveEmptyChunksPlugin
<s> [webpack.Progress] 76% basic chunk optimization MergeDuplicateChunksPlugin
<s> [webpack.Progress] 77% chunk optimization
<s> [webpack.Progress] 77% advanced chunk optimization
<s> [webpack.Progress] 77% advanced chunk optimization SplitChunksPlugin
<s> [webpack.Progress] 77% advanced chunk optimization RuntimeChunkPlugin
<s> [webpack.Progress] 77% advanced chunk optimization RemoveEmptyChunksPlugin
<s> [webpack.Progress] 77% after chunk optimization
<s> [webpack.Progress] 78% module and chunk tree optimization
<s> [webpack.Progress] 78% after module and chunk tree optimization
<s> [webpack.Progress] 79% basic chunk modules optimization
<s> [webpack.Progress] 80% chunk modules optimization
<s> [webpack.Progress] 80% chunk modules optimization ModuleConcatenationPlugin
<s> [webpack.Progress] 80% advanced chunk modules optimization
<s> [webpack.Progress] 81% after chunk modules optimization
<s> [webpack.Progress] 81% module reviving
<s> [webpack.Progress] 81% module reviving RecordIdsPlugin
<s> [webpack.Progress] 82% module order optimization
<s> [webpack.Progress] 82% module order optimization OccurrenceOrderModuleIdsPlugin
<s> [webpack.Progress] 82% advanced module order optimization
<s> [webpack.Progress] 83% before module ids
<s> [webpack.Progress] 83% before module ids HashedModuleIdsPlugin
<s> [webpack.Progress] 83% module ids
<s> [webpack.Progress] 84% module id optimization
<s> [webpack.Progress] 84% module id optimization
<s> [webpack.Progress] 85% chunk reviving
<s> [webpack.Progress] 85% chunk reviving RecordIdsPlugin
<s> [webpack.Progress] 85% chunk order optimization
<s> [webpack.Progress] 85% chunk order optimization OccurrenceOrderChunkIdsPlugin
<s> [webpack.Progress] 86% before chunk ids
<s> [webpack.Progress] 86% chunk id optimization
<s> [webpack.Progress] 86% chunk id optimization FlagIncludedChunksPlugin
<s> [webpack.Progress] 87% after chunk id optimization
<s> [webpack.Progress] 87% record modules
<s> [webpack.Progress] 87% record modules RecordIdsPlugin
<s> [webpack.Progress] 87% record chunks
<s> [webpack.Progress] 87% record chunks RecordIdsPlugin
<s> [webpack.Progress] 88% hashing
<s> [webpack.Progress] 88% after hashing
<s> [webpack.Progress] 89% record hash
<s> [webpack.Progress] 89% module assets processing
<s> [webpack.Progress] 90% chunk assets processing
<s> [webpack.Progress] 90% additional chunk assets processing
<s> [webpack.Progress] 91% recording
<s> [webpack.Progress] 92% additional asset processing
<s> [webpack.Progress] 92% chunk asset optimization
<s> [webpack.Progress] 92% chunk asset optimization TerserPlugin
<s> [webpack.Progress] 93% after chunk asset optimization
<s> [webpack.Progress] 93% asset optimization
<s> [webpack.Progress] 94% after asset optimization
<s> [webpack.Progress] 94% after seal
<s> [webpack.Progress] 95% emitting
<s> [webpack.Progress] 95% emitting HtmlWebpackPlugin
<s> [webpack.Progress] 95% emitting OfflinePlugin
<s> [webpack.Progress] 95% emitting CompressionPlugin
<s> [webpack.Progress] 95% emitting webpack-pwa-manifest
<s> [webpack.Progress] 98% after emitting
<s> [webpack.Progress] 98% after emitting SizeLimitsPlugin
<s> [webpack.Progress] 100% 

