
> react-boilerplate@4.0.0 build
> cross-env NODE_ENV=production webpack --config internals/webpack/webpack.prod.babel.js --color -p --progress --hide-modules --display-optimization-bailout

Hash: 3cfb397ec7917a89159c
Version: webpack 4.47.0
Time: <duration>
Built at: <normalized>
                                                   Asset       Size  Chunks                         Chunk Names
                                               .htaccess   1.75 KiB          [emitted]              
                        14.fc0c2f58c66af061b82c.chunk.js   4.64 KiB      14  [emitted] [immutable]  
                        15.c272fd646ae8d46595eb.chunk.js   12.6 KiB      15  [emitted] [immutable]  
                     15.c272fd646ae8d46595eb.chunk.js.gz   4.41 KiB          [emitted]              
                        16.ed48b24c546e037e3862.chunk.js  932 bytes      16  [emitted] [immutable]  
                        17.5f36ecf689fcbad29999.chunk.js   79 bytes      17  [emitted] [immutable]  
                    2f1a976c9c35ffed9b7e23cf2cbf8f19.jpg    201 KiB          [emitted]              
                         3.d1d1e4296170eb0fe823.chunk.js  249 bytes       3  [emitted] [immutable]  
                                             favicon.ico    361 KiB          [emitted]              
       icon_120x120.2f7752bee9dcd06e998fd44640e47485.png     11 KiB          [emitted]              
       icon_128x128.e76c240129e3d6ee2eb7df8f1e9c7b0f.png   10.7 KiB          [emitted]              
       icon_144x144.f2f644149d1ca21bccb120d44e79c824.png   13.3 KiB          [emitted]              
       icon_152x152.80d43cecdc663299328632b85127117b.png   14.2 KiB          [emitted]              
       icon_167x167.9085aba6ea24073fba72a94b7ac731a1.png   15.8 KiB          [emitted]              
       icon_180x180.33285f999db78beed5640085c051e7b1.png   17.4 KiB          [emitted]              
       icon_192x192.9aeb7f7081bf5316fa2c57b439bffdbe.png   18.4 KiB          [emitted]              
       icon_384x384.f2d8221e40ea55159668a02741826386.png   40.3 KiB          [emitted]              
       icon_512x512.dc20f8a86234c4a7a0b08d5cffff9d4d.png   43.3 KiB          [emitted]              
         icon_72x72.0880a778e8031d3cb721b64c1c1059a7.png   6.05 KiB          [emitted]              
         icon_96x96.e26d703c83c9b5844bb4f58c397f4bf2.png   8.46 KiB          [emitted]              
                                              index.html   2.26 KiB          [emitted]              
                      main.b5c3fd468bdbf5a6a90b.chunk.js    297 KiB       4  [emitted] [immutable]  main
                   main.b5c3fd468bdbf5a6a90b.chunk.js.gz   95.7 KiB          [emitted]              
          manifest.47e77a2731a1bb975ed19ced8741b946.json   1.67 KiB          [emitted]              
                 npm.babel.ba4615594a72c7f2b8ff.chunk.js    113 KiB       5  [emitted] [immutable]  npm.babel
              npm.babel.ba4615594a72c7f2b8ff.chunk.js.gz   36.8 KiB          [emitted]              
npm.connected-react-router.918f43a97cfcc4f59649.chunk.js   9.42 KiB       6  [emitted] [immutable]  npm.connected-react-router
    npm.intl-messageformat.ec99a22020a1d32251a8.chunk.js   6.16 KiB       7  [emitted] [immutable]  npm.intl-messageformat
   npm.intl-relativeformat.c7f256f3f3017e9f6851.chunk.js   7.14 KiB       8  [emitted] [immutable]  npm.intl-relativeformat
                  npm.intl.7a7681a4e98e91b91c23.chunk.js   99.7 KiB       0  [emitted] [immutable]  npm.intl
               npm.intl.7a7681a4e98e91b91c23.chunk.js.gz   21.8 KiB          [emitted]              
                npm.lodash.b09ee1d07d538e8825c9.chunk.js    9.2 KiB       9  [emitted] [immutable]  npm.lodash
    npm.react-app-polyfill.627df85c9c910ed65bd1.chunk.js   19.9 KiB      10  [emitted] [immutable]  npm.react-app-polyfill
 npm.react-app-polyfill.627df85c9c910ed65bd1.chunk.js.gz   6.84 KiB          [emitted]              
            npm.react-intl.269ff343481ea33c1a1b.chunk.js   42.5 KiB      11  [emitted] [immutable]  npm.react-intl
         npm.react-intl.269ff343481ea33c1a1b.chunk.js.gz   7.71 KiB          [emitted]              
           npm.react-redux.871cc442cb4493adddb2.chunk.js   20.3 KiB      12  [emitted] [immutable]  npm.react-redux
        npm.react-redux.871cc442cb4493adddb2.chunk.js.gz   6.35 KiB          [emitted]              
            npm.redux-saga.6bdb1989ccc61ae536de.chunk.js   23.1 KiB       1  [emitted] [immutable]  npm.redux-saga
         npm.redux-saga.6bdb1989ccc61ae536de.chunk.js.gz   7.27 KiB          [emitted]              
               npm.webpack.1548bd8a5b334e1e1b1d.chunk.js  917 bytes       2  [emitted] [immutable]  npm.webpack
                         runtime.c385780371cf8e4c1dc1.js   2.42 KiB      13  [emitted] [immutable]  runtime
                                                   sw.js   28.1 KiB          [emitted]              
                                                sw.js.gz   7.73 KiB          [emitted]              
Entrypoint main [big] = runtime.c385780371cf8e4c1dc1.js npm.redux-saga.6bdb1989ccc61ae536de.chunk.js npm.webpack.1548bd8a5b334e1e1b1d.chunk.js npm.babel.ba4615594a72c7f2b8ff.chunk.js npm.react-app-polyfill.627df85c9c910ed65bd1.chunk.js npm.react-redux.871cc442cb4493adddb2.chunk.js npm.connected-react-router.918f43a97cfcc4f59649.chunk.js npm.intl-messageformat.ec99a22020a1d32251a8.chunk.js npm.intl-relativeformat.c7f256f3f3017e9f6851.chunk.js npm.react-intl.269ff343481ea33c1a1b.chunk.js main.b5c3fd468bdbf5a6a90b.chunk.js

WARNING in entrypoint size limit: The following entrypoint(s) combined asset size exceeds the recommended limit (244 KiB). This can impact web performance.
Entrypoints:
  main (245 KiB)
      runtime.c385780371cf8e4c1dc1.js
      npm.redux-saga.6bdb1989ccc61ae536de.chunk.js
      npm.webpack.1548bd8a5b334e1e1b1d.chunk.js
      npm.babel.ba4615594a72c7f2b8ff.chunk.js
      npm.react-app-polyfill.627df85c9c910ed65bd1.chunk.js
      npm.react-redux.871cc442cb4493adddb2.chunk.js
      npm.connected-react-router.918f43a97cfcc4f59649.chunk.js
      npm.intl-messageformat.ec99a22020a1d32251a8.chunk.js
      npm.intl-relativeformat.c7f256f3f3017e9f6851.chunk.js
      npm.react-intl.269ff343481ea33c1a1b.chunk.js

Child __offline_serviceworker:
     1 asset
    Entrypoint __offline_serviceworker = __offline_serviceworker
Child html-webpack-plugin for "index.html":
     1 asset
    Entrypoint undefined = index.html
npm warn Unknown env config "npm-globalconfig". This will stop working in the next major version of npm. See `npm help npmrc` for supported config options.
npm warn Unknown env config "verify-deps-before-run". This will stop working in the next major version of npm. See `npm help npmrc` for supported config options.
npm warn Unknown env config "_jsr-registry". This will stop working in the next major version of npm. See `npm help npmrc` for supported config options.
npm warn Unknown env config "virtual-store-dir". This will stop working in the next major version of npm. See `npm help npmrc` for supported config options.
npm warn Unknown env config "catalogs". This will stop working in the next major version of npm. See `npm help npmrc` for supported config options.
npm warn Unknown env config "state-dir". This will stop working in the next major version of npm. See `npm help npmrc` for supported config options.
npm warn Unknown env config "store-dir". This will stop working in the next major version of npm. See `npm help npmrc` for supported config options.
npm warn Unknown global config "store-dir". This will stop working in the next major version of npm. See `npm help npmrc` for supported config options.
<s> [webpack.Progress] 0% compiling
<s> [webpack.Progress] 10% building 0/0 modules 0 active 
<s> [webpack.Progress] 10% building 0/1 modules 1 active multi <checkout>/.versionless/work/react-boilerplate-v4-node24/target/node_modules/react-app-polyfill/ie11.js <checkout>/.versionless/work/react-boilerplate-v4-node24/target/app/app.js
<s> [webpack.Progress] 10% building 1/1 modules 0 active 
<s> [webpack.Progress] 10% building 1/2 modules 1 active <checkout>/.versionless/work/react-boilerplate-v4-node24/target/node_modules/react-app-polyfill/ie11.js
<s> [webpack.Progress] 10% building 2/2 modules 0 active 
<s> [webpack.Progress] 10% building 2/3 modules 1 active <checkout>/.versionless/work/react-boilerplate-v4-node24/target/node_modules/babel-loader/lib/index.js!<checkout>/.versionless/work/react-boilerplate-v4-node24/target/app/app.js
<s> [webpack.Progress] 10% building 2/4 modules 2 active <checkout>/.versionless/work/react-boilerplate-v4-node24/target/node_modules/react-app-polyfill/node_modules/core-js/es6/symbol.js
<s> [webpack.Progress] 10% building 2/5 modules 3 active <checkout>/.versionless/work/react-boilerplate-v4-node24/target/node_modules/react-app-polyfill/node_modules/core-js/fn/array/from.js
<s> [webpack.Progress] 10% building 2/6 modules 4 active <checkout>/.versionless/work/react-boilerplate-v4-node24/target/node_modules/promise/lib/es6-extensions.js
<s> [webpack.Progress] 10% building 2/7 modules 5 active <checkout>/.versionless/work/react-boilerplate-v4-node24/target/node_modules/promise/lib/rejection-tracking.js
Browserslist: caniuse-lite is outdated. Please run next command `npm update`
<s> [webpack.Progress] 10% building 3/7 modules 4 active <checkout>/.versionless/work/react-boilerplate-v4-node24/target/node_modules/promise/lib/rejection-tracking.js
<s> [webpack.Progress] 10% building 4/7 modules 3 active <checkout>/.versionless/work/react-boilerplate-v4-node24/target/node_modules/promise/lib/rejection-tracking.js
<s> [webpack.Progress] 10% building 5/7 modules 2 active <checkout>/.versionless/work/react-boilerplate-v4-node24/target/node_modules/promise/lib/rejection-tracking.js
<s> [webpack.Progress] 10% building 6/7 modules 1 active <checkout>/.versionless/work/react-boilerplate-v4-node24/target/node_modules/promise/lib/rejection-tracking.js
<s> [webpack.Progress] 10% building 6/8 modules 2 active <checkout>/.versionless/work/react-boilerplate-v4-node24/target/node_modules/whatwg-fetch/dist/fetch.umd.js
<s> [webpack.Progress] 10% building 6/9 modules 3 active <checkout>/.versionless/work/react-boilerplate-v4-node24/target/node_modules/object-assign/index.js
<s> [webpack.Progress] 10% building 7/9 modules 2 active <checkout>/.versionless/work/react-boilerplate-v4-node24/target/node_modules/object-assign/index.js
<s> [webpack.Progress] 10% building 7/10 modules 3 active <checkout>/.versionless/work/react-boilerplate-v4-node24/target/node_modules/babel-loader/lib/index.js!<checkout>/.versionless/work/react-boilerplate-v4-node24/target/app/configureStore.js
<s> [webpack.Progress] 10% building 7/11 modules 4 active <checkout>/.versionless/work/react-boilerplate-v4-node24/target/node_modules/babel-loader/lib/index.js!<checkout>/.versionless/work/react-boilerplate-v4-node24/target/app/i18n.js
<s> [webpack.Progress] 10% building 7/12 modules 5 active <checkout>/.versionless/work/react-boilerplate-v4-node24/target/node_modules/offline-plugin/runtime.js
<s> [webpack.Progress] 10% building 7/13 modules 6 active <checkout>/.versionless/work/react-boilerplate-v4-node24/target/node_modules/promise/lib/core.js
<s> [webpack.Progress] 10% building 7/14 modules 7 active <checkout>/.versionless/work/react-boilerplate-v4-node24/target/node_modules/intl/locale-data/jsonp/en.js
<s> [webpack.Progress] 10% building 7/15 modules 8 active <checkout>/.versionless/work/react-boilerplate-v4-node24/target/node_modules/intl/locale-data/jsonp/de.js
<s> [webpack.Progress] 10% building 8/15 modules 7 active <checkout>/.versionless/work/react-boilerplate-v4-node24/target/node_modules/intl/locale-data/jsonp/de.js
<s> [webpack.Progress] 11% building 9/15 modules 6 active <checkout>/.versionless/work/react-boilerplate-v4-node24/target/node_modules/intl/locale-data/jsonp/de.js
<s> [webpack.Progress] 11% building 9/16 modules 7 active <checkout>/.versionless/work/react-boilerplate-v4-node24/target/node_modules/react-app-polyfill/node_modules/core-js/modules/es6.symbol.js
<s> [webpack.Progress] 11% building 9/17 modules 8 active <checkout>/.versionless/work/react-boilerplate-v4-node24/target/node_modules/react-app-polyfill/node_modules/core-js/modules/_core.js
<s> [webpack.Progress] 11% building 9/18 modules 9 active <checkout>/.versionless/work/react-boilerplate-v4-node24/target/node_modules/react-app-polyfill/node_modules/core-js/modules/es6.string.iterator.js
<s> [webpack.Progress] 11% building 9/19 modules 10 active <checkout>/.versionless/work/react-boilerplate-v4-node24/target/node_modules/react-app-polyfill/node_modules/core-js/modules/es6.array.from.js
<s> [webpack.Progress] 11% building 9/20 modules 11 active <checkout>/.versionless/work/react-boilerplate-v4-node24/target/node_modules/react-app-polyfill/node_modules/core-js/modules/es6.object.to-string.js
<s> [webpack.Progress] 11% building 10/20 modules 10 active <checkout>/.versionless/work/react-boilerplate-v4-node24/target/node_modules/react-app-polyfill/node_modules/core-js/modules/es6.object.to-string.js
<s> [webpack.Progress] 11% building 11/20 modules 9 active <checkout>/.versionless/work/react-boilerplate-v4-node24/target/node_modules/react-app-polyfill/node_modules/core-js/modules/es6.object.to-string.js
<s> [webpack.Progress] 11% building 12/20 modules 8 active <checkout>/.versionless/work/react-boilerplate-v4-node24/target/node_modules/react-app-polyfill/node_modules/core-js/modules/es6.object.to-string.js
<s> [webpack.Progress] 11% building 13/20 modules 7 active <checkout>/.versionless/work/react-boilerplate-v4-node24/target/node_modules/react-app-polyfill/node_modules/core-js/modules/es6.object.to-string.js
<s> [webpack.Progress] 11% building 13/21 modules 8 active <checkout>/.versionless/work/react-boilerplate-v4-node24/target/node_modules/babel-loader/lib/index.js!<checkout>/.versionless/work/react-boilerplate-v4-node24/target/app/utils/history.js
<s> [webpack.Progress] 11% building 14/21 modules 7 active <checkout>/.versionless/work/react-boilerplate-v4-node24/target/node_modules/babel-loader/lib/index.js!<checkout>/.versionless/work/react-boilerplate-v4-node24/target/app/utils/history.js
<s> [webpack.Progress] 11% building 15/21 modules 6 active <checkout>/.versionless/work/react-boilerplate-v4-node24/target/node_modules/babel-loader/lib/index.js!<checkout>/.versionless/work/react-boilerplate-v4-node24/target/app/utils/history.js
<s> [webpack.Progress] 11% building 16/21 modules 5 active <checkout>/.versionless/work/react-boilerplate-v4-node24/target/node_modules/babel-loader/lib/index.js!<checkout>/.versionless/work/react-boilerplate-v4-node24/target/app/utils/history.js
<s> [webpack.Progress] 12% building 17/21 modules 4 active <checkout>/.versionless/work/react-boilerplate-v4-node24/target/node_modules/babel-loader/lib/index.js!<checkout>/.versionless/work/react-boilerplate-v4-node24/target/app/utils/history.js
<s> [webpack.Progress] 12% building 18/21 modules 3 active <checkout>/.versionless/work/react-boilerplate-v4-node24/target/node_modules/babel-loader/lib/index.js!<checkout>/.versionless/work/react-boilerplate-v4-node24/target/app/utils/history.js
<s> [webpack.Progress] 12% building 19/21 modules 2 active <checkout>/.versionless/work/react-boilerplate-v4-node24/target/node_modules/babel-loader/lib/index.js!<checkout>/.versionless/work/react-boilerplate-v4-node24/target/app/utils/history.js
<s> [webpack.Progress] 12% building 20/21 modules 1 active <checkout>/.versionless/work/react-boilerplate-v4-node24/target/node_modules/babel-loader/lib/index.js!<checkout>/.versionless/work/react-boilerplate-v4-node24/target/app/utils/history.js
<s> [webpack.Progress] 12% building 20/22 modules 2 active <checkout>/.versionless/work/react-boilerplate-v4-node24/target/app/translations/en.json
<s> [webpack.Progress] 12% building 20/23 modules 3 active <checkout>/.versionless/work/react-boilerplate-v4-node24/target/app/translations/de.json
<s> [webpack.Progress] 12% building 20/24 modules 4 active <checkout>/.versionless/work/react-boilerplate-v4-node24/target/node_modules/babel-loader/lib/index.js!<checkout>/.versionless/work/react-boilerplate-v4-node24/target/app/reducers.js
<s> [webpack.Progress] 12% building 21/24 modules 3 active <checkout>/.versionless/work/react-boilerplate-v4-node24/target/node_modules/babel-loader/lib/index.js!<checkout>/.versionless/work/react-boilerplate-v4-node24/target/app/reducers.js
<s> [webpack.Progress] 12% building 21/25 modules 4 active <checkout>/.versionless/work/react-boilerplate-v4-node24/target/node_modules/file-loader/dist/cjs.js?name=[name].[ext]!<checkout>/.versionless/work/react-boilerplate-v4-node24/target/app/images/favicon.ico
<s> [webpack.Progress] 12% building 21/26 modules 5 active <checkout>/.versionless/work/react-boilerplate-v4-node24/target/node_modules/file-loader/dist/cjs.js?name=.htaccess!<checkout>/.versionless/work/react-boilerplate-v4-node24/target/app/.htaccess
<s> [webpack.Progress] 12% building 21/27 modules 6 active <checkout>/.versionless/work/react-boilerplate-v4-node24/target/node_modules/react/index.js
<s> [webpack.Progress] 12% building 21/28 modules 7 active <checkout>/.versionless/work/react-boilerplate-v4-node24/target/node_modules/react-dom/index.js
<s> [webpack.Progress] 12% building 21/29 modules 8 active <checkout>/.versionless/work/react-boilerplate-v4-node24/target/node_modules/fontfaceobserver/fontfaceobserver.standalone.js
<s> [webpack.Progress] 12% building 21/30 modules 9 active <checkout>/.versionless/work/react-boilerplate-v4-node24/target/node_modules/babel-loader/lib/index.js!<checkout>/.versionless/work/react-boilerplate-v4-node24/target/app/containers/App/index.js
<s> [webpack.Progress] 12% building 21/31 modules 10 active <checkout>/.versionless/work/react-boilerplate-v4-node24/target/node_modules/babel-loader/lib/index.js!<checkout>/.versionless/work/react-boilerplate-v4-node24/target/app/containers/LanguageProvider/index.js
<s> [webpack.Progress] 12% building 21/32 modules 11 active <checkout>/.versionless/work/react-boilerplate-v4-node24/target/node_modules/intl/index.js
<s> [webpack.Progress] 12% building 21/33 modules 12 active <checkout>/.versionless/work/react-boilerplate-v4-node24/target/node_modules/@babel/polyfill/lib/index.js
<s> [webpack.Progress] 12% building 21/34 modules 13 active <checkout>/.versionless/work/react-boilerplate-v4-node24/target/node_modules/connected-react-router/lib/index.js
<s> [webpack.Progress] 12% building 21/35 modules 14 active <checkout>/.versionless/work/react-boilerplate-v4-node24/target/node_modules/react-redux/lib/index.js
<s> [webpack.Progress] 12% building 22/35 modules 13 active <checkout>/.versionless/work/react-boilerplate-v4-node24/target/node_modules/react-redux/lib/index.js
<s> [webpack.Progress] 12% building 23/35 modules 12 active <checkout>/.versionless/work/react-boilerplate-v4-node24/target/node_modules/react-redux/lib/index.js
<s> [webpack.Progress] 12% building 23/36 modules 13 active <checkout>/.versionless/work/react-boilerplate-v4-node24/target/node_modules/react-intl/locale-data/en.js
<s> [webpack.Progress] 12% building 23/37 modules 14 active <checkout>/.versionless/work/react-boilerplate-v4-node24/target/node_modules/react-intl/locale-data/de.js
<s> [webpack.Progress] 12% building 23/38 modules 15 active <checkout>/.versionless/work/react-boilerplate-v4-node24/target/node_modules/react-app-polyfill/node_modules/core-js/modules/_global.js
<s> [webpack.Progress] 12% building 23/39 modules 16 active <checkout>/.versionless/work/react-boilerplate-v4-node24/target/node_modules/react-app-polyfill/node_modules/core-js/modules/_has.js
<s> [webpack.Progress] 12% building 23/40 modules 17 active <checkout>/.versionless/work/react-boilerplate-v4-node24/target/node_modules/react-app-polyfill/node_modules/core-js/modules/_export.js
<s> [webpack.Progress] 12% building 23/41 modules 18 active <checkout>/.versionless/work/react-boilerplate-v4-node24/target/node_modules/react-app-polyfill/node_modules/core-js/modules/_descriptors.js
<s> [webpack.Progress] 12% building 23/42 modules 19 active <checkout>/.versionless/work/react-boilerplate-v4-node24/target/node_modules/react-app-polyfill/node_modules/core-js/modules/_redefine.js
<s> [webpack.Progress] 12% building 23/43 modules 20 active <checkout>/.versionless/work/react-boilerplate-v4-node24/target/node_modules/react-app-polyfill/node_modules/core-js/modules/_meta.js
<s> [webpack.Progress] 12% building 23/44 modules 21 active <checkout>/.versionless/work/react-boilerplate-v4-node24/target/node_modules/react-app-polyfill/node_modules/core-js/modules/_fails.js
<s> [webpack.Progress] 12% building 23/45 modules 22 active <checkout>/.versionless/work/react-boilerplate-v4-node24/target/node_modules/react-app-polyfill/node_modules/core-js/modules/_shared.js
<s> [webpack.Progress] 12% building 23/46 modules 23 active <checkout>/.versionless/work/react-boilerplate-v4-node24/target/node_modules/react-app-polyfill/node_modules/core-js/modules/_set-to-string-tag.js
<s> [webpack.Progress] 12% building 23/47 modules 24 active <checkout>/.versionless/work/react-boilerplate-v4-node24/target/node_modules/react-app-polyfill/node_modules/core-js/modules/_uid.js
<s> [webpack.Progress] 12% building 23/48 modules 25 active <checkout>/.versionless/work/react-boilerplate-v4-node24/target/node_modules/react-app-polyfill/node_modules/core-js/modules/_wks.js
<s> [webpack.Progress] 12% building 23/49 modules 26 active <checkout>/.versionless/work/react-boilerplate-v4-node24/target/node_modules/react-app-polyfill/node_modules/core-js/modules/_wks-ext.js
<s> [webpack.Progress] 12% building 23/50 modules 27 active <checkout>/.versionless/work/react-boilerplate-v4-node24/target/node_modules/react-app-polyfill/node_modules/core-js/modules/_wks-define.js
<s> [webpack.Progress] 12% building 23/51 modules 28 active <checkout>/.versionless/work/react-boilerplate-v4-node24/target/node_modules/react-app-polyfill/node_modules/core-js/modules/_enum-keys.js
<s> [webpack.Progress] 12% building 23/52 modules 29 active <checkout>/.versionless/work/react-boilerplate-v4-node24/target/node_modules/react-app-polyfill/node_modules/core-js/modules/_is-array.js
<s> [webpack.Progress] 12% building 23/53 modules 30 active <checkout>/.versionless/work/react-boilerplate-v4-node24/target/node_modules/react-app-polyfill/node_modules/core-js/modules/_is-object.js
<s> [webpack.Progress] 12% building 23/54 modules 31 active <checkout>/.versionless/work/react-boilerplate-v4-node24/target/node_modules/react-app-polyfill/node_modules/core-js/modules/_to-iobject.js
<s> [webpack.Progress] 12% building 23/55 modules 32 active <checkout>/.versionless/work/react-boilerplate-v4-node24/target/node_modules/react-app-polyfill/node_modules/core-js/modules/_an-object.js
<s> [webpack.Progress] 12% building 23/56 modules 33 active <checkout>/.versionless/work/react-boilerplate-v4-node24/target/node_modules/react-app-polyfill/node_modules/core-js/modules/_to-primitive.js
<s> [webpack.Progress] 12% building 23/57 modules 34 active <checkout>/.versionless/work/react-boilerplate-v4-node24/target/node_modules/react-app-polyfill/node_modules/core-js/modules/_property-desc.js
<s> [webpack.Progress] 12% building 23/58 modules 35 active <checkout>/.versionless/work/react-boilerplate-v4-node24/target/node_modules/react-app-polyfill/node_modules/core-js/modules/_object-create.js
<s> [webpack.Progress] 12% building 23/59 modules 36 active <checkout>/.versionless/work/react-boilerplate-v4-node24/target/node_modules/react-app-polyfill/node_modules/core-js/modules/_object-gopn-ext.js
<s> [webpack.Progress] 12% building 23/60 modules 37 active <checkout>/.versionless/work/react-boilerplate-v4-node24/target/node_modules/react-app-polyfill/node_modules/core-js/modules/_object-gopd.js
<s> [webpack.Progress] 12% building 23/61 modules 38 active <checkout>/.versionless/work/react-boilerplate-v4-node24/target/node_modules/react-app-polyfill/node_modules/core-js/modules/_object-dp.js
<s> [webpack.Progress] 12% building 23/62 modules 39 active <checkout>/.versionless/work/react-boilerplate-v4-node24/target/node_modules/react-app-polyfill/node_modules/core-js/modules/_object-gopn.js
<s> [webpack.Progress] 12% building 23/63 modules 40 active <checkout>/.versionless/work/react-boilerplate-v4-node24/target/node_modules/react-app-polyfill/node_modules/core-js/modules/_object-keys.js
<s> [webpack.Progress] 12% building 23/64 modules 41 active <checkout>/.versionless/work/react-boilerplate-v4-node24/target/node_modules/react-app-polyfill/node_modules/core-js/modules/_object-pie.js
<s> [webpack.Progress] 12% building 23/65 modules 42 active <checkout>/.versionless/work/react-boilerplate-v4-node24/target/node_modules/react-app-polyfill/node_modules/core-js/modules/_object-gops.js
<s> [webpack.Progress] 12% building 23/66 modules 43 active <checkout>/.versionless/work/react-boilerplate-v4-node24/target/node_modules/react-app-polyfill/node_modules/core-js/modules/_library.js
<s> [webpack.Progress] 12% building 23/67 modules 44 active <checkout>/.versionless/work/react-boilerplate-v4-node24/target/node_modules/react-app-polyfill/node_modules/core-js/modules/_hide.js
<s> [webpack.Progress] 12% building 23/68 modules 45 active <checkout>/.versionless/work/react-boilerplate-v4-node24/target/node_modules/react-app-polyfill/node_modules/core-js/modules/_ctx.js
<s> [webpack.Progress] 12% building 23/69 modules 46 active <checkout>/.versionless/work/react-boilerplate-v4-node24/target/node_modules/react-app-polyfill/node_modules/core-js/modules/_is-array-iter.js
<s> [webpack.Progress] 12% building 23/70 modules 47 active <checkout>/.versionless/work/react-boilerplate-v4-node24/target/node_modules/react-app-polyfill/node_modules/core-js/modules/_to-object.js
<s> [webpack.Progress] 12% building 23/71 modules 48 active <checkout>/.versionless/work/react-boilerplate-v4-node24/target/node_modules/react-app-polyfill/node_modules/core-js/modules/_to-length.js
<s> [webpack.Progress] 12% building 23/72 modules 49 active <checkout>/.versionless/work/react-boilerplate-v4-node24/target/node_modules/react-app-polyfill/node_modules/core-js/modules/_iter-call.js
<s> [webpack.Progress] 12% building 23/73 modules 50 active <checkout>/.versionless/work/react-boilerplate-v4-node24/target/node_modules/react-app-polyfill/node_modules/core-js/modules/core.get-iterator-method.js
<s> [webpack.Progress] 12% building 23/74 modules 51 active <checkout>/.versionless/work/react-boilerplate-v4-node24/target/node_modules/react-app-polyfill/node_modules/core-js/modules/_create-property.js
<s> [webpack.Progress] 12% building 23/75 modules 52 active <checkout>/.versionless/work/react-boilerplate-v4-node24/target/node_modules/react-app-polyfill/node_modules/core-js/modules/_iter-detect.js
<s> [webpack.Progress] 12% building 23/76 modules 53 active <checkout>/.versionless/work/react-boilerplate-v4-node24/target/node_modules/react-app-polyfill/node_modules/core-js/modules/_string-at.js
<s> [webpack.Progress] 12% building 23/77 modules 54 active <checkout>/.versionless/work/react-boilerplate-v4-node24/target/node_modules/react-app-polyfill/node_modules/core-js/modules/_iter-define.js
<s> [webpack.Progress] 12% building 23/78 modules 55 active <checkout>/.versionless/work/react-boilerplate-v4-node24/target/node_modules/react-app-polyfill/node_modules/core-js/modules/_classof.js
<s> [webpack.Progress] 12% building 24/78 modules 54 active <checkout>/.versionless/work/react-boilerplate-v4-node24/target/node_modules/react-app-polyfill/node_modules/core-js/modules/_classof.js
<s> [webpack.Progress] 12% building 24/79 modules 55 active <checkout>/.versionless/work/react-boilerplate-v4-node24/target/node_modules/asap/browser-raw.js
<s> [webpack.Progress] 13% building 25/79 modules 54 active <checkout>/.versionless/work/react-boilerplate-v4-node24/target/node_modules/asap/browser-raw.js
<s> [webpack.Progress] 13% building 26/79 modules 53 active <checkout>/.versionless/work/react-boilerplate-v4-node24/target/node_modules/asap/browser-raw.js
<s> [webpack.Progress] 13% building 27/79 modules 52 active <checkout>/.versionless/work/react-boilerplate-v4-node24/target/node_modules/asap/browser-raw.js
<s> [webpack.Progress] 13% building 28/79 modules 51 active <checkout>/.versionless/work/react-boilerplate-v4-node24/target/node_modules/asap/browser-raw.js
<s> [webpack.Progress] 13% building 29/79 modules 50 active <checkout>/.versionless/work/react-boilerplate-v4-node24/target/node_modules/asap/browser-raw.js
<s> [webpack.Progress] 13% building 30/79 modules 49 active <checkout>/.versionless/work/react-boilerplate-v4-node24/target/node_modules/asap/browser-raw.js
<s> [webpack.Progress] 13% building 31/79 modules 48 active <checkout>/.versionless/work/react-boilerplate-v4-node24/target/node_modules/asap/browser-raw.js
<s> [webpack.Progress] 13% building 32/79 modules 47 active <checkout>/.versionless/work/react-boilerplate-v4-node24/target/node_modules/asap/browser-raw.js
<s> [webpack.Progress] 13% building 32/80 modules 48 active ignored <checkout>/.versionless/work/react-boilerplate-v4-node24/target/node_modules/intl ./locale-data/complete.js
<s> [webpack.Progress] 13% building 33/80 modules 47 active <checkout>/.versionless/work/react-boilerplate-v4-node24/target/node_modules/asap/browser-raw.js
<s> [webpack.Progress] 14% building 34/80 modules 46 active <checkout>/.versionless/work/react-boilerplate-v4-node24/target/node_modules/asap/browser-raw.js
<s> [webpack.Progress] 14% building 35/80 modules 45 active <checkout>/.versionless/work/react-boilerplate-v4-node24/target/node_modules/asap/browser-raw.js
<s> [webpack.Progress] 14% building 36/80 modules 44 active <checkout>/.versionless/work/react-boilerplate-v4-node24/target/node_modules/asap/browser-raw.js
<s> [webpack.Progress] 14% building 37/80 modules 43 active <checkout>/.versionless/work/react-boilerplate-v4-node24/target/node_modules/asap/browser-raw.js
<s> [webpack.Progress] 14% building 38/80 modules 42 active <checkout>/.versionless/work/react-boilerplate-v4-node24/target/node_modules/asap/browser-raw.js
<s> [webpack.Progress] 14% building 38/81 modules 43 active <checkout>/.versionless/work/react-boilerplate-v4-node24/target/node_modules/style-loader/index.js!<checkout>/.versionless/work/react-boilerplate-v4-node24/target/node_modules/css-loader/dist/cjs.js!<checkout>/.versionless/work/react-boilerplate-v4-node24/target/node_modules/sanitize.css/sanitize.css
<s> [webpack.Progress] 14% building 39/81 modules 42 active <checkout>/.versionless/work/react-boilerplate-v4-node24/target/node_modules/asap/browser-raw.js
<s> [webpack.Progress] 14% building 39/82 modules 43 active <checkout>/.versionless/work/react-boilerplate-v4-node24/target/node_modules/css-loader/dist/cjs.js!<checkout>/.versionless/work/react-boilerplate-v4-node24/target/node_modules/sanitize.css/sanitize.css
<s> [webpack.Progress] 14% building 40/82 modules 42 active <checkout>/.versionless/work/react-boilerplate-v4-node24/target/node_modules/css-loader/dist/cjs.js!<checkout>/.versionless/work/react-boilerplate-v4-node24/target/node_modules/sanitize.css/sanitize.css
<s> [webpack.Progress] 14% building 41/82 modules 41 active <checkout>/.versionless/work/react-boilerplate-v4-node24/target/node_modules/css-loader/dist/cjs.js!<checkout>/.versionless/work/react-boilerplate-v4-node24/target/node_modules/sanitize.css/sanitize.css
<s> [webpack.Progress] 15% building 42/82 modules 40 active <checkout>/.versionless/work/react-boilerplate-v4-node24/target/node_modules/css-loader/dist/cjs.js!<checkout>/.versionless/work/react-boilerplate-v4-node24/target/node_modules/sanitize.css/sanitize.css
<s> [webpack.Progress] 15% building 43/82 modules 39 active <checkout>/.versionless/work/react-boilerplate-v4-node24/target/node_modules/css-loader/dist/cjs.js!<checkout>/.versionless/work/react-boilerplate-v4-node24/target/node_modules/sanitize.css/sanitize.css
<s> [webpack.Progress] 15% building 44/82 modules 38 active <checkout>/.versionless/work/react-boilerplate-v4-node24/target/node_modules/css-loader/dist/cjs.js!<checkout>/.versionless/work/react-boilerplate-v4-node24/target/node_modules/sanitize.css/sanitize.css
<s> [webpack.Progress] 15% building 45/82 modules 37 active <checkout>/.versionless/work/react-boilerplate-v4-node24/target/node_modules/css-loader/dist/cjs.js!<checkout>/.versionless/work/react-boilerplate-v4-node24/target/node_modules/sanitize.css/sanitize.css
<s> [webpack.Progress] 15% building 46/82 modules 36 active <checkout>/.versionless/work/react-boilerplate-v4-node24/target/node_modules/css-loader/dist/cjs.js!<checkout>/.versionless/work/react-boilerplate-v4-node24/target/node_modules/sanitize.css/sanitize.css
<s> [webpack.Progress] 15% building 47/82 modules 35 active <checkout>/.versionless/work/react-boilerplate-v4-node24/target/node_modules/css-loader/dist/cjs.js!<checkout>/.versionless/work/react-boilerplate-v4-node24/target/node_modules/sanitize.css/sanitize.css
<s> [webpack.Progress] 15% building 48/82 modules 34 active <checkout>/.versionless/work/react-boilerplate-v4-node24/target/node_modules/css-loader/dist/cjs.js!<checkout>/.versionless/work/react-boilerplate-v4-node24/target/node_modules/sanitize.css/sanitize.css
<s> [webpack.Progress] 15% building 49/82 modules 33 active <checkout>/.versionless/work/react-boilerplate-v4-node24/target/node_modules/css-loader/dist/cjs.js!<checkout>/.versionless/work/react-boilerplate-v4-node24/target/node_modules/sanitize.css/sanitize.css
<s> [webpack.Progress] 16% building 50/82 modules 32 active <checkout>/.versionless/work/react-boilerplate-v4-node24/target/node_modules/css-loader/dist/cjs.js!<checkout>/.versionless/work/react-boilerplate-v4-node24/target/node_modules/sanitize.css/sanitize.css
<s> [webpack.Progress] 16% building 51/82 modules 31 active <checkout>/.versionless/work/react-boilerplate-v4-node24/target/node_modules/css-loader/dist/cjs.js!<checkout>/.versionless/work/react-boilerplate-v4-node24/target/node_modules/sanitize.css/sanitize.css
<s> [webpack.Progress] 16% building 52/82 modules 30 active <checkout>/.versionless/work/react-boilerplate-v4-node24/target/node_modules/css-loader/dist/cjs.js!<checkout>/.versionless/work/react-boilerplate-v4-node24/target/node_modules/sanitize.css/sanitize.css
<s> [webpack.Progress] 16% building 53/82 modules 29 active <checkout>/.versionless/work/react-boilerplate-v4-node24/target/node_modules/css-loader/dist/cjs.js!<checkout>/.versionless/work/react-boilerplate-v4-node24/target/node_modules/sanitize.css/sanitize.css
<s> [webpack.Progress] 16% building 54/82 modules 28 active <checkout>/.versionless/work/react-boilerplate-v4-node24/target/node_modules/css-loader/dist/cjs.js!<checkout>/.versionless/work/react-boilerplate-v4-node24/target/node_modules/sanitize.css/sanitize.css
<s> [webpack.Progress] 16% building 55/82 modules 27 active <checkout>/.versionless/work/react-boilerplate-v4-node24/target/node_modules/css-loader/dist/cjs.js!<checkout>/.versionless/work/react-boilerplate-v4-node24/target/node_modules/sanitize.css/sanitize.css
<s> [webpack.Progress] 16% building 56/82 modules 26 active <checkout>/.versionless/work/react-boilerplate-v4-node24/target/node_modules/css-loader/dist/cjs.js!<checkout>/.versionless/work/react-boilerplate-v4-node24/target/node_modules/sanitize.css/sanitize.css
<s> [webpack.Progress] 16% building 57/82 modules 25 active <checkout>/.versionless/work/react-boilerplate-v4-node24/target/node_modules/css-loader/dist/cjs.js!<checkout>/.versionless/work/react-boilerplate-v4-node24/target/node_modules/sanitize.css/sanitize.css
<s> [webpack.Progress] 16% building 58/82 modules 24 active <checkout>/.versionless/work/react-boilerplate-v4-node24/target/node_modules/css-loader/dist/cjs.js!<checkout>/.versionless/work/react-boilerplate-v4-node24/target/node_modules/sanitize.css/sanitize.css
<s> [webpack.Progress] 17% building 59/82 modules 23 active <checkout>/.versionless/work/react-boilerplate-v4-node24/target/node_modules/css-loader/dist/cjs.js!<checkout>/.versionless/work/react-boilerplate-v4-node24/target/node_modules/sanitize.css/sanitize.css
<s> [webpack.Progress] 17% building 60/82 modules 22 active <checkout>/.versionless/work/react-boilerplate-v4-node24/target/node_modules/css-loader/dist/cjs.js!<checkout>/.versionless/work/react-boilerplate-v4-node24/target/node_modules/sanitize.css/sanitize.css
<s> [webpack.Progress] 17% building 61/82 modules 21 active <checkout>/.versionless/work/react-boilerplate-v4-node24/target/node_modules/css-loader/dist/cjs.js!<checkout>/.versionless/work/react-boilerplate-v4-node24/target/node_modules/sanitize.css/sanitize.css
<s> [webpack.Progress] 17% building 62/82 modules 20 active <checkout>/.versionless/work/react-boilerplate-v4-node24/target/node_modules/css-loader/dist/cjs.js!<checkout>/.versionless/work/react-boilerplate-v4-node24/target/node_modules/sanitize.css/sanitize.css
<s> [webpack.Progress] 17% building 63/82 modules 19 active <checkout>/.versionless/work/react-boilerplate-v4-node24/target/node_modules/css-loader/dist/cjs.js!<checkout>/.versionless/work/react-boilerplate-v4-node24/target/node_modules/sanitize.css/sanitize.css
<s> [webpack.Progress] 17% building 64/82 modules 18 active <checkout>/.versionless/work/react-boilerplate-v4-node24/target/node_modules/css-loader/dist/cjs.js!<checkout>/.versionless/work/react-boilerplate-v4-node24/target/node_modules/sanitize.css/sanitize.css
<s> [webpack.Progress] 17% building 65/82 modules 17 active <checkout>/.versionless/work/react-boilerplate-v4-node24/target/node_modules/css-loader/dist/cjs.js!<checkout>/.versionless/work/react-boilerplate-v4-node24/target/node_modules/sanitize.css/sanitize.css
<s> [webpack.Progress] 17% building 66/82 modules 16 active <checkout>/.versionless/work/react-boilerplate-v4-node24/target/node_modules/css-loader/dist/cjs.js!<checkout>/.versionless/work/react-boilerplate-v4-node24/target/node_modules/sanitize.css/sanitize.css
<s> [webpack.Progress] 18% building 67/82 modules 15 active <checkout>/.versionless/work/react-boilerplate-v4-node24/target/node_modules/css-loader/dist/cjs.js!<checkout>/.versionless/work/react-boilerplate-v4-node24/target/node_modules/sanitize.css/sanitize.css
<s> [webpack.Progress] 18% building 68/82 modules 14 active <checkout>/.versionless/work/react-boilerplate-v4-node24/target/node_modules/css-loader/dist/cjs.js!<checkout>/.versionless/work/react-boilerplate-v4-node24/target/node_modules/sanitize.css/sanitize.css
<s> [webpack.Progress] 18% building 69/82 modules 13 active <checkout>/.versionless/work/react-boilerplate-v4-node24/target/node_modules/css-loader/dist/cjs.js!<checkout>/.versionless/work/react-boilerplate-v4-node24/target/node_modules/sanitize.css/sanitize.css
<s> [webpack.Progress] 18% building 70/82 modules 12 active <checkout>/.versionless/work/react-boilerplate-v4-node24/target/node_modules/css-loader/dist/cjs.js!<checkout>/.versionless/work/react-boilerplate-v4-node24/target/node_modules/sanitize.css/sanitize.css
<s> [webpack.Progress] 18% building 71/82 modules 11 active <checkout>/.versionless/work/react-boilerplate-v4-node24/target/node_modules/css-loader/dist/cjs.js!<checkout>/.versionless/work/react-boilerplate-v4-node24/target/node_modules/sanitize.css/sanitize.css
<s> [webpack.Progress] 18% building 72/82 modules 10 active <checkout>/.versionless/work/react-boilerplate-v4-node24/target/node_modules/css-loader/dist/cjs.js!<checkout>/.versionless/work/react-boilerplate-v4-node24/target/node_modules/sanitize.css/sanitize.css
<s> [webpack.Progress] 18% building 73/82 modules 9 active <checkout>/.versionless/work/react-boilerplate-v4-node24/target/node_modules/css-loader/dist/cjs.js!<checkout>/.versionless/work/react-boilerplate-v4-node24/target/node_modules/sanitize.css/sanitize.css
<s> [webpack.Progress] 18% building 74/82 modules 8 active <checkout>/.versionless/work/react-boilerplate-v4-node24/target/node_modules/css-loader/dist/cjs.js!<checkout>/.versionless/work/react-boilerplate-v4-node24/target/node_modules/sanitize.css/sanitize.css
<s> [webpack.Progress] 19% building 75/82 modules 7 active <checkout>/.versionless/work/react-boilerplate-v4-node24/target/node_modules/css-loader/dist/cjs.js!<checkout>/.versionless/work/react-boilerplate-v4-node24/target/node_modules/sanitize.css/sanitize.css
<s> [webpack.Progress] 19% building 76/82 modules 6 active <checkout>/.versionless/work/react-boilerplate-v4-node24/target/node_modules/css-loader/dist/cjs.js!<checkout>/.versionless/work/react-boilerplate-v4-node24/target/node_modules/sanitize.css/sanitize.css
<s> [webpack.Progress] 19% building 77/82 modules 5 active <checkout>/.versionless/work/react-boilerplate-v4-node24/target/node_modules/css-loader/dist/cjs.js!<checkout>/.versionless/work/react-boilerplate-v4-node24/target/node_modules/sanitize.css/sanitize.css
<s> [webpack.Progress] 19% building 78/82 modules 4 active <checkout>/.versionless/work/react-boilerplate-v4-node24/target/node_modules/css-loader/dist/cjs.js!<checkout>/.versionless/work/react-boilerplate-v4-node24/target/node_modules/sanitize.css/sanitize.css
<s> [webpack.Progress] 19% building 79/82 modules 3 active <checkout>/.versionless/work/react-boilerplate-v4-node24/target/node_modules/css-loader/dist/cjs.js!<checkout>/.versionless/work/react-boilerplate-v4-node24/target/node_modules/sanitize.css/sanitize.css
<s> [webpack.Progress] 19% building 80/82 modules 2 active <checkout>/.versionless/work/react-boilerplate-v4-node24/target/node_modules/css-loader/dist/cjs.js!<checkout>/.versionless/work/react-boilerplate-v4-node24/target/node_modules/sanitize.css/sanitize.css
<s> [webpack.Progress] 19% building 81/82 modules 1 active <checkout>/.versionless/work/react-boilerplate-v4-node24/target/node_modules/css-loader/dist/cjs.js!<checkout>/.versionless/work/react-boilerplate-v4-node24/target/node_modules/sanitize.css/sanitize.css
<s> [webpack.Progress] 19% building 81/83 modules 2 active <checkout>/.versionless/work/react-boilerplate-v4-node24/target/node_modules/react-dom/cjs/react-dom.production.min.js
<s> [webpack.Progress] 19% building 81/84 modules 3 active <checkout>/.versionless/work/react-boilerplate-v4-node24/target/node_modules/react/cjs/react.production.min.js
<s> [webpack.Progress] 19% building 81/85 modules 4 active <checkout>/.versionless/work/react-boilerplate-v4-node24/target/node_modules/intl/lib/core.js
<s> [webpack.Progress] 19% building 81/86 modules 5 active <checkout>/.versionless/work/react-boilerplate-v4-node24/target/node_modules/babel-loader/lib/index.js!<checkout>/.versionless/work/react-boilerplate-v4-node24/target/app/global-styles.js
<s> [webpack.Progress] 19% building 81/87 modules 6 active <checkout>/.versionless/work/react-boilerplate-v4-node24/target/node_modules/babel-loader/lib/index.js!<checkout>/.versionless/work/react-boilerplate-v4-node24/target/app/containers/LanguageProvider/selectors.js
<s> [webpack.Progress] 19% building 81/88 modules 7 active <checkout>/.versionless/work/react-boilerplate-v4-node24/target/node_modules/redux/lib/redux.js
<s> [webpack.Progress] 19% building 81/89 modules 8 active <checkout>/.versionless/work/react-boilerplate-v4-node24/target/node_modules/redux-saga/dist/redux-saga-core-npm-proxy.cjs.js
<s> [webpack.Progress] 19% building 81/90 modules 9 active <checkout>/.versionless/work/react-boilerplate-v4-node24/target/node_modules/@babel/polyfill/lib/noConflict.js
<s> [webpack.Progress] 19% building 81/91 modules 10 active <checkout>/.versionless/work/react-boilerplate-v4-node24/target/node_modules/react-intl/lib/index.es.js
<s> [webpack.Progress] 19% building 81/92 modules 11 active <checkout>/.versionless/work/react-boilerplate-v4-node24/target/node_modules/connected-react-router/lib/reducer.js
<s> [webpack.Progress] 19% building 81/93 modules 12 active <checkout>/.versionless/work/react-boilerplate-v4-node24/target/node_modules/connected-react-router/lib/ConnectedRouter.js
<s> [webpack.Progress] 19% building 81/94 modules 13 active <checkout>/.versionless/work/react-boilerplate-v4-node24/target/node_modules/connected-react-router/lib/selectors.js
<s> [webpack.Progress] 19% building 81/95 modules 14 active <checkout>/.versionless/work/react-boilerplate-v4-node24/target/node_modules/connected-react-router/lib/actions.js
<s> [webpack.Progress] 19% building 81/96 modules 15 active <checkout>/.versionless/work/react-boilerplate-v4-node24/target/node_modules/connected-react-router/lib/middleware.js
<s> [webpack.Progress] 19% building 82/96 modules 14 active <checkout>/.versionless/work/react-boilerplate-v4-node24/target/node_modules/connected-react-router/lib/middleware.js
<s> [webpack.Progress] 19% building 82/97 modules 15 active <checkout>/.versionless/work/react-boilerplate-v4-node24/target/node_modules/style-loader/lib/addStyles.js
<s> [webpack.Progress] 19% building 82/98 modules 16 active <checkout>/.versionless/work/react-boilerplate-v4-node24/target/node_modules/react-redux/lib/components/Provider.js
<s> [webpack.Progress] 19% building 82/99 modules 17 active <checkout>/.versionless/work/react-boilerplate-v4-node24/target/node_modules/react-redux/lib/components/connectAdvanced.js
<s> [webpack.Progress] 19% building 82/100 modules 18 active <checkout>/.versionless/work/react-boilerplate-v4-node24/target/node_modules/react-redux/lib/components/Context.js
<s> [webpack.Progress] 19% building 82/101 modules 19 active <checkout>/.versionless/work/react-boilerplate-v4-node24/target/node_modules/react-redux/lib/connect/connect.js
<s> [webpack.Progress] 19% building 82/102 modules 20 active <checkout>/.versionless/work/react-boilerplate-v4-node24/target/node_modules/react-redux/lib/hooks/useDispatch.js
<s> [webpack.Progress] 19% building 82/103 modules 21 active <checkout>/.versionless/work/react-boilerplate-v4-node24/target/node_modules/react-redux/lib/hooks/useSelector.js
<s> [webpack.Progress] 19% building 82/104 modules 22 active <checkout>/.versionless/work/react-boilerplate-v4-node24/target/node_modules/react-redux/lib/hooks/useStore.js
<s> [webpack.Progress] 19% building 82/105 modules 23 active <checkout>/.versionless/work/react-boilerplate-v4-node24/target/node_modules/react-redux/lib/utils/batch.js
<s> [webpack.Progress] 19% building 82/106 modules 24 active <checkout>/.versionless/work/react-boilerplate-v4-node24/target/node_modules/react-redux/lib/utils/reactBatchedUpdates.js
<s> [webpack.Progress] 19% building 82/107 modules 25 active <checkout>/.versionless/work/react-boilerplate-v4-node24/target/node_modules/react-redux/lib/utils/shallowEqual.js
<s> [webpack.Progress] 19% building 82/108 modules 26 active <checkout>/.versionless/work/react-boilerplate-v4-node24/target/node_modules/react-app-polyfill/node_modules/core-js/modules/_cof.js
<s> [webpack.Progress] 19% building 82/109 modules 27 active <checkout>/.versionless/work/react-boilerplate-v4-node24/target/node_modules/react-app-polyfill/node_modules/core-js/modules/_function-to-string.js
<s> [webpack.Progress] 19% building 82/110 modules 28 active <checkout>/.versionless/work/react-boilerplate-v4-node24/target/node_modules/react-app-polyfill/node_modules/core-js/modules/_iobject.js
<s> [webpack.Progress] 19% building 82/111 modules 29 active <checkout>/.versionless/work/react-boilerplate-v4-node24/target/node_modules/react-app-polyfill/node_modules/core-js/modules/_defined.js
<s> [webpack.Progress] 19% building 82/112 modules 30 active <checkout>/.versionless/work/react-boilerplate-v4-node24/target/node_modules/react-app-polyfill/node_modules/core-js/modules/_object-dps.js
<s> [webpack.Progress] 19% building 82/113 modules 31 active <checkout>/.versionless/work/react-boilerplate-v4-node24/target/node_modules/react-app-polyfill/node_modules/core-js/modules/_enum-bug-keys.js
<s> [webpack.Progress] 19% building 82/114 modules 32 active <checkout>/.versionless/work/react-boilerplate-v4-node24/target/node_modules/react-app-polyfill/node_modules/core-js/modules/_shared-key.js
<s> [webpack.Progress] 19% building 82/115 modules 33 active <checkout>/.versionless/work/react-boilerplate-v4-node24/target/node_modules/react-app-polyfill/node_modules/core-js/modules/_dom-create.js
<s> [webpack.Progress] 19% building 82/116 modules 34 active <checkout>/.versionless/work/react-boilerplate-v4-node24/target/node_modules/react-app-polyfill/node_modules/core-js/modules/_html.js
<s> [webpack.Progress] 19% building 82/117 modules 35 active <checkout>/.versionless/work/react-boilerplate-v4-node24/target/node_modules/react-app-polyfill/node_modules/core-js/modules/_ie8-dom-define.js
<s> [webpack.Progress] 19% building 82/118 modules 36 active <checkout>/.versionless/work/react-boilerplate-v4-node24/target/node_modules/react-app-polyfill/node_modules/core-js/modules/_iterators.js
<s> [webpack.Progress] 19% building 82/119 modules 37 active <checkout>/.versionless/work/react-boilerplate-v4-node24/target/node_modules/react-app-polyfill/node_modules/core-js/modules/_object-keys-internal.js
<s> [webpack.Progress] 19% building 82/120 modules 38 active <checkout>/.versionless/work/react-boilerplate-v4-node24/target/node_modules/react-app-polyfill/node_modules/core-js/modules/_iter-create.js
<s> [webpack.Progress] 19% building 82/121 modules 39 active <checkout>/.versionless/work/react-boilerplate-v4-node24/target/node_modules/react-app-polyfill/node_modules/core-js/modules/_to-integer.js
<s> [webpack.Progress] 19% building 82/122 modules 40 active <checkout>/.versionless/work/react-boilerplate-v4-node24/target/node_modules/react-app-polyfill/node_modules/core-js/modules/_object-gpo.js
<s> [webpack.Progress] 19% building 82/123 modules 41 active <checkout>/.versionless/work/react-boilerplate-v4-node24/target/node_modules/react-app-polyfill/node_modules/core-js/modules/_a-function.js
<s> [webpack.Progress] 19% building 82/124 modules 42 active <checkout>/.versionless/work/react-boilerplate-v4-node24/target/node_modules/babel-loader/lib/index.js!<checkout>/.versionless/work/react-boilerplate-v4-node24/target/app/containers/App/reducer.js
<s> [webpack.Progress] 19% building 82/125 modules 43 active <checkout>/.versionless/work/react-boilerplate-v4-node24/target/node_modules/babel-loader/lib/index.js!<checkout>/.versionless/work/react-boilerplate-v4-node24/target/app/containers/LanguageProvider/reducer.js
<s> [webpack.Progress] 19% building 83/125 modules 42 active <checkout>/.versionless/work/react-boilerplate-v4-node24/target/node_modules/babel-loader/lib/index.js!<checkout>/.versionless/work/react-boilerplate-v4-node24/target/app/containers/LanguageProvider/reducer.js
<s> [webpack.Progress] 20% building 84/125 modules 41 active <checkout>/.versionless/work/react-boilerplate-v4-node24/target/node_modules/babel-loader/lib/index.js!<checkout>/.versionless/work/react-boilerplate-v4-node24/target/app/containers/LanguageProvider/reducer.js
<s> [webpack.Progress] 20% building 85/125 modules 40 active <checkout>/.versionless/work/react-boilerplate-v4-node24/target/node_modules/babel-loader/lib/index.js!<checkout>/.versionless/work/react-boilerplate-v4-node24/target/app/containers/LanguageProvider/reducer.js
<s> [webpack.Progress] 20% building 85/126 modules 41 active <checkout>/.versionless/work/react-boilerplate-v4-node24/target/node_modules/webpack/buildin/global.js
<s> [webpack.Progress] 20% building 86/126 modules 40 active <checkout>/.versionless/work/react-boilerplate-v4-node24/target/node_modules/webpack/buildin/global.js
<s> [webpack.Progress] 20% building 87/126 modules 39 active <checkout>/.versionless/work/react-boilerplate-v4-node24/target/node_modules/webpack/buildin/global.js
<s> [webpack.Progress] 20% building 88/126 modules 38 active <checkout>/.versionless/work/react-boilerplate-v4-node24/target/node_modules/webpack/buildin/global.js
<s> [webpack.Progress] 20% building 89/126 modules 37 active <checkout>/.versionless/work/react-boilerplate-v4-node24/target/node_modules/webpack/buildin/global.js
<s> [webpack.Progress] 20% building 90/126 modules 36 active <checkout>/.versionless/work/react-boilerplate-v4-node24/target/node_modules/webpack/buildin/global.js
<s> [webpack.Progress] 20% building 91/126 modules 35 active <checkout>/.versionless/work/react-boilerplate-v4-node24/target/node_modules/webpack/buildin/global.js
<s> [webpack.Progress] 20% building 91/127 modules 36 active ignored <checkout>/.versionless/work/react-boilerplate-v4-node24/target/node_modules/react-intl/lib ../locale-data/index.js
<s> [webpack.Progress] 21% building 92/127 modules 35 active <checkout>/.versionless/work/react-boilerplate-v4-node24/target/node_modules/webpack/buildin/global.js
<s> [webpack.Progress] 21% building 93/127 modules 34 active <checkout>/.versionless/work/react-boilerplate-v4-node24/target/node_modules/webpack/buildin/global.js
<s> [webpack.Progress] 21% building 94/127 modules 33 active <checkout>/.versionless/work/react-boilerplate-v4-node24/target/node_modules/webpack/buildin/global.js
<s> [webpack.Progress] 21% building 95/127 modules 32 active <checkout>/.versionless/work/react-boilerplate-v4-node24/target/node_modules/webpack/buildin/global.js
<s> [webpack.Progress] 21% building 96/127 modules 31 active <checkout>/.versionless/work/react-boilerplate-v4-node24/target/node_modules/webpack/buildin/global.js
<s> [webpack.Progress] 21% building 97/127 modules 30 active <checkout>/.versionless/work/react-boilerplate-v4-node24/target/node_modules/webpack/buildin/global.js
<s> [webpack.Progress] 21% building 97/128 modules 31 active <checkout>/.versionless/work/react-boilerplate-v4-node24/target/node_modules/history/index.js
<s> [webpack.Progress] 21% building 97/129 modules 32 active <checkout>/.versionless/work/react-boilerplate-v4-node24/target/node_modules/css-loader/dist/runtime/api.js
<s> [webpack.Progress] 21% building 98/129 modules 31 active <checkout>/.versionless/work/react-boilerplate-v4-node24/target/node_modules/css-loader/dist/runtime/api.js
<s> [webpack.Progress] 21% building 99/129 modules 30 active <checkout>/.versionless/work/react-boilerplate-v4-node24/target/node_modules/css-loader/dist/runtime/api.js
<s> [webpack.Progress] 22% building 100/129 modules 29 active <checkout>/.versionless/work/react-boilerplate-v4-node24/target/node_modules/css-loader/dist/runtime/api.js
<s> [webpack.Progress] 22% building 101/129 modules 28 active <checkout>/.versionless/work/react-boilerplate-v4-node24/target/node_modules/css-loader/dist/runtime/api.js
<s> [webpack.Progress] 22% building 102/129 modules 27 active <checkout>/.versionless/work/react-boilerplate-v4-node24/target/node_modules/css-loader/dist/runtime/api.js
<s> [webpack.Progress] 22% building 103/129 modules 26 active <checkout>/.versionless/work/react-boilerplate-v4-node24/target/node_modules/css-loader/dist/runtime/api.js
<s> [webpack.Progress] 22% building 104/129 modules 25 active <checkout>/.versionless/work/react-boilerplate-v4-node24/target/node_modules/css-loader/dist/runtime/api.js
<s> [webpack.Progress] 22% building 105/129 modules 24 active <checkout>/.versionless/work/react-boilerplate-v4-node24/target/node_modules/css-loader/dist/runtime/api.js
<s> [webpack.Progress] 22% building 106/129 modules 23 active <checkout>/.versionless/work/react-boilerplate-v4-node24/target/node_modules/css-loader/dist/runtime/api.js
<s> [webpack.Progress] 22% building 107/129 modules 22 active <checkout>/.versionless/work/react-boilerplate-v4-node24/target/node_modules/css-loader/dist/runtime/api.js
<s> [webpack.Progress] 22% building 108/129 modules 21 active <checkout>/.versionless/work/react-boilerplate-v4-node24/target/node_modules/css-loader/dist/runtime/api.js
<s> [webpack.Progress] 23% building 109/129 modules 20 active <checkout>/.versionless/work/react-boilerplate-v4-node24/target/node_modules/css-loader/dist/runtime/api.js
<s> [webpack.Progress] 23% building 110/129 modules 19 active <checkout>/.versionless/work/react-boilerplate-v4-node24/target/node_modules/css-loader/dist/runtime/api.js
<s> [webpack.Progress] 23% building 111/129 modules 18 active <checkout>/.versionless/work/react-boilerplate-v4-node24/target/node_modules/css-loader/dist/runtime/api.js
<s> [webpack.Progress] 23% building 112/129 modules 17 active <checkout>/.versionless/work/react-boilerplate-v4-node24/target/node_modules/css-loader/dist/runtime/api.js
<s> [webpack.Progress] 23% building 113/129 modules 16 active <checkout>/.versionless/work/react-boilerplate-v4-node24/target/node_modules/css-loader/dist/runtime/api.js
<s> [webpack.Progress] 23% building 114/129 modules 15 active <checkout>/.versionless/work/react-boilerplate-v4-node24/target/node_modules/css-loader/dist/runtime/api.js
<s> [webpack.Progress] 23% building 115/129 modules 14 active <checkout>/.versionless/work/react-boilerplate-v4-node24/target/node_modules/css-loader/dist/runtime/api.js
<s> [webpack.Progress] 23% building 116/129 modules 13 active <checkout>/.versionless/work/react-boilerplate-v4-node24/target/node_modules/css-loader/dist/runtime/api.js
<s> [webpack.Progress] 24% building 117/129 modules 12 active <checkout>/.versionless/work/react-boilerplate-v4-node24/target/node_modules/css-loader/dist/runtime/api.js
<s> [webpack.Progress] 24% building 118/129 modules 11 active <checkout>/.versionless/work/react-boilerplate-v4-node24/target/node_modules/css-loader/dist/runtime/api.js
<s> [webpack.Progress] 24% building 119/129 modules 10 active <checkout>/.versionless/work/react-boilerplate-v4-node24/target/node_modules/css-loader/dist/runtime/api.js
<s> [webpack.Progress] 24% building 120/129 modules 9 active <checkout>/.versionless/work/react-boilerplate-v4-node24/target/node_modules/css-loader/dist/runtime/api.js
<s> [webpack.Progress] 24% building 121/129 modules 8 active <checkout>/.versionless/work/react-boilerplate-v4-node24/target/node_modules/css-loader/dist/runtime/api.js
<s> [webpack.Progress] 24% building 122/129 modules 7 active <checkout>/.versionless/work/react-boilerplate-v4-node24/target/node_modules/css-loader/dist/runtime/api.js
<s> [webpack.Progress] 24% building 123/129 modules 6 active <checkout>/.versionless/work/react-boilerplate-v4-node24/target/node_modules/css-loader/dist/runtime/api.js
<s> [webpack.Progress] 24% building 124/129 modules 5 active <checkout>/.versionless/work/react-boilerplate-v4-node24/target/node_modules/css-loader/dist/runtime/api.js
<s> [webpack.Progress] 25% building 125/129 modules 4 active <checkout>/.versionless/work/react-boilerplate-v4-node24/target/node_modules/css-loader/dist/runtime/api.js
<s> [webpack.Progress] 25% building 126/129 modules 3 active <checkout>/.versionless/work/react-boilerplate-v4-node24/target/node_modules/css-loader/dist/runtime/api.js
<s> [webpack.Progress] 25% building 127/129 modules 2 active <checkout>/.versionless/work/react-boilerplate-v4-node24/target/node_modules/css-loader/dist/runtime/api.js
<s> [webpack.Progress] 25% building 127/130 modules 3 active <checkout>/.versionless/work/react-boilerplate-v4-node24/target/node_modules/babel-loader/lib/index.js!<checkout>/.versionless/work/react-boilerplate-v4-node24/target/app/containers/FeaturePage/Loadable.js
<s> [webpack.Progress] 25% building 127/131 modules 4 active <checkout>/.versionless/work/react-boilerplate-v4-node24/target/node_modules/babel-loader/lib/index.js!<checkout>/.versionless/work/react-boilerplate-v4-node24/target/app/containers/HomePage/Loadable.js
<s> [webpack.Progress] 25% building 127/132 modules 5 active <checkout>/.versionless/work/react-boilerplate-v4-node24/target/node_modules/babel-loader/lib/index.js!<checkout>/.versionless/work/react-boilerplate-v4-node24/target/app/containers/NotFoundPage/Loadable.js
<s> [webpack.Progress] 25% building 127/133 modules 6 active <checkout>/.versionless/work/react-boilerplate-v4-node24/target/node_modules/react-redux/node_modules/@babel/runtime/helpers/interopRequireDefault.js
<s> [webpack.Progress] 25% building 127/134 modules 7 active <checkout>/.versionless/work/react-boilerplate-v4-node24/target/node_modules/@babel/polyfill/node_modules/core-js/library/fn/global.js
<s> [webpack.Progress] 25% building 128/134 modules 6 active <checkout>/.versionless/work/react-boilerplate-v4-node24/target/node_modules/@babel/polyfill/node_modules/core-js/library/fn/global.js
<s> [webpack.Progress] 25% building 129/134 modules 5 active <checkout>/.versionless/work/react-boilerplate-v4-node24/target/node_modules/@babel/polyfill/node_modules/core-js/library/fn/global.js
<s> [webpack.Progress] 25% building 129/135 modules 6 active <checkout>/.versionless/work/react-boilerplate-v4-node24/target/node_modules/react-router-dom/index.js
<s> [webpack.Progress] 25% building 129/136 modules 7 active <checkout>/.versionless/work/react-boilerplate-v4-node24/target/node_modules/babel-loader/lib/index.js!<checkout>/.versionless/work/react-boilerplate-v4-node24/target/app/components/Footer/index.js
<s> [webpack.Progress] 25% building 129/137 modules 8 active <checkout>/.versionless/work/react-boilerplate-v4-node24/target/node_modules/babel-loader/lib/index.js!<checkout>/.versionless/work/react-boilerplate-v4-node24/target/app/components/Header/index.js
<s> [webpack.Progress] 25% building 129/138 modules 9 active <checkout>/.versionless/work/react-boilerplate-v4-node24/target/node_modules/prop-types/index.js
<s> [webpack.Progress] 25% building 129/139 modules 10 active <checkout>/.versionless/work/react-boilerplate-v4-node24/target/node_modules/style-loader/lib/urls.js
<s> [webpack.Progress] 25% building 129/140 modules 11 active <checkout>/.versionless/work/react-boilerplate-v4-node24/target/node_modules/connected-react-router/lib/structure/plain/index.js
<s> [webpack.Progress] 25% building 129/141 modules 12 active <checkout>/.versionless/work/react-boilerplate-v4-node24/target/node_modules/react-helmet/lib/Helmet.js
<s> [webpack.Progress] 25% building 129/142 modules 13 active <checkout>/.versionless/work/react-boilerplate-v4-node24/target/node_modules/styled-components/dist/styled-components.browser.esm.js
<s> [webpack.Progress] 25% building 129/143 modules 14 active <checkout>/.versionless/work/react-boilerplate-v4-node24/target/node_modules/react-redux/lib/utils/Subscription.js
<s> [webpack.Progress] 25% building 129/144 modules 15 active <checkout>/.versionless/work/react-boilerplate-v4-node24/target/node_modules/react-redux/lib/utils/useIsomorphicLayoutEffect.js
<s> [webpack.Progress] 25% building 129/145 modules 16 active <checkout>/.versionless/work/react-boilerplate-v4-node24/target/node_modules/react-redux/node_modules/@babel/runtime/helpers/interopRequireWildcard.js
<s> [webpack.Progress] 25% building 129/146 modules 17 active <checkout>/.versionless/work/react-boilerplate-v4-node24/target/node_modules/react-redux/node_modules/@babel/runtime/helpers/extends.js
<s> [webpack.Progress] 25% building 129/147 modules 18 active <checkout>/.versionless/work/react-boilerplate-v4-node24/target/node_modules/react-redux/node_modules/@babel/runtime/helpers/objectWithoutPropertiesLoose.js
<s> [webpack.Progress] 25% building 129/148 modules 19 active <checkout>/.versionless/work/react-boilerplate-v4-node24/target/node_modules/react-redux/lib/hooks/useReduxContext.js
<s> [webpack.Progress] 25% building 129/149 modules 20 active <checkout>/.versionless/work/react-boilerplate-v4-node24/target/node_modules/react-redux/lib/connect/mapDispatchToProps.js
<s> [webpack.Progress] 25% building 129/150 modules 21 active <checkout>/.versionless/work/react-boilerplate-v4-node24/target/node_modules/react-redux/lib/connect/mapStateToProps.js
<s> [webpack.Progress] 25% building 129/151 modules 22 active <checkout>/.versionless/work/react-boilerplate-v4-node24/target/node_modules/react-redux/lib/connect/mergeProps.js
<s> [webpack.Progress] 25% building 129/152 modules 23 active <checkout>/.versionless/work/react-boilerplate-v4-node24/target/node_modules/react-redux/lib/connect/selectorFactory.js
<s> [webpack.Progress] 25% building 129/153 modules 24 active <checkout>/.versionless/work/react-boilerplate-v4-node24/target/node_modules/reselect/es/index.js
<s> [webpack.Progress] 25% building 129/154 modules 25 active <checkout>/.versionless/work/react-boilerplate-v4-node24/target/node_modules/react-app-polyfill/node_modules/core-js/modules/_array-includes.js
<s> [webpack.Progress] 25% building 129/155 modules 26 active <checkout>/.versionless/work/react-boilerplate-v4-node24/target/node_modules/babel-loader/lib/index.js!<checkout>/.versionless/work/react-boilerplate-v4-node24/target/app/containers/App/constants.js
<s> [webpack.Progress] 25% building 129/156 modules 27 active <checkout>/.versionless/work/react-boilerplate-v4-node24/target/node_modules/babel-loader/lib/index.js!<checkout>/.versionless/work/react-boilerplate-v4-node24/target/app/containers/LanguageProvider/constants.js
<s> [webpack.Progress] 25% building 129/157 modules 28 active <checkout>/.versionless/work/react-boilerplate-v4-node24/target/node_modules/@babel/polyfill/node_modules/core-js/fn/array/includes.js
<s> [webpack.Progress] 25% building 129/158 modules 29 active <checkout>/.versionless/work/react-boilerplate-v4-node24/target/node_modules/@babel/polyfill/node_modules/core-js/fn/array/flat-map.js
<s> [webpack.Progress] 25% building 129/159 modules 30 active <checkout>/.versionless/work/react-boilerplate-v4-node24/target/node_modules/@babel/polyfill/node_modules/core-js/fn/string/pad-start.js
<s> [webpack.Progress] 25% building 129/160 modules 31 active <checkout>/.versionless/work/react-boilerplate-v4-node24/target/node_modules/@babel/polyfill/node_modules/core-js/fn/string/pad-end.js
<s> [webpack.Progress] 25% building 129/161 modules 32 active <checkout>/.versionless/work/react-boilerplate-v4-node24/target/node_modules/@babel/polyfill/node_modules/core-js/fn/string/trim-start.js
<s> [webpack.Progress] 25% building 129/162 modules 33 active <checkout>/.versionless/work/react-boilerplate-v4-node24/target/node_modules/@babel/polyfill/node_modules/core-js/fn/string/trim-end.js
<s> [webpack.Progress] 25% building 129/163 modules 34 active <checkout>/.versionless/work/react-boilerplate-v4-node24/target/node_modules/@babel/polyfill/node_modules/core-js/fn/symbol/async-iterator.js
<s> [webpack.Progress] 25% building 129/164 modules 35 active <checkout>/.versionless/work/react-boilerplate-v4-node24/target/node_modules/@babel/polyfill/node_modules/core-js/fn/object/get-own-property-descriptors.js
<s> [webpack.Progress] 25% building 129/165 modules 36 active <checkout>/.versionless/work/react-boilerplate-v4-node24/target/node_modules/@babel/polyfill/node_modules/core-js/fn/object/values.js
<s> [webpack.Progress] 25% building 129/166 modules 37 active <checkout>/.versionless/work/react-boilerplate-v4-node24/target/node_modules/@babel/polyfill/node_modules/core-js/fn/object/entries.js
<s> [webpack.Progress] 25% building 129/167 modules 38 active <checkout>/.versionless/work/react-boilerplate-v4-node24/target/node_modules/@babel/polyfill/node_modules/core-js/fn/promise/finally.js
<s> [webpack.Progress] 25% building 130/167 modules 37 active <checkout>/.versionless/work/react-boilerplate-v4-node24/target/node_modules/@babel/polyfill/node_modules/core-js/fn/promise/finally.js
<s> [webpack.Progress] 25% building 131/167 modules 36 active <checkout>/.versionless/work/react-boilerplate-v4-node24/target/node_modules/@babel/polyfill/node_modules/core-js/fn/promise/finally.js
<s> [webpack.Progress] 25% building 132/167 modules 35 active <checkout>/.versionless/work/react-boilerplate-v4-node24/target/node_modules/@babel/polyfill/node_modules/core-js/fn/promise/finally.js
<s> [webpack.Progress] 25% building 133/167 modules 34 active <checkout>/.versionless/work/react-boilerplate-v4-node24/target/node_modules/@babel/polyfill/node_modules/core-js/fn/promise/finally.js
<s> [webpack.Progress] 26% building 134/167 modules 33 active <checkout>/.versionless/work/react-boilerplate-v4-node24/target/node_modules/@babel/polyfill/node_modules/core-js/fn/promise/finally.js
<s> [webpack.Progress] 26% building 134/168 modules 34 active <checkout>/.versionless/work/react-boilerplate-v4-node24/target/node_modules/history/cjs/history.min.js
<s> [webpack.Progress] 26% building 134/169 modules 35 active <checkout>/.versionless/work/react-boilerplate-v4-node24/target/node_modules/@babel/polyfill/node_modules/regenerator-runtime/runtime.js
<s> [webpack.Progress] 26% building 135/169 modules 34 active <checkout>/.versionless/work/react-boilerplate-v4-node24/target/node_modules/@babel/polyfill/node_modules/regenerator-runtime/runtime.js
<s> [webpack.Progress] 26% building 136/169 modules 33 active <checkout>/.versionless/work/react-boilerplate-v4-node24/target/node_modules/@babel/polyfill/node_modules/regenerator-runtime/runtime.js
<s> [webpack.Progress] 26% building 137/169 modules 32 active <checkout>/.versionless/work/react-boilerplate-v4-node24/target/node_modules/@babel/polyfill/node_modules/regenerator-runtime/runtime.js
<s> [webpack.Progress] 26% building 138/169 modules 31 active <checkout>/.versionless/work/react-boilerplate-v4-node24/target/node_modules/@babel/polyfill/node_modules/regenerator-runtime/runtime.js
<s> [webpack.Progress] 26% building 139/169 modules 30 active <checkout>/.versionless/work/react-boilerplate-v4-node24/target/node_modules/@babel/polyfill/node_modules/regenerator-runtime/runtime.js
<s> [webpack.Progress] 26% building 140/169 modules 29 active <checkout>/.versionless/work/react-boilerplate-v4-node24/target/node_modules/@babel/polyfill/node_modules/regenerator-runtime/runtime.js
<s> [webpack.Progress] 26% building 141/169 modules 28 active <checkout>/.versionless/work/react-boilerplate-v4-node24/target/node_modules/@babel/polyfill/node_modules/regenerator-runtime/runtime.js
<s> [webpack.Progress] 27% building 142/169 modules 27 active <checkout>/.versionless/work/react-boilerplate-v4-node24/target/node_modules/@babel/polyfill/node_modules/regenerator-runtime/runtime.js
<s> [webpack.Progress] 27% building 143/169 modules 26 active <checkout>/.versionless/work/react-boilerplate-v4-node24/target/node_modules/@babel/polyfill/node_modules/regenerator-runtime/runtime.js
<s> [webpack.Progress] 27% building 144/169 modules 25 active <checkout>/.versionless/work/react-boilerplate-v4-node24/target/node_modules/@babel/polyfill/node_modules/regenerator-runtime/runtime.js
<s> [webpack.Progress] 27% building 145/169 modules 24 active <checkout>/.versionless/work/react-boilerplate-v4-node24/target/node_modules/@babel/polyfill/node_modules/regenerator-runtime/runtime.js
<s> [webpack.Progress] 27% building 146/169 modules 23 active <checkout>/.versionless/work/react-boilerplate-v4-node24/target/node_modules/@babel/polyfill/node_modules/regenerator-runtime/runtime.js
<s> [webpack.Progress] 27% building 147/169 modules 22 active <checkout>/.versionless/work/react-boilerplate-v4-node24/target/node_modules/@babel/polyfill/node_modules/regenerator-runtime/runtime.js
<s> [webpack.Progress] 27% building 148/169 modules 21 active <checkout>/.versionless/work/react-boilerplate-v4-node24/target/node_modules/@babel/polyfill/node_modules/regenerator-runtime/runtime.js
<s> [webpack.Progress] 27% building 149/169 modules 20 active <checkout>/.versionless/work/react-boilerplate-v4-node24/target/node_modules/@babel/polyfill/node_modules/regenerator-runtime/runtime.js
<s> [webpack.Progress] 28% building 150/169 modules 19 active <checkout>/.versionless/work/react-boilerplate-v4-node24/target/node_modules/@babel/polyfill/node_modules/regenerator-runtime/runtime.js
<s> [webpack.Progress] 28% building 151/169 modules 18 active <checkout>/.versionless/work/react-boilerplate-v4-node24/target/node_modules/@babel/polyfill/node_modules/regenerator-runtime/runtime.js
<s> [webpack.Progress] 28% building 152/169 modules 17 active <checkout>/.versionless/work/react-boilerplate-v4-node24/target/node_modules/@babel/polyfill/node_modules/regenerator-runtime/runtime.js
<s> [webpack.Progress] 28% building 153/169 modules 16 active <checkout>/.versionless/work/react-boilerplate-v4-node24/target/node_modules/@babel/polyfill/node_modules/regenerator-runtime/runtime.js
<s> [webpack.Progress] 28% building 154/169 modules 15 active <checkout>/.versionless/work/react-boilerplate-v4-node24/target/node_modules/@babel/polyfill/node_modules/regenerator-runtime/runtime.js
<s> [webpack.Progress] 28% building 155/169 modules 14 active <checkout>/.versionless/work/react-boilerplate-v4-node24/target/node_modules/@babel/polyfill/node_modules/regenerator-runtime/runtime.js
<s> [webpack.Progress] 28% building 156/169 modules 13 active <checkout>/.versionless/work/react-boilerplate-v4-node24/target/node_modules/@babel/polyfill/node_modules/regenerator-runtime/runtime.js
<s> [webpack.Progress] 28% building 157/169 modules 12 active <checkout>/.versionless/work/react-boilerplate-v4-node24/target/node_modules/@babel/polyfill/node_modules/regenerator-runtime/runtime.js
<s> [webpack.Progress] 28% building 158/169 modules 11 active <checkout>/.versionless/work/react-boilerplate-v4-node24/target/node_modules/@babel/polyfill/node_modules/regenerator-runtime/runtime.js
<s> [webpack.Progress] 29% building 159/169 modules 10 active <checkout>/.versionless/work/react-boilerplate-v4-node24/target/node_modules/@babel/polyfill/node_modules/regenerator-runtime/runtime.js
<s> [webpack.Progress] 29% building 160/169 modules 9 active <checkout>/.versionless/work/react-boilerplate-v4-node24/target/node_modules/@babel/polyfill/node_modules/regenerator-runtime/runtime.js
<s> [webpack.Progress] 29% building 161/169 modules 8 active <checkout>/.versionless/work/react-boilerplate-v4-node24/target/node_modules/@babel/polyfill/node_modules/regenerator-runtime/runtime.js
<s> [webpack.Progress] 29% building 162/169 modules 7 active <checkout>/.versionless/work/react-boilerplate-v4-node24/target/node_modules/@babel/polyfill/node_modules/regenerator-runtime/runtime.js
<s> [webpack.Progress] 29% building 163/169 modules 6 active <checkout>/.versionless/work/react-boilerplate-v4-node24/target/node_modules/@babel/polyfill/node_modules/regenerator-runtime/runtime.js
<s> [webpack.Progress] 29% building 164/169 modules 5 active <checkout>/.versionless/work/react-boilerplate-v4-node24/target/node_modules/@babel/polyfill/node_modules/regenerator-runtime/runtime.js
<s> [webpack.Progress] 29% building 165/169 modules 4 active <checkout>/.versionless/work/react-boilerplate-v4-node24/target/node_modules/@babel/polyfill/node_modules/regenerator-runtime/runtime.js
<s> [webpack.Progress] 29% building 166/169 modules 3 active <checkout>/.versionless/work/react-boilerplate-v4-node24/target/node_modules/@babel/polyfill/node_modules/regenerator-runtime/runtime.js
<s> [webpack.Progress] 30% building 167/169 modules 2 active <checkout>/.versionless/work/react-boilerplate-v4-node24/target/node_modules/@babel/polyfill/node_modules/regenerator-runtime/runtime.js
<s> [webpack.Progress] 30% building 167/170 modules 3 active <checkout>/.versionless/work/react-boilerplate-v4-node24/target/node_modules/babel-loader/lib/index.js!<checkout>/.versionless/work/react-boilerplate-v4-node24/target/app/containers/HomePage/index.js
<s> [webpack.Progress] 30% building 167/171 modules 4 active <checkout>/.versionless/work/react-boilerplate-v4-node24/target/node_modules/babel-loader/lib/index.js!<checkout>/.versionless/work/react-boilerplate-v4-node24/target/app/containers/FeaturePage/index.js
<s> [webpack.Progress] 30% building 167/172 modules 5 active <checkout>/.versionless/work/react-boilerplate-v4-node24/target/node_modules/babel-loader/lib/index.js!<checkout>/.versionless/work/react-boilerplate-v4-node24/target/app/containers/NotFoundPage/index.js
<s> [webpack.Progress] 30% building 168/172 modules 4 active <checkout>/.versionless/work/react-boilerplate-v4-node24/target/node_modules/babel-loader/lib/index.js!<checkout>/.versionless/work/react-boilerplate-v4-node24/target/app/containers/NotFoundPage/index.js
<s> [webpack.Progress] 30% building 168/173 modules 5 active <checkout>/.versionless/work/react-boilerplate-v4-node24/target/node_modules/scheduler/index.js
<s> [webpack.Progress] 30% building 169/173 modules 4 active <checkout>/.versionless/work/react-boilerplate-v4-node24/target/node_modules/scheduler/index.js
<s> [webpack.Progress] 30% building 169/174 modules 5 active <checkout>/.versionless/work/react-boilerplate-v4-node24/target/node_modules/react-router-dom/cjs/react-router-dom.min.js
<s> [webpack.Progress] 30% building 169/175 modules 6 active <checkout>/.versionless/work/react-boilerplate-v4-node24/target/node_modules/@babel/polyfill/node_modules/core-js/es6/index.js
<s> [webpack.Progress] 30% building 169/176 modules 7 active <checkout>/.versionless/work/react-boilerplate-v4-node24/target/node_modules/@babel/polyfill/node_modules/core-js/web/index.js
<s> [webpack.Progress] 30% building 169/177 modules 8 active <checkout>/.versionless/work/react-boilerplate-v4-node24/target/node_modules/@babel/polyfill/node_modules/core-js/library/modules/es7.global.js
<s> [webpack.Progress] 30% building 169/178 modules 9 active <checkout>/.versionless/work/react-boilerplate-v4-node24/target/node_modules/@babel/polyfill/node_modules/core-js/library/modules/_core.js
<s> [webpack.Progress] 30% building 169/179 modules 10 active <checkout>/.versionless/work/react-boilerplate-v4-node24/target/node_modules/babel-loader/lib/index.js!<checkout>/.versionless/work/react-boilerplate-v4-node24/target/app/components/Footer/Wrapper.js
<s> [webpack.Progress] 30% building 169/180 modules 11 active <checkout>/.versionless/work/react-boilerplate-v4-node24/target/node_modules/babel-loader/lib/index.js!<checkout>/.versionless/work/react-boilerplate-v4-node24/target/app/components/Footer/messages.js
<s> [webpack.Progress] 30% building 169/181 modules 12 active <checkout>/.versionless/work/react-boilerplate-v4-node24/target/node_modules/babel-loader/lib/index.js!<checkout>/.versionless/work/react-boilerplate-v4-node24/target/app/components/Header/A.js
<s> [webpack.Progress] 30% building 169/182 modules 13 active <checkout>/.versionless/work/react-boilerplate-v4-node24/target/node_modules/babel-loader/lib/index.js!<checkout>/.versionless/work/react-boilerplate-v4-node24/target/app/components/Header/Img.js
<s> [webpack.Progress] 30% building 169/183 modules 14 active <checkout>/.versionless/work/react-boilerplate-v4-node24/target/node_modules/babel-loader/lib/index.js!<checkout>/.versionless/work/react-boilerplate-v4-node24/target/app/components/Header/NavBar.js
<s> [webpack.Progress] 30% building 169/184 modules 15 active <checkout>/.versionless/work/react-boilerplate-v4-node24/target/node_modules/babel-loader/lib/index.js!<checkout>/.versionless/work/react-boilerplate-v4-node24/target/app/components/Header/HeaderLink.js
<s> [webpack.Progress] 30% building 169/185 modules 16 active <checkout>/.versionless/work/react-boilerplate-v4-node24/target/node_modules/babel-loader/lib/index.js!<checkout>/.versionless/work/react-boilerplate-v4-node24/target/app/components/Header/messages.js
<s> [webpack.Progress] 30% building 169/186 modules 17 active <checkout>/.versionless/work/react-boilerplate-v4-node24/target/node_modules/prop-types/factoryWithThrowingShims.js
<s> [webpack.Progress] 30% building 169/187 modules 18 active <checkout>/.versionless/work/react-boilerplate-v4-node24/target/node_modules/invariant/browser.js
<s> [webpack.Progress] 30% building 169/188 modules 19 active <checkout>/.versionless/work/react-boilerplate-v4-node24/target/node_modules/react-router/index.js
<s> [webpack.Progress] 30% building 169/189 modules 20 active <checkout>/.versionless/work/react-boilerplate-v4-node24/target/node_modules/connected-react-router/lib/structure/plain/getIn.js
<s> [webpack.Progress] 30% building 169/190 modules 21 active <checkout>/.versionless/work/react-boilerplate-v4-node24/target/node_modules/react-redux/lib/connect/wrapMapToProps.js
<s> [webpack.Progress] 30% building 169/191 modules 22 active <checkout>/.versionless/work/react-boilerplate-v4-node24/target/node_modules/react-redux/lib/utils/verifyPlainObject.js
<s> [webpack.Progress] 30% building 169/192 modules 23 active <checkout>/.versionless/work/react-boilerplate-v4-node24/target/node_modules/react-redux/lib/connect/verifySubselectors.js
<s> [webpack.Progress] 30% building 169/193 modules 24 active <checkout>/.versionless/work/react-boilerplate-v4-node24/target/node_modules/react-app-polyfill/node_modules/core-js/modules/_to-absolute-index.js
<s> [webpack.Progress] 30% building 169/194 modules 25 active <checkout>/.versionless/work/react-boilerplate-v4-node24/target/node_modules/symbol-observable/es/index.js
<s> [webpack.Progress] 30% building 169/195 modules 26 active <checkout>/.versionless/work/react-boilerplate-v4-node24/target/node_modules/@redux-saga/core/dist/redux-saga-core.cjs.js
<s> [webpack.Progress] 30% building 169/196 modules 27 active <checkout>/.versionless/work/react-boilerplate-v4-node24/target/node_modules/intl-messageformat/src/main.js
<s> [webpack.Progress] 30% building 169/197 modules 28 active <checkout>/.versionless/work/react-boilerplate-v4-node24/target/node_modules/intl-relativeformat/src/main.js
<s> [webpack.Progress] 30% building 169/198 modules 29 active <checkout>/.versionless/work/react-boilerplate-v4-node24/target/node_modules/hoist-non-react-statics/dist/hoist-non-react-statics.cjs.js
<s> [webpack.Progress] 30% building 169/199 modules 30 active <checkout>/.versionless/work/react-boilerplate-v4-node24/target/node_modules/intl-format-cache/src/memoizer.js
<s> [webpack.Progress] 30% building 170/199 modules 29 active <checkout>/.versionless/work/react-boilerplate-v4-node24/target/node_modules/intl-format-cache/src/memoizer.js
<s> [webpack.Progress] 30% building 171/199 modules 28 active <checkout>/.versionless/work/react-boilerplate-v4-node24/target/node_modules/intl-format-cache/src/memoizer.js
<s> [webpack.Progress] 30% building 172/199 modules 27 active <checkout>/.versionless/work/react-boilerplate-v4-node24/target/node_modules/intl-format-cache/src/memoizer.js
<s> [webpack.Progress] 30% building 172/200 modules 28 active <checkout>/.versionless/work/react-boilerplate-v4-node24/target/node_modules/react-redux/node_modules/react-is/index.js
<s> [webpack.Progress] 30% building 172/201 modules 29 active <checkout>/.versionless/work/react-boilerplate-v4-node24/target/node_modules/react-is/index.js
<s> [webpack.Progress] 30% building 172/202 modules 30 active <checkout>/.versionless/work/react-boilerplate-v4-node24/target/node_modules/@babel/polyfill/node_modules/core-js/modules/es7.array.includes.js
<s> [webpack.Progress] 30% building 172/203 modules 31 active <checkout>/.versionless/work/react-boilerplate-v4-node24/target/node_modules/@babel/polyfill/node_modules/core-js/modules/_core.js
<s> [webpack.Progress] 30% building 172/204 modules 32 active <checkout>/.versionless/work/react-boilerplate-v4-node24/target/node_modules/@babel/polyfill/node_modules/core-js/modules/es7.array.flat-map.js
<s> [webpack.Progress] 30% building 172/205 modules 33 active <checkout>/.versionless/work/react-boilerplate-v4-node24/target/node_modules/@babel/polyfill/node_modules/core-js/modules/es7.string.pad-end.js
<s> [webpack.Progress] 30% building 172/206 modules 34 active <checkout>/.versionless/work/react-boilerplate-v4-node24/target/node_modules/@babel/polyfill/node_modules/core-js/modules/es7.string.trim-left.js
<s> [webpack.Progress] 30% building 172/207 modules 35 active <checkout>/.versionless/work/react-boilerplate-v4-node24/target/node_modules/@babel/polyfill/node_modules/core-js/modules/es7.string.trim-right.js
<s> [webpack.Progress] 30% building 172/208 modules 36 active <checkout>/.versionless/work/react-boilerplate-v4-node24/target/node_modules/@babel/polyfill/node_modules/core-js/modules/es7.object.values.js
<s> [webpack.Progress] 30% building 172/209 modules 37 active <checkout>/.versionless/work/react-boilerplate-v4-node24/target/node_modules/@babel/polyfill/node_modules/core-js/modules/es7.object.get-own-property-descriptors.js
<s> [webpack.Progress] 30% building 172/210 modules 38 active <checkout>/.versionless/work/react-boilerplate-v4-node24/target/node_modules/@babel/polyfill/node_modules/core-js/modules/es7.object.entries.js
<s> [webpack.Progress] 30% building 172/211 modules 39 active <checkout>/.versionless/work/react-boilerplate-v4-node24/target/node_modules/@babel/polyfill/node_modules/core-js/modules/es6.promise.js
<s> [webpack.Progress] 30% building 172/212 modules 40 active <checkout>/.versionless/work/react-boilerplate-v4-node24/target/node_modules/@babel/polyfill/node_modules/core-js/modules/es7.promise.finally.js
<s> [webpack.Progress] 30% building 172/213 modules 41 active <checkout>/.versionless/work/react-boilerplate-v4-node24/target/node_modules/@babel/polyfill/node_modules/core-js/modules/es7.string.pad-start.js
<s> [webpack.Progress] 30% building 172/214 modules 42 active <checkout>/.versionless/work/react-boilerplate-v4-node24/target/node_modules/@babel/polyfill/node_modules/core-js/modules/es7.symbol.async-iterator.js
<s> [webpack.Progress] 30% building 172/215 modules 43 active <checkout>/.versionless/work/react-boilerplate-v4-node24/target/node_modules/@babel/polyfill/node_modules/core-js/modules/_wks-ext.js
<s> [webpack.Progress] 30% building 173/215 modules 42 active <checkout>/.versionless/work/react-boilerplate-v4-node24/target/node_modules/@babel/polyfill/node_modules/core-js/modules/_wks-ext.js
<s> [webpack.Progress] 30% building 173/216 modules 43 active <checkout>/.versionless/work/react-boilerplate-v4-node24/target/node_modules/babel-loader/lib/index.js!<checkout>/.versionless/work/react-boilerplate-v4-node24/target/app/utils/loadable.js
<s> [webpack.Progress] 30% building 174/216 modules 42 active <checkout>/.versionless/work/react-boilerplate-v4-node24/target/node_modules/babel-loader/lib/index.js!<checkout>/.versionless/work/react-boilerplate-v4-node24/target/app/utils/loadable.js
<s> [webpack.Progress] 30% building 174/217 modules 43 active <checkout>/.versionless/work/react-boilerplate-v4-node24/target/node_modules/process/browser.js
<s> [webpack.Progress] 30% building 174/218 modules 44 active <checkout>/.versionless/work/react-boilerplate-v4-node24/target/node_modules/immer/dist/immer.module.js
<s> [webpack.Progress] 31% building 175/218 modules 43 active <checkout>/.versionless/work/react-boilerplate-v4-node24/target/node_modules/immer/dist/immer.module.js
<s> [webpack.Progress] 31% building 176/218 modules 42 active <checkout>/.versionless/work/react-boilerplate-v4-node24/target/node_modules/immer/dist/immer.module.js
<s> [webpack.Progress] 31% building 177/218 modules 41 active <checkout>/.versionless/work/react-boilerplate-v4-node24/target/node_modules/immer/dist/immer.module.js
<s> [webpack.Progress] 31% building 178/218 modules 40 active <checkout>/.versionless/work/react-boilerplate-v4-node24/target/node_modules/immer/dist/immer.module.js
<s> [webpack.Progress] 31% building 178/219 modules 41 active <checkout>/.versionless/work/react-boilerplate-v4-node24/target/node_modules/react-intl/node_modules/hoist-non-react-statics/dist/hoist-non-react-statics.cjs.js
<s> [webpack.Progress] 31% building 179/219 modules 40 active <checkout>/.versionless/work/react-boilerplate-v4-node24/target/node_modules/react-intl/node_modules/hoist-non-react-statics/dist/hoist-non-react-statics.cjs.js
<s> [webpack.Progress] 31% building 180/219 modules 39 active <checkout>/.versionless/work/react-boilerplate-v4-node24/target/node_modules/react-intl/node_modules/hoist-non-react-statics/dist/hoist-non-react-statics.cjs.js
<s> [webpack.Progress] 31% building 181/219 modules 38 active <checkout>/.versionless/work/react-boilerplate-v4-node24/target/node_modules/react-intl/node_modules/hoist-non-react-statics/dist/hoist-non-react-statics.cjs.js
<s> [webpack.Progress] 31% building 182/219 modules 37 active <checkout>/.versionless/work/react-boilerplate-v4-node24/target/node_modules/react-intl/node_modules/hoist-non-react-statics/dist/hoist-non-react-statics.cjs.js
<s> [webpack.Progress] 31% building 183/219 modules 36 active <checkout>/.versionless/work/react-boilerplate-v4-node24/target/node_modules/react-intl/node_modules/hoist-non-react-statics/dist/hoist-non-react-statics.cjs.js
<s> [webpack.Progress] 32% building 184/219 modules 35 active <checkout>/.versionless/work/react-boilerplate-v4-node24/target/node_modules/react-intl/node_modules/hoist-non-react-statics/dist/hoist-non-react-statics.cjs.js
<s> [webpack.Progress] 32% building 185/219 modules 34 active <checkout>/.versionless/work/react-boilerplate-v4-node24/target/node_modules/react-intl/node_modules/hoist-non-react-statics/dist/hoist-non-react-statics.cjs.js
<s> [webpack.Progress] 32% building 186/219 modules 33 active <checkout>/.versionless/work/react-boilerplate-v4-node24/target/node_modules/react-intl/node_modules/hoist-non-react-statics/dist/hoist-non-react-statics.cjs.js
<s> [webpack.Progress] 32% building 187/219 modules 32 active <checkout>/.versionless/work/react-boilerplate-v4-node24/target/node_modules/react-intl/node_modules/hoist-non-react-statics/dist/hoist-non-react-statics.cjs.js
<s> [webpack.Progress] 32% building 188/219 modules 31 active <checkout>/.versionless/work/react-boilerplate-v4-node24/target/node_modules/react-intl/node_modules/hoist-non-react-statics/dist/hoist-non-react-statics.cjs.js
<s> [webpack.Progress] 32% building 189/219 modules 30 active <checkout>/.versionless/work/react-boilerplate-v4-node24/target/node_modules/react-intl/node_modules/hoist-non-react-statics/dist/hoist-non-react-statics.cjs.js
<s> [webpack.Progress] 32% building 189/220 modules 31 active <checkout>/.versionless/work/react-boilerplate-v4-node24/target/node_modules/stylis/stylis.min.js
<s> [webpack.Progress] 32% building 190/220 modules 30 active <checkout>/.versionless/work/react-boilerplate-v4-node24/target/node_modules/stylis/stylis.min.js
<s> [webpack.Progress] 32% building 191/220 modules 29 active <checkout>/.versionless/work/react-boilerplate-v4-node24/target/node_modules/stylis/stylis.min.js
<s> [webpack.Progress] 33% building 192/220 modules 28 active <checkout>/.versionless/work/react-boilerplate-v4-node24/target/node_modules/stylis/stylis.min.js
<s> [webpack.Progress] 33% building 193/220 modules 27 active <checkout>/.versionless/work/react-boilerplate-v4-node24/target/node_modules/stylis/stylis.min.js
<s> [webpack.Progress] 33% building 194/220 modules 26 active <checkout>/.versionless/work/react-boilerplate-v4-node24/target/node_modules/stylis/stylis.min.js
<s> [webpack.Progress] 33% building 195/220 modules 25 active <checkout>/.versionless/work/react-boilerplate-v4-node24/target/node_modules/stylis/stylis.min.js
<s> [webpack.Progress] 33% building 196/220 modules 24 active <checkout>/.versionless/work/react-boilerplate-v4-node24/target/node_modules/stylis/stylis.min.js
<s> [webpack.Progress] 33% building 197/220 modules 23 active <checkout>/.versionless/work/react-boilerplate-v4-node24/target/node_modules/stylis/stylis.min.js
<s> [webpack.Progress] 33% building 198/220 modules 22 active <checkout>/.versionless/work/react-boilerplate-v4-node24/target/node_modules/stylis/stylis.min.js
<s> [webpack.Progress] 33% building 199/220 modules 21 active <checkout>/.versionless/work/react-boilerplate-v4-node24/target/node_modules/stylis/stylis.min.js
<s> [webpack.Progress] 34% building 200/220 modules 20 active <checkout>/.versionless/work/react-boilerplate-v4-node24/target/node_modules/stylis/stylis.min.js
<s> [webpack.Progress] 34% building 201/220 modules 19 active <checkout>/.versionless/work/react-boilerplate-v4-node24/target/node_modules/stylis/stylis.min.js
<s> [webpack.Progress] 34% building 202/220 modules 18 active <checkout>/.versionless/work/react-boilerplate-v4-node24/target/node_modules/stylis/stylis.min.js
<s> [webpack.Progress] 34% building 203/220 modules 17 active <checkout>/.versionless/work/react-boilerplate-v4-node24/target/node_modules/stylis/stylis.min.js
<s> [webpack.Progress] 34% building 204/220 modules 16 active <checkout>/.versionless/work/react-boilerplate-v4-node24/target/node_modules/stylis/stylis.min.js
<s> [webpack.Progress] 34% building 205/220 modules 15 active <checkout>/.versionless/work/react-boilerplate-v4-node24/target/node_modules/stylis/stylis.min.js
<s> [webpack.Progress] 34% building 206/220 modules 14 active <checkout>/.versionless/work/react-boilerplate-v4-node24/target/node_modules/stylis/stylis.min.js
<s> [webpack.Progress] 34% building 207/220 modules 13 active <checkout>/.versionless/work/react-boilerplate-v4-node24/target/node_modules/stylis/stylis.min.js
<s> [webpack.Progress] 34% building 208/220 modules 12 active <checkout>/.versionless/work/react-boilerplate-v4-node24/target/node_modules/stylis/stylis.min.js
<s> [webpack.Progress] 35% building 209/220 modules 11 active <checkout>/.versionless/work/react-boilerplate-v4-node24/target/node_modules/stylis/stylis.min.js
<s> [webpack.Progress] 35% building 210/220 modules 10 active <checkout>/.versionless/work/react-boilerplate-v4-node24/target/node_modules/stylis/stylis.min.js
<s> [webpack.Progress] 35% building 211/220 modules 9 active <checkout>/.versionless/work/react-boilerplate-v4-node24/target/node_modules/stylis/stylis.min.js
<s> [webpack.Progress] 35% building 212/220 modules 8 active <checkout>/.versionless/work/react-boilerplate-v4-node24/target/node_modules/stylis/stylis.min.js
<s> [webpack.Progress] 35% building 213/220 modules 7 active <checkout>/.versionless/work/react-boilerplate-v4-node24/target/node_modules/stylis/stylis.min.js
<s> [webpack.Progress] 35% building 214/220 modules 6 active <checkout>/.versionless/work/react-boilerplate-v4-node24/target/node_modules/stylis/stylis.min.js
<s> [webpack.Progress] 35% building 215/220 modules 5 active <checkout>/.versionless/work/react-boilerplate-v4-node24/target/node_modules/stylis/stylis.min.js
<s> [webpack.Progress] 35% building 215/221 modules 6 active <checkout>/.versionless/work/react-boilerplate-v4-node24/target/node_modules/scheduler/cjs/scheduler.production.min.js
<s> [webpack.Progress] 35% building 215/222 modules 7 active <checkout>/.versionless/work/react-boilerplate-v4-node24/target/node_modules/babel-loader/lib/index.js!<checkout>/.versionless/work/react-boilerplate-v4-node24/target/app/containers/HomePage/AtPrefix.js
<s> [webpack.Progress] 35% building 215/223 modules 8 active <checkout>/.versionless/work/react-boilerplate-v4-node24/target/node_modules/babel-loader/lib/index.js!<checkout>/.versionless/work/react-boilerplate-v4-node24/target/app/containers/HomePage/Form.js
<s> [webpack.Progress] 35% building 215/224 modules 9 active <checkout>/.versionless/work/react-boilerplate-v4-node24/target/node_modules/babel-loader/lib/index.js!<checkout>/.versionless/work/react-boilerplate-v4-node24/target/app/containers/HomePage/CenteredSection.js
<s> [webpack.Progress] 35% building 215/225 modules 10 active <checkout>/.versionless/work/react-boilerplate-v4-node24/target/node_modules/babel-loader/lib/index.js!<checkout>/.versionless/work/react-boilerplate-v4-node24/target/app/containers/HomePage/Input.js
<s> [webpack.Progress] 35% building 215/226 modules 11 active <checkout>/.versionless/work/react-boilerplate-v4-node24/target/node_modules/babel-loader/lib/index.js!<checkout>/.versionless/work/react-boilerplate-v4-node24/target/app/containers/HomePage/messages.js
<s> [webpack.Progress] 35% building 215/227 modules 12 active <checkout>/.versionless/work/react-boilerplate-v4-node24/target/node_modules/babel-loader/lib/index.js!<checkout>/.versionless/work/react-boilerplate-v4-node24/target/app/containers/HomePage/Section.js
<s> [webpack.Progress] 35% building 215/228 modules 13 active <checkout>/.versionless/work/react-boilerplate-v4-node24/target/node_modules/babel-loader/lib/index.js!<checkout>/.versionless/work/react-boilerplate-v4-node24/target/app/containers/App/actions.js
<s> [webpack.Progress] 35% building 215/229 modules 14 active <checkout>/.versionless/work/react-boilerplate-v4-node24/target/node_modules/babel-loader/lib/index.js!<checkout>/.versionless/work/react-boilerplate-v4-node24/target/app/containers/HomePage/actions.js
<s> [webpack.Progress] 35% building 215/230 modules 15 active <checkout>/.versionless/work/react-boilerplate-v4-node24/target/node_modules/babel-loader/lib/index.js!<checkout>/.versionless/work/react-boilerplate-v4-node24/target/app/containers/HomePage/saga.js
<s> [webpack.Progress] 35% building 215/231 modules 16 active <checkout>/.versionless/work/react-boilerplate-v4-node24/target/node_modules/babel-loader/lib/index.js!<checkout>/.versionless/work/react-boilerplate-v4-node24/target/app/containers/HomePage/selectors.js
<s> [webpack.Progress] 35% building 215/232 modules 17 active <checkout>/.versionless/work/react-boilerplate-v4-node24/target/node_modules/babel-loader/lib/index.js!<checkout>/.versionless/work/react-boilerplate-v4-node24/target/app/components/LoadingIndicator/index.js
<s> [webpack.Progress] 35% building 215/233 modules 18 active <checkout>/.versionless/work/react-boilerplate-v4-node24/target/node_modules/babel-loader/lib/index.js!<checkout>/.versionless/work/react-boilerplate-v4-node24/target/app/containers/HomePage/reducer.js
<s> [webpack.Progress] 35% building 216/233 modules 17 active <checkout>/.versionless/work/react-boilerplate-v4-node24/target/node_modules/babel-loader/lib/index.js!<checkout>/.versionless/work/react-boilerplate-v4-node24/target/app/containers/HomePage/reducer.js
<s> [webpack.Progress] 35% building 216/234 modules 18 active <checkout>/.versionless/work/react-boilerplate-v4-node24/target/node_modules/babel-loader/lib/index.js!<checkout>/.versionless/work/react-boilerplate-v4-node24/target/app/containers/FeaturePage/ListItemTitle.js
<s> [webpack.Progress] 35% building 216/235 modules 19 active <checkout>/.versionless/work/react-boilerplate-v4-node24/target/node_modules/babel-loader/lib/index.js!<checkout>/.versionless/work/react-boilerplate-v4-node24/target/app/containers/FeaturePage/messages.js
<s> [webpack.Progress] 35% building 216/236 modules 20 active <checkout>/.versionless/work/react-boilerplate-v4-node24/target/node_modules/babel-loader/lib/index.js!<checkout>/.versionless/work/react-boilerplate-v4-node24/target/app/containers/FeaturePage/ListItem.js
<s> [webpack.Progress] 35% building 216/237 modules 21 active <checkout>/.versionless/work/react-boilerplate-v4-node24/target/node_modules/babel-loader/lib/index.js!<checkout>/.versionless/work/react-boilerplate-v4-node24/target/app/containers/FeaturePage/List.js
<s> [webpack.Progress] 35% building 216/238 modules 22 active <checkout>/.versionless/work/react-boilerplate-v4-node24/target/node_modules/babel-loader/lib/index.js!<checkout>/.versionless/work/react-boilerplate-v4-node24/target/app/containers/NotFoundPage/messages.js
<s> [webpack.Progress] 36% building 217/238 modules 21 active <checkout>/.versionless/work/react-boilerplate-v4-node24/target/node_modules/babel-loader/lib/index.js!<checkout>/.versionless/work/react-boilerplate-v4-node24/target/app/containers/NotFoundPage/messages.js
<s> [webpack.Progress] 36% building 218/238 modules 20 active <checkout>/.versionless/work/react-boilerplate-v4-node24/target/node_modules/babel-loader/lib/index.js!<checkout>/.versionless/work/react-boilerplate-v4-node24/target/app/containers/NotFoundPage/messages.js
<s> [webpack.Progress] 36% building 219/238 modules 19 active <checkout>/.versionless/work/react-boilerplate-v4-node24/target/node_modules/babel-loader/lib/index.js!<checkout>/.versionless/work/react-boilerplate-v4-node24/target/app/containers/NotFoundPage/messages.js
<s> [webpack.Progress] 36% building 219/239 modules 20 active <checkout>/.versionless/work/react-boilerplate-v4-node24/target/node_modules/symbol-observable/es/ponyfill.js
<s> [webpack.Progress] 36% building 219/240 modules 21 active <checkout>/.versionless/work/react-boilerplate-v4-node24/target/node_modules/@redux-saga/core/dist/redux-saga-core.prod.cjs.js
<s> [webpack.Progress] 36% building 219/241 modules 22 active <checkout>/.versionless/work/react-boilerplate-v4-node24/target/node_modules/@babel/polyfill/node_modules/core-js/modules/es6.symbol.js
<s> [webpack.Progress] 36% building 219/242 modules 23 active <checkout>/.versionless/work/react-boilerplate-v4-node24/target/node_modules/@babel/polyfill/node_modules/core-js/modules/es6.object.create.js
<s> [webpack.Progress] 36% building 219/243 modules 24 active <checkout>/.versionless/work/react-boilerplate-v4-node24/target/node_modules/@babel/polyfill/node_modules/core-js/modules/es6.object.define-property.js
<s> [webpack.Progress] 36% building 219/244 modules 25 active <checkout>/.versionless/work/react-boilerplate-v4-node24/target/node_modules/@babel/polyfill/node_modules/core-js/modules/es6.object.define-properties.js
<s> [webpack.Progress] 36% building 219/245 modules 26 active <checkout>/.versionless/work/react-boilerplate-v4-node24/target/node_modules/@babel/polyfill/node_modules/core-js/modules/es6.object.get-own-property-descriptor.js
<s> [webpack.Progress] 36% building 219/246 modules 27 active <checkout>/.versionless/work/react-boilerplate-v4-node24/target/node_modules/@babel/polyfill/node_modules/core-js/modules/es6.object.keys.js
<s> [webpack.Progress] 36% building 219/247 modules 28 active <checkout>/.versionless/work/react-boilerplate-v4-node24/target/node_modules/@babel/polyfill/node_modules/core-js/modules/es6.object.get-prototype-of.js
<s> [webpack.Progress] 36% building 219/248 modules 29 active <checkout>/.versionless/work/react-boilerplate-v4-node24/target/node_modules/@babel/polyfill/node_modules/core-js/modules/web.timers.js
<s> [webpack.Progress] 36% building 219/249 modules 30 active <checkout>/.versionless/work/react-boilerplate-v4-node24/target/node_modules/@babel/polyfill/node_modules/core-js/library/modules/_export.js
<s> [webpack.Progress] 36% building 219/250 modules 31 active <checkout>/.versionless/work/react-boilerplate-v4-node24/target/node_modules/@babel/polyfill/node_modules/core-js/library/modules/_global.js
<s> [webpack.Progress] 36% building 219/251 modules 32 active <checkout>/.versionless/work/react-boilerplate-v4-node24/target/node_modules/react-router/cjs/react-router.min.js
<s> [webpack.Progress] 36% building 219/252 modules 33 active <checkout>/.versionless/work/react-boilerplate-v4-node24/target/node_modules/@babel/polyfill/node_modules/core-js/modules/web.dom.iterable.js
<s> [webpack.Progress] 36% building 219/253 modules 34 active <checkout>/.versionless/work/react-boilerplate-v4-node24/target/node_modules/@babel/polyfill/node_modules/core-js/modules/es6.reflect.set-prototype-of.js
<s> [webpack.Progress] 36% building 219/254 modules 35 active <checkout>/.versionless/work/react-boilerplate-v4-node24/target/node_modules/@babel/polyfill/node_modules/core-js/modules/es6.reflect.set.js
<s> [webpack.Progress] 36% building 219/255 modules 36 active <checkout>/.versionless/work/react-boilerplate-v4-node24/target/node_modules/@babel/polyfill/node_modules/core-js/modules/es6.reflect.prevent-extensions.js
<s> [webpack.Progress] 36% building 219/256 modules 37 active <checkout>/.versionless/work/react-boilerplate-v4-node24/target/node_modules/@babel/polyfill/node_modules/core-js/modules/web.immediate.js
<s> [webpack.Progress] 36% building 219/257 modules 38 active <checkout>/.versionless/work/react-boilerplate-v4-node24/target/node_modules/@babel/polyfill/node_modules/core-js/modules/es6.reflect.own-keys.js
<s> [webpack.Progress] 36% building 219/258 modules 39 active <checkout>/.versionless/work/react-boilerplate-v4-node24/target/node_modules/babel-loader/lib/index.js!<checkout>/.versionless/work/react-boilerplate-v4-node24/target/app/components/A/index.js
<s> [webpack.Progress] 36% building 219/259 modules 40 active <checkout>/.versionless/work/react-boilerplate-v4-node24/target/node_modules/babel-loader/lib/index.js!<checkout>/.versionless/work/react-boilerplate-v4-node24/target/app/containers/LocaleToggle/index.js
<s> [webpack.Progress] 36% building 220/259 modules 39 active <checkout>/.versionless/work/react-boilerplate-v4-node24/target/node_modules/babel-loader/lib/index.js!<checkout>/.versionless/work/react-boilerplate-v4-node24/target/app/containers/LocaleToggle/index.js
<s> [webpack.Progress] 36% building 220/260 modules 40 active <checkout>/.versionless/work/react-boilerplate-v4-node24/target/node_modules/@babel/polyfill/node_modules/core-js/modules/es6.reflect.is-extensible.js
<s> [webpack.Progress] 36% building 220/261 modules 41 active <checkout>/.versionless/work/react-boilerplate-v4-node24/target/node_modules/@babel/polyfill/node_modules/core-js/modules/es6.reflect.has.js
<s> [webpack.Progress] 36% building 220/262 modules 42 active <checkout>/.versionless/work/react-boilerplate-v4-node24/target/node_modules/@babel/polyfill/node_modules/core-js/modules/es6.reflect.get-prototype-of.js
<s> [webpack.Progress] 36% building 220/263 modules 43 active <checkout>/.versionless/work/react-boilerplate-v4-node24/target/node_modules/@babel/polyfill/node_modules/core-js/modules/es6.reflect.get-own-property-descriptor.js
<s> [webpack.Progress] 36% building 220/264 modules 44 active <checkout>/.versionless/work/react-boilerplate-v4-node24/target/node_modules/@babel/polyfill/node_modules/core-js/modules/es6.reflect.get.js
<s> [webpack.Progress] 36% building 220/265 modules 45 active <checkout>/.versionless/work/react-boilerplate-v4-node24/target/node_modules/react-redux/node_modules/react-is/cjs/react-is.production.min.js
<s> [webpack.Progress] 36% building 220/266 modules 46 active <checkout>/.versionless/work/react-boilerplate-v4-node24/target/node_modules/react-is/cjs/react-is.production.min.js
<s> [webpack.Progress] 36% building 220/267 modules 47 active <checkout>/.versionless/work/react-boilerplate-v4-node24/target/node_modules/@babel/polyfill/node_modules/core-js/modules/es6.reflect.enumerate.js
<s> [webpack.Progress] 36% building 220/268 modules 48 active <checkout>/.versionless/work/react-boilerplate-v4-node24/target/node_modules/@babel/polyfill/node_modules/core-js/modules/es6.reflect.delete-property.js
<s> [webpack.Progress] 36% building 220/269 modules 49 active <checkout>/.versionless/work/react-boilerplate-v4-node24/target/node_modules/react-redux/lib/utils/warning.js
<s> [webpack.Progress] 36% building 220/270 modules 50 active <checkout>/.versionless/work/react-boilerplate-v4-node24/target/node_modules/react-redux/lib/utils/isPlainObject.js
<s> [webpack.Progress] 36% building 220/271 modules 51 active <checkout>/.versionless/work/react-boilerplate-v4-node24/target/node_modules/prop-types/lib/ReactPropTypesSecret.js
<s> [webpack.Progress] 36% building 220/272 modules 52 active <checkout>/.versionless/work/react-boilerplate-v4-node24/target/node_modules/intl-relativeformat/src/core.js
<s> [webpack.Progress] 36% building 220/273 modules 53 active <checkout>/.versionless/work/react-boilerplate-v4-node24/target/node_modules/intl-messageformat/src/core.js
<s> [webpack.Progress] 36% building 220/274 modules 54 active <checkout>/.versionless/work/react-boilerplate-v4-node24/target/node_modules/intl-format-cache/src/es5.js
<s> [webpack.Progress] 36% building 221/274 modules 53 active <checkout>/.versionless/work/react-boilerplate-v4-node24/target/node_modules/intl-format-cache/src/es5.js
<s> [webpack.Progress] 36% building 222/274 modules 52 active <checkout>/.versionless/work/react-boilerplate-v4-node24/target/node_modules/intl-format-cache/src/es5.js
<s> [webpack.Progress] 36% building 223/274 modules 51 active <checkout>/.versionless/work/react-boilerplate-v4-node24/target/node_modules/intl-format-cache/src/es5.js
<s> [webpack.Progress] 36% building 224/274 modules 50 active <checkout>/.versionless/work/react-boilerplate-v4-node24/target/node_modules/intl-format-cache/src/es5.js
<s> [webpack.Progress] 37% building 225/274 modules 49 active <checkout>/.versionless/work/react-boilerplate-v4-node24/target/node_modules/intl-format-cache/src/es5.js
<s> [webpack.Progress] 37% building 226/274 modules 48 active <checkout>/.versionless/work/react-boilerplate-v4-node24/target/node_modules/intl-format-cache/src/es5.js
<s> [webpack.Progress] 37% building 227/274 modules 47 active <checkout>/.versionless/work/react-boilerplate-v4-node24/target/node_modules/intl-format-cache/src/es5.js
<s> [webpack.Progress] 37% building 228/274 modules 46 active <checkout>/.versionless/work/react-boilerplate-v4-node24/target/node_modules/intl-format-cache/src/es5.js
<s> [webpack.Progress] 37% building 229/274 modules 45 active <checkout>/.versionless/work/react-boilerplate-v4-node24/target/node_modules/intl-format-cache/src/es5.js
<s> [webpack.Progress] 37% building 230/274 modules 44 active <checkout>/.versionless/work/react-boilerplate-v4-node24/target/node_modules/intl-format-cache/src/es5.js
<s> [webpack.Progress] 37% building 231/274 modules 43 active <checkout>/.versionless/work/react-boilerplate-v4-node24/target/node_modules/intl-format-cache/src/es5.js
<s> [webpack.Progress] 37% building 231/275 modules 44 active <checkout>/.versionless/work/react-boilerplate-v4-node24/target/node_modules/babel-loader/lib/index.js!<checkout>/.versionless/work/react-boilerplate-v4-node24/target/app/utils/injectReducer.js
<s> [webpack.Progress] 37% building 231/276 modules 45 active <checkout>/.versionless/work/react-boilerplate-v4-node24/target/node_modules/babel-loader/lib/index.js!<checkout>/.versionless/work/react-boilerplate-v4-node24/target/app/utils/injectSaga.js
<s> [webpack.Progress] 37% building 232/276 modules 44 active <checkout>/.versionless/work/react-boilerplate-v4-node24/target/node_modules/babel-loader/lib/index.js!<checkout>/.versionless/work/react-boilerplate-v4-node24/target/app/utils/injectSaga.js
<s> [webpack.Progress] 37% building 233/276 modules 43 active <checkout>/.versionless/work/react-boilerplate-v4-node24/target/node_modules/babel-loader/lib/index.js!<checkout>/.versionless/work/react-boilerplate-v4-node24/target/app/utils/injectSaga.js
<s> [webpack.Progress] 38% building 234/276 modules 42 active <checkout>/.versionless/work/react-boilerplate-v4-node24/target/node_modules/babel-loader/lib/index.js!<checkout>/.versionless/work/react-boilerplate-v4-node24/target/app/utils/injectSaga.js
<s> [webpack.Progress] 38% building 235/276 modules 41 active <checkout>/.versionless/work/react-boilerplate-v4-node24/target/node_modules/babel-loader/lib/index.js!<checkout>/.versionless/work/react-boilerplate-v4-node24/target/app/utils/injectSaga.js
<s> [webpack.Progress] 38% building 236/276 modules 40 active <checkout>/.versionless/work/react-boilerplate-v4-node24/target/node_modules/babel-loader/lib/index.js!<checkout>/.versionless/work/react-boilerplate-v4-node24/target/app/utils/injectSaga.js
<s> [webpack.Progress] 38% building 237/276 modules 39 active <checkout>/.versionless/work/react-boilerplate-v4-node24/target/node_modules/babel-loader/lib/index.js!<checkout>/.versionless/work/react-boilerplate-v4-node24/target/app/utils/injectSaga.js
<s> [webpack.Progress] 38% building 238/276 modules 38 active <checkout>/.versionless/work/react-boilerplate-v4-node24/target/node_modules/babel-loader/lib/index.js!<checkout>/.versionless/work/react-boilerplate-v4-node24/target/app/utils/injectSaga.js
<s> [webpack.Progress] 38% building 238/277 modules 39 active <checkout>/.versionless/work/react-boilerplate-v4-node24/target/node_modules/stylis-rule-sheet/index.js
<s> [webpack.Progress] 38% building 238/278 modules 40 active <checkout>/.versionless/work/react-boilerplate-v4-node24/target/node_modules/react-fast-compare/index.js
<s> [webpack.Progress] 38% building 238/279 modules 41 active <checkout>/.versionless/work/react-boilerplate-v4-node24/target/node_modules/@babel/polyfill/node_modules/core-js/modules/_export.js
<s> [webpack.Progress] 38% building 238/280 modules 42 active <checkout>/.versionless/work/react-boilerplate-v4-node24/target/node_modules/@babel/polyfill/node_modules/core-js/modules/_add-to-unscopables.js
<s> [webpack.Progress] 38% building 238/281 modules 43 active <checkout>/.versionless/work/react-boilerplate-v4-node24/target/node_modules/@babel/polyfill/node_modules/core-js/modules/_string-trim.js
<s> [webpack.Progress] 38% building 238/282 modules 44 active <checkout>/.versionless/work/react-boilerplate-v4-node24/target/node_modules/@babel/polyfill/node_modules/core-js/modules/_library.js
<s> [webpack.Progress] 38% building 238/283 modules 45 active <checkout>/.versionless/work/react-boilerplate-v4-node24/target/node_modules/@babel/polyfill/node_modules/core-js/modules/_wks-define.js
<s> [webpack.Progress] 38% building 238/284 modules 46 active <checkout>/.versionless/work/react-boilerplate-v4-node24/target/node_modules/@babel/polyfill/node_modules/core-js/modules/_wks.js
<s> [webpack.Progress] 38% building 238/285 modules 47 active <checkout>/.versionless/work/react-boilerplate-v4-node24/target/node_modules/babel-loader/lib/index.js!<checkout>/.versionless/work/react-boilerplate-v4-node24/target/app/containers/App/selectors.js
<s> [webpack.Progress] 38% building 238/286 modules 48 active <checkout>/.versionless/work/react-boilerplate-v4-node24/target/node_modules/@babel/polyfill/node_modules/core-js/modules/_object-to-array.js
<s> [webpack.Progress] 38% building 238/287 modules 49 active <checkout>/.versionless/work/react-boilerplate-v4-node24/target/node_modules/@babel/polyfill/node_modules/core-js/modules/_user-agent.js
<s> [webpack.Progress] 38% building 238/288 modules 50 active <checkout>/.versionless/work/react-boilerplate-v4-node24/target/node_modules/@babel/polyfill/node_modules/core-js/modules/_string-pad.js
<s> [webpack.Progress] 38% building 238/289 modules 51 active <checkout>/.versionless/work/react-boilerplate-v4-node24/target/node_modules/@babel/polyfill/node_modules/core-js/modules/_promise-resolve.js
<s> [webpack.Progress] 38% building 238/290 modules 52 active <checkout>/.versionless/work/react-boilerplate-v4-node24/target/node_modules/@emotion/unitless/dist/unitless.browser.cjs.js
<s> [webpack.Progress] 38% building 238/291 modules 53 active <checkout>/.versionless/work/react-boilerplate-v4-node24/target/node_modules/@emotion/is-prop-valid/dist/is-prop-valid.browser.cjs.js
<s> [webpack.Progress] 38% building 238/292 modules 54 active <checkout>/.versionless/work/react-boilerplate-v4-node24/target/node_modules/react-side-effect/lib/index.js
<s> [webpack.Progress] 38% building 238/293 modules 55 active <checkout>/.versionless/work/react-boilerplate-v4-node24/target/node_modules/memoize-one/dist/memoize-one.cjs.js
<s> [webpack.Progress] 38% building 239/293 modules 54 active <checkout>/.versionless/work/react-boilerplate-v4-node24/target/node_modules/memoize-one/dist/memoize-one.cjs.js
<s> [webpack.Progress] 38% building 239/294 modules 55 active <checkout>/.versionless/work/react-boilerplate-v4-node24/target/node_modules/@babel/polyfill/node_modules/core-js/modules/_species-constructor.js
<s> [webpack.Progress] 38% building 240/294 modules 54 active <checkout>/.versionless/work/react-boilerplate-v4-node24/target/node_modules/@babel/polyfill/node_modules/core-js/modules/_species-constructor.js
<s> [webpack.Progress] 38% building 241/294 modules 53 active <checkout>/.versionless/work/react-boilerplate-v4-node24/target/node_modules/@babel/polyfill/node_modules/core-js/modules/_species-constructor.js
<s> [webpack.Progress] 39% building 242/294 modules 52 active <checkout>/.versionless/work/react-boilerplate-v4-node24/target/node_modules/@babel/polyfill/node_modules/core-js/modules/_species-constructor.js
<s> [webpack.Progress] 39% building 243/294 modules 51 active <checkout>/.versionless/work/react-boilerplate-v4-node24/target/node_modules/@babel/polyfill/node_modules/core-js/modules/_species-constructor.js
<s> [webpack.Progress] 39% building 244/294 modules 50 active <checkout>/.versionless/work/react-boilerplate-v4-node24/target/node_modules/@babel/polyfill/node_modules/core-js/modules/_species-constructor.js
<s> [webpack.Progress] 39% building 245/294 modules 49 active <checkout>/.versionless/work/react-boilerplate-v4-node24/target/node_modules/@babel/polyfill/node_modules/core-js/modules/_species-constructor.js
<s> [webpack.Progress] 39% building 246/294 modules 48 active <checkout>/.versionless/work/react-boilerplate-v4-node24/target/node_modules/@babel/polyfill/node_modules/core-js/modules/_species-constructor.js
<s> [webpack.Progress] 39% building 247/294 modules 47 active <checkout>/.versionless/work/react-boilerplate-v4-node24/target/node_modules/@babel/polyfill/node_modules/core-js/modules/_species-constructor.js
<s> [webpack.Progress] 39% building 248/294 modules 46 active <checkout>/.versionless/work/react-boilerplate-v4-node24/target/node_modules/@babel/polyfill/node_modules/core-js/modules/_species-constructor.js
<s> [webpack.Progress] 39% building 249/294 modules 45 active <checkout>/.versionless/work/react-boilerplate-v4-node24/target/node_modules/@babel/polyfill/node_modules/core-js/modules/_species-constructor.js
<s> [webpack.Progress] 40% building 250/294 modules 44 active <checkout>/.versionless/work/react-boilerplate-v4-node24/target/node_modules/@babel/polyfill/node_modules/core-js/modules/_species-constructor.js
<s> [webpack.Progress] 40% building 250/295 modules 45 active <checkout>/.versionless/work/react-boilerplate-v4-node24/target/node_modules/@babel/polyfill/node_modules/core-js/modules/_global.js
<s> [webpack.Progress] 40% building 251/295 modules 44 active <checkout>/.versionless/work/react-boilerplate-v4-node24/target/node_modules/@babel/polyfill/node_modules/core-js/modules/_global.js
<s> [webpack.Progress] 40% building 252/295 modules 43 active <checkout>/.versionless/work/react-boilerplate-v4-node24/target/node_modules/@babel/polyfill/node_modules/core-js/modules/_global.js
<s> [webpack.Progress] 40% building 253/295 modules 42 active <checkout>/.versionless/work/react-boilerplate-v4-node24/target/node_modules/@babel/polyfill/node_modules/core-js/modules/_global.js
<s> [webpack.Progress] 40% building 254/295 modules 41 active <checkout>/.versionless/work/react-boilerplate-v4-node24/target/node_modules/@babel/polyfill/node_modules/core-js/modules/_global.js
<s> [webpack.Progress] 40% building 255/295 modules 40 active <checkout>/.versionless/work/react-boilerplate-v4-node24/target/node_modules/@babel/polyfill/node_modules/core-js/modules/_global.js
<s> [webpack.Progress] 40% building 256/295 modules 39 active <checkout>/.versionless/work/react-boilerplate-v4-node24/target/node_modules/@babel/polyfill/node_modules/core-js/modules/_global.js
<s> [webpack.Progress] 40% building 257/295 modules 38 active <checkout>/.versionless/work/react-boilerplate-v4-node24/target/node_modules/@babel/polyfill/node_modules/core-js/modules/_global.js
<s> [webpack.Progress] 40% building 258/295 modules 37 active <checkout>/.versionless/work/react-boilerplate-v4-node24/target/node_modules/@babel/polyfill/node_modules/core-js/modules/_global.js
<s> [webpack.Progress] 41% building 259/295 modules 36 active <checkout>/.versionless/work/react-boilerplate-v4-node24/target/node_modules/@babel/polyfill/node_modules/core-js/modules/_global.js
<s> [webpack.Progress] 41% building 260/295 modules 35 active <checkout>/.versionless/work/react-boilerplate-v4-node24/target/node_modules/@babel/polyfill/node_modules/core-js/modules/_global.js
<s> [webpack.Progress] 41% building 261/295 modules 34 active <checkout>/.versionless/work/react-boilerplate-v4-node24/target/node_modules/@babel/polyfill/node_modules/core-js/modules/_global.js
<s> [webpack.Progress] 41% building 261/296 modules 35 active <checkout>/.versionless/work/react-boilerplate-v4-node24/target/node_modules/url-loader/dist/cjs.js??ref--9-0!<checkout>/.versionless/work/react-boilerplate-v4-node24/target/node_modules/image-webpack-loader/index.js??ref--9-1!<checkout>/.versionless/work/react-boilerplate-v4-node24/target/app/components/Header/banner.jpg
<s> [webpack.Progress] 41% building 262/296 modules 34 active <checkout>/.versionless/work/react-boilerplate-v4-node24/target/node_modules/url-loader/dist/cjs.js??ref--9-0!<checkout>/.versionless/work/react-boilerplate-v4-node24/target/node_modules/image-webpack-loader/index.js??ref--9-1!<checkout>/.versionless/work/react-boilerplate-v4-node24/target/app/components/Header/banner.jpg
<s> [webpack.Progress] 41% building 263/296 modules 33 active <checkout>/.versionless/work/react-boilerplate-v4-node24/target/node_modules/url-loader/dist/cjs.js??ref--9-0!<checkout>/.versionless/work/react-boilerplate-v4-node24/target/node_modules/image-webpack-loader/index.js??ref--9-1!<checkout>/.versionless/work/react-boilerplate-v4-node24/target/app/components/Header/banner.jpg
<s> [webpack.Progress] 41% building 264/296 modules 32 active <checkout>/.versionless/work/react-boilerplate-v4-node24/target/node_modules/url-loader/dist/cjs.js??ref--9-0!<checkout>/.versionless/work/react-boilerplate-v4-node24/target/node_modules/image-webpack-loader/index.js??ref--9-1!<checkout>/.versionless/work/react-boilerplate-v4-node24/target/app/components/Header/banner.jpg
<s> [webpack.Progress] 41% building 264/297 modules 33 active <checkout>/.versionless/work/react-boilerplate-v4-node24/target/node_modules/@babel/polyfill/node_modules/core-js/modules/_iter-detect.js
<s> [webpack.Progress] 41% building 264/298 modules 34 active <checkout>/.versionless/work/react-boilerplate-v4-node24/target/node_modules/@babel/polyfill/node_modules/core-js/modules/_set-species.js
<s> [webpack.Progress] 41% building 265/298 modules 33 active <checkout>/.versionless/work/react-boilerplate-v4-node24/target/node_modules/@babel/polyfill/node_modules/core-js/modules/_set-species.js
<s> [webpack.Progress] 41% building 266/298 modules 32 active <checkout>/.versionless/work/react-boilerplate-v4-node24/target/node_modules/@babel/polyfill/node_modules/core-js/modules/_set-species.js
<s> [webpack.Progress] 42% building 267/298 modules 31 active <checkout>/.versionless/work/react-boilerplate-v4-node24/target/node_modules/@babel/polyfill/node_modules/core-js/modules/_set-species.js
<s> [webpack.Progress] 42% building 268/298 modules 30 active <checkout>/.versionless/work/react-boilerplate-v4-node24/target/node_modules/@babel/polyfill/node_modules/core-js/modules/_set-species.js
<s> [webpack.Progress] 42% building 269/298 modules 29 active <checkout>/.versionless/work/react-boilerplate-v4-node24/target/node_modules/@babel/polyfill/node_modules/core-js/modules/_set-species.js
<s> [webpack.Progress] 42% building 269/299 modules 30 active <checkout>/.versionless/work/react-boilerplate-v4-node24/target/node_modules/resolve-pathname/cjs/index.js
<s> [webpack.Progress] 42% building 270/299 modules 29 active <checkout>/.versionless/work/react-boilerplate-v4-node24/target/node_modules/resolve-pathname/cjs/index.js
<s> [webpack.Progress] 42% building 271/299 modules 28 active <checkout>/.versionless/work/react-boilerplate-v4-node24/target/node_modules/resolve-pathname/cjs/index.js
<s> [webpack.Progress] 42% building 271/300 modules 29 active <checkout>/.versionless/work/react-boilerplate-v4-node24/target/node_modules/value-equal/cjs/index.js
<s> [webpack.Progress] 42% building 271/301 modules 30 active <checkout>/.versionless/work/react-boilerplate-v4-node24/target/node_modules/tiny-warning/dist/tiny-warning.cjs.js
<s> [webpack.Progress] 42% building 271/302 modules 31 active <checkout>/.versionless/work/react-boilerplate-v4-node24/target/node_modules/tiny-invariant/dist/tiny-invariant.cjs.js
<s> [webpack.Progress] 42% building 272/302 modules 30 active <checkout>/.versionless/work/react-boilerplate-v4-node24/target/node_modules/tiny-invariant/dist/tiny-invariant.cjs.js
<s> [webpack.Progress] 42% building 273/302 modules 29 active <checkout>/.versionless/work/react-boilerplate-v4-node24/target/node_modules/tiny-invariant/dist/tiny-invariant.cjs.js
<s> [webpack.Progress] 42% building 274/302 modules 28 active <checkout>/.versionless/work/react-boilerplate-v4-node24/target/node_modules/tiny-invariant/dist/tiny-invariant.cjs.js
<s> [webpack.Progress] 43% building 275/302 modules 27 active <checkout>/.versionless/work/react-boilerplate-v4-node24/target/node_modules/tiny-invariant/dist/tiny-invariant.cjs.js
<s> [webpack.Progress] 43% building 276/302 modules 26 active <checkout>/.versionless/work/react-boilerplate-v4-node24/target/node_modules/tiny-invariant/dist/tiny-invariant.cjs.js
<s> [webpack.Progress] 43% building 277/302 modules 25 active <checkout>/.versionless/work/react-boilerplate-v4-node24/target/node_modules/tiny-invariant/dist/tiny-invariant.cjs.js
<s> [webpack.Progress] 43% building 278/302 modules 24 active <checkout>/.versionless/work/react-boilerplate-v4-node24/target/node_modules/tiny-invariant/dist/tiny-invariant.cjs.js
<s> [webpack.Progress] 43% building 278/303 modules 25 active <checkout>/.versionless/work/react-boilerplate-v4-node24/target/node_modules/@babel/polyfill/node_modules/core-js/modules/_set-to-string-tag.js
<s> [webpack.Progress] 43% building 279/303 modules 24 active <checkout>/.versionless/work/react-boilerplate-v4-node24/target/node_modules/@babel/polyfill/node_modules/core-js/modules/_set-to-string-tag.js
<s> [webpack.Progress] 43% building 280/303 modules 23 active <checkout>/.versionless/work/react-boilerplate-v4-node24/target/node_modules/@babel/polyfill/node_modules/core-js/modules/_set-to-string-tag.js
<s> [webpack.Progress] 43% building 281/303 modules 22 active <checkout>/.versionless/work/react-boilerplate-v4-node24/target/node_modules/@babel/polyfill/node_modules/core-js/modules/_set-to-string-tag.js
<s> [webpack.Progress] 43% building 282/303 modules 21 active <checkout>/.versionless/work/react-boilerplate-v4-node24/target/node_modules/@babel/polyfill/node_modules/core-js/modules/_set-to-string-tag.js
<s> [webpack.Progress] 43% building 283/303 modules 20 active <checkout>/.versionless/work/react-boilerplate-v4-node24/target/node_modules/@babel/polyfill/node_modules/core-js/modules/_set-to-string-tag.js
<s> [webpack.Progress] 44% building 284/303 modules 19 active <checkout>/.versionless/work/react-boilerplate-v4-node24/target/node_modules/@babel/polyfill/node_modules/core-js/modules/_set-to-string-tag.js
<s> [webpack.Progress] 44% building 284/304 modules 20 active <checkout>/.versionless/work/react-boilerplate-v4-node24/target/node_modules/@babel/polyfill/node_modules/core-js/modules/_redefine-all.js
<s> [webpack.Progress] 44% building 284/305 modules 21 active <checkout>/.versionless/work/react-boilerplate-v4-node24/target/node_modules/@babel/polyfill/node_modules/core-js/modules/_perform.js
<s> [webpack.Progress] 44% building 284/306 modules 22 active <checkout>/.versionless/work/react-boilerplate-v4-node24/target/node_modules/@babel/polyfill/node_modules/core-js/modules/_new-promise-capability.js
<s> [webpack.Progress] 44% building 284/307 modules 23 active <checkout>/.versionless/work/react-boilerplate-v4-node24/target/node_modules/@babel/polyfill/node_modules/core-js/modules/_microtask.js
<s> [webpack.Progress] 44% building 284/308 modules 24 active <checkout>/.versionless/work/react-boilerplate-v4-node24/target/node_modules/babel-loader/lib/index.js!<checkout>/.versionless/work/react-boilerplate-v4-node24/target/app/containers/HomePage/constants.js
<s> [webpack.Progress] 44% building 284/309 modules 25 active <checkout>/.versionless/work/react-boilerplate-v4-node24/target/node_modules/babel-loader/lib/index.js!<checkout>/.versionless/work/react-boilerplate-v4-node24/target/app/components/H2/index.js
<s> [webpack.Progress] 44% building 284/310 modules 26 active <checkout>/.versionless/work/react-boilerplate-v4-node24/target/node_modules/babel-loader/lib/index.js!<checkout>/.versionless/work/react-boilerplate-v4-node24/target/app/components/ReposList/index.js
<s> [webpack.Progress] 44% building 285/310 modules 25 active <checkout>/.versionless/work/react-boilerplate-v4-node24/target/node_modules/babel-loader/lib/index.js!<checkout>/.versionless/work/react-boilerplate-v4-node24/target/app/components/ReposList/index.js
<s> [webpack.Progress] 44% building 286/310 modules 24 active <checkout>/.versionless/work/react-boilerplate-v4-node24/target/node_modules/babel-loader/lib/index.js!<checkout>/.versionless/work/react-boilerplate-v4-node24/target/app/components/ReposList/index.js
<s> [webpack.Progress] 44% building 287/310 modules 23 active <checkout>/.versionless/work/react-boilerplate-v4-node24/target/node_modules/babel-loader/lib/index.js!<checkout>/.versionless/work/react-boilerplate-v4-node24/target/app/components/ReposList/index.js
<s> [webpack.Progress] 44% building 287/311 modules 24 active <checkout>/.versionless/work/react-boilerplate-v4-node24/target/node_modules/babel-loader/lib/index.js!<checkout>/.versionless/work/react-boilerplate-v4-node24/target/app/components/LoadingIndicator/Wrapper.js
<s> [webpack.Progress] 44% building 288/311 modules 23 active <checkout>/.versionless/work/react-boilerplate-v4-node24/target/node_modules/babel-loader/lib/index.js!<checkout>/.versionless/work/react-boilerplate-v4-node24/target/app/components/LoadingIndicator/Wrapper.js
<s> [webpack.Progress] 44% building 288/312 modules 24 active <checkout>/.versionless/work/react-boilerplate-v4-node24/target/node_modules/babel-loader/lib/index.js!<checkout>/.versionless/work/react-boilerplate-v4-node24/target/app/components/H1/index.js
<s> [webpack.Progress] 44% building 288/313 modules 25 active <checkout>/.versionless/work/react-boilerplate-v4-node24/target/node_modules/babel-loader/lib/index.js!<checkout>/.versionless/work/react-boilerplate-v4-node24/target/app/components/LoadingIndicator/Circle.js
<s> [webpack.Progress] 44% building 288/314 modules 26 active <checkout>/.versionless/work/react-boilerplate-v4-node24/target/node_modules/@babel/polyfill/node_modules/core-js/modules/_task.js
<s> [webpack.Progress] 44% building 289/314 modules 25 active <checkout>/.versionless/work/react-boilerplate-v4-node24/target/node_modules/@babel/polyfill/node_modules/core-js/modules/_task.js
<s> [webpack.Progress] 44% building 290/314 modules 24 active <checkout>/.versionless/work/react-boilerplate-v4-node24/target/node_modules/@babel/polyfill/node_modules/core-js/modules/_task.js
<s> [webpack.Progress] 44% building 291/314 modules 23 active <checkout>/.versionless/work/react-boilerplate-v4-node24/target/node_modules/@babel/polyfill/node_modules/core-js/modules/_task.js
<s> [webpack.Progress] 45% building 292/314 modules 22 active <checkout>/.versionless/work/react-boilerplate-v4-node24/target/node_modules/@babel/polyfill/node_modules/core-js/modules/_task.js
<s> [webpack.Progress] 45% building 293/314 modules 21 active <checkout>/.versionless/work/react-boilerplate-v4-node24/target/node_modules/@babel/polyfill/node_modules/core-js/modules/_task.js
<s> [webpack.Progress] 45% building 293/315 modules 22 active <checkout>/.versionless/work/react-boilerplate-v4-node24/target/node_modules/@babel/polyfill/node_modules/core-js/modules/_an-instance.js
<s> [webpack.Progress] 45% building 293/316 modules 23 active <checkout>/.versionless/work/react-boilerplate-v4-node24/target/node_modules/@babel/polyfill/node_modules/core-js/modules/_a-function.js
<s> [webpack.Progress] 45% building 293/317 modules 24 active <checkout>/.versionless/work/react-boilerplate-v4-node24/target/node_modules/@babel/polyfill/node_modules/core-js/modules/_is-object.js
<s> [webpack.Progress] 45% building 293/318 modules 25 active <checkout>/.versionless/work/react-boilerplate-v4-node24/target/node_modules/@babel/polyfill/node_modules/core-js/modules/_for-of.js
<s> [webpack.Progress] 45% building 293/319 modules 26 active <checkout>/.versionless/work/react-boilerplate-v4-node24/target/node_modules/@babel/polyfill/node_modules/core-js/modules/_ctx.js
<s> [webpack.Progress] 45% building 294/319 modules 25 active <checkout>/.versionless/work/react-boilerplate-v4-node24/target/node_modules/@babel/polyfill/node_modules/core-js/modules/_ctx.js
<s> [webpack.Progress] 45% building 294/320 modules 26 active <checkout>/.versionless/work/react-boilerplate-v4-node24/target/node_modules/@babel/polyfill/node_modules/core-js/modules/_classof.js
<s> [webpack.Progress] 45% building 294/321 modules 27 active <checkout>/.versionless/work/react-boilerplate-v4-node24/target/node_modules/@babel/polyfill/node_modules/core-js/modules/_create-property.js
<s> [webpack.Progress] 45% building 295/321 modules 26 active <checkout>/.versionless/work/react-boilerplate-v4-node24/target/node_modules/@babel/polyfill/node_modules/core-js/modules/_create-property.js
<s> [webpack.Progress] 45% building 295/322 modules 27 active <checkout>/.versionless/work/react-boilerplate-v4-node24/target/node_modules/@babel/polyfill/node_modules/core-js/modules/_object-gopd.js
<s> [webpack.Progress] 45% building 295/323 modules 28 active <checkout>/.versionless/work/react-boilerplate-v4-node24/target/node_modules/@babel/polyfill/node_modules/core-js/modules/_to-iobject.js
<s> [webpack.Progress] 45% building 295/324 modules 29 active <checkout>/.versionless/work/react-boilerplate-v4-node24/target/node_modules/@babel/polyfill/node_modules/core-js/modules/_own-keys.js
<s> [webpack.Progress] 45% building 295/325 modules 30 active <checkout>/.versionless/work/react-boilerplate-v4-node24/target/node_modules/@babel/polyfill/node_modules/core-js/modules/_array-species-create.js
<s> [webpack.Progress] 45% building 296/325 modules 29 active <checkout>/.versionless/work/react-boilerplate-v4-node24/target/node_modules/@babel/polyfill/node_modules/core-js/modules/_array-species-create.js
<s> [webpack.Progress] 45% building 296/326 modules 30 active <checkout>/.versionless/work/react-boilerplate-v4-node24/target/node_modules/@babel/polyfill/node_modules/core-js/modules/_to-length.js
<s> [webpack.Progress] 45% building 296/327 modules 31 active <checkout>/.versionless/work/react-boilerplate-v4-node24/target/node_modules/@babel/polyfill/node_modules/core-js/modules/_object-create.js
<s> [webpack.Progress] 45% building 296/328 modules 32 active <checkout>/.versionless/work/react-boilerplate-v4-node24/target/node_modules/@babel/polyfill/node_modules/core-js/modules/_object-dp.js
<s> [webpack.Progress] 45% building 296/329 modules 33 active <checkout>/.versionless/work/react-boilerplate-v4-node24/target/node_modules/@babel/polyfill/node_modules/core-js/modules/_object-dps.js
<s> [webpack.Progress] 45% building 296/330 modules 34 active <checkout>/.versionless/work/react-boilerplate-v4-node24/target/node_modules/@babel/polyfill/node_modules/core-js/modules/_to-object.js
<s> [webpack.Progress] 45% building 296/331 modules 35 active <checkout>/.versionless/work/react-boilerplate-v4-node24/target/node_modules/@babel/polyfill/node_modules/core-js/modules/_object-sap.js
<s> [webpack.Progress] 45% building 296/332 modules 36 active <checkout>/.versionless/work/react-boilerplate-v4-node24/target/node_modules/@babel/polyfill/node_modules/core-js/library/modules/_has.js
<s> [webpack.Progress] 45% building 296/333 modules 37 active <checkout>/.versionless/work/react-boilerplate-v4-node24/target/node_modules/@babel/polyfill/node_modules/core-js/library/modules/_hide.js
<s> [webpack.Progress] 45% building 296/334 modules 38 active <checkout>/.versionless/work/react-boilerplate-v4-node24/target/node_modules/@babel/polyfill/node_modules/core-js/library/modules/_ctx.js
<s> [webpack.Progress] 45% building 296/335 modules 39 active <checkout>/.versionless/work/react-boilerplate-v4-node24/target/node_modules/@babel/polyfill/node_modules/core-js/modules/_object-gpo.js
<s> [webpack.Progress] 45% building 296/336 modules 40 active <checkout>/.versionless/work/react-boilerplate-v4-node24/target/node_modules/@babel/polyfill/node_modules/core-js/modules/_set-proto.js
<s> [webpack.Progress] 45% building 296/337 modules 41 active <checkout>/.versionless/work/react-boilerplate-v4-node24/target/node_modules/@babel/polyfill/node_modules/core-js/modules/_an-object.js
<s> [webpack.Progress] 45% building 296/338 modules 42 active <checkout>/.versionless/work/react-boilerplate-v4-node24/target/node_modules/@babel/runtime/helpers/objectWithoutPropertiesLoose.js
<s> [webpack.Progress] 45% building 297/338 modules 41 active <checkout>/.versionless/work/react-boilerplate-v4-node24/target/node_modules/@babel/runtime/helpers/objectWithoutPropertiesLoose.js
<s> [webpack.Progress] 45% building 297/339 modules 42 active <checkout>/.versionless/work/react-boilerplate-v4-node24/target/node_modules/@babel/runtime/helpers/extends.js
<s> [webpack.Progress] 45% building 297/340 modules 43 active <checkout>/.versionless/work/react-boilerplate-v4-node24/target/node_modules/@babel/polyfill/node_modules/core-js/modules/es6.array.iterator.js
<s> [webpack.Progress] 45% building 298/340 modules 42 active <checkout>/.versionless/work/react-boilerplate-v4-node24/target/node_modules/@babel/polyfill/node_modules/core-js/modules/es6.array.iterator.js
<s> [webpack.Progress] 45% building 298/341 modules 43 active <checkout>/.versionless/work/react-boilerplate-v4-node24/target/node_modules/babel-loader/lib/index.js!<checkout>/.versionless/work/react-boilerplate-v4-node24/target/app/components/Img/index.js
<s> [webpack.Progress] 45% building 298/342 modules 44 active <checkout>/.versionless/work/react-boilerplate-v4-node24/target/node_modules/babel-loader/lib/index.js!<checkout>/.versionless/work/react-boilerplate-v4-node24/target/app/containers/LanguageProvider/actions.js
<s> [webpack.Progress] 45% building 299/342 modules 43 active <checkout>/.versionless/work/react-boilerplate-v4-node24/target/node_modules/babel-loader/lib/index.js!<checkout>/.versionless/work/react-boilerplate-v4-node24/target/app/containers/LanguageProvider/actions.js
<s> [webpack.Progress] 46% building 300/342 modules 42 active <checkout>/.versionless/work/react-boilerplate-v4-node24/target/node_modules/babel-loader/lib/index.js!<checkout>/.versionless/work/react-boilerplate-v4-node24/target/app/containers/LanguageProvider/actions.js
<s> [webpack.Progress] 46% building 301/342 modules 41 active <checkout>/.versionless/work/react-boilerplate-v4-node24/target/node_modules/babel-loader/lib/index.js!<checkout>/.versionless/work/react-boilerplate-v4-node24/target/app/containers/LanguageProvider/actions.js
<s> [webpack.Progress] 46% building 302/342 modules 40 active <checkout>/.versionless/work/react-boilerplate-v4-node24/target/node_modules/babel-loader/lib/index.js!<checkout>/.versionless/work/react-boilerplate-v4-node24/target/app/containers/LanguageProvider/actions.js
<s> [webpack.Progress] 46% building 302/343 modules 41 active <checkout>/.versionless/work/react-boilerplate-v4-node24/target/node_modules/@babel/polyfill/node_modules/core-js/modules/_has.js
<s> [webpack.Progress] 46% building 302/344 modules 42 active <checkout>/.versionless/work/react-boilerplate-v4-node24/target/node_modules/@babel/polyfill/node_modules/core-js/modules/_iter-create.js
<s> [webpack.Progress] 46% building 302/345 modules 43 active <checkout>/.versionless/work/react-boilerplate-v4-node24/target/node_modules/babel-loader/lib/index.js!<checkout>/.versionless/work/react-boilerplate-v4-node24/target/app/containers/LocaleToggle/messages.js
<s> [webpack.Progress] 46% building 303/345 modules 42 active <checkout>/.versionless/work/react-boilerplate-v4-node24/target/node_modules/babel-loader/lib/index.js!<checkout>/.versionless/work/react-boilerplate-v4-node24/target/app/containers/LocaleToggle/messages.js
<s> [webpack.Progress] 46% building 303/346 modules 43 active <checkout>/.versionless/work/react-boilerplate-v4-node24/target/node_modules/intl-messageformat/src/utils.js
<s> [webpack.Progress] 46% building 304/346 modules 42 active <checkout>/.versionless/work/react-boilerplate-v4-node24/target/node_modules/intl-messageformat/src/utils.js
<s> [webpack.Progress] 46% building 305/346 modules 41 active <checkout>/.versionless/work/react-boilerplate-v4-node24/target/node_modules/intl-messageformat/src/utils.js
<s> [webpack.Progress] 46% building 306/346 modules 40 active <checkout>/.versionless/work/react-boilerplate-v4-node24/target/node_modules/intl-messageformat/src/utils.js
<s> [webpack.Progress] 46% building 307/346 modules 39 active <checkout>/.versionless/work/react-boilerplate-v4-node24/target/node_modules/intl-messageformat/src/utils.js
<s> [webpack.Progress] 46% building 308/346 modules 38 active <checkout>/.versionless/work/react-boilerplate-v4-node24/target/node_modules/intl-messageformat/src/utils.js
<s> [webpack.Progress] 47% building 309/346 modules 37 active <checkout>/.versionless/work/react-boilerplate-v4-node24/target/node_modules/intl-messageformat/src/utils.js
<s> [webpack.Progress] 47% building 309/347 modules 38 active <checkout>/.versionless/work/react-boilerplate-v4-node24/target/node_modules/babel-loader/lib/index.js!<checkout>/.versionless/work/react-boilerplate-v4-node24/target/app/utils/request.js
<s> [webpack.Progress] 47% building 310/347 modules 37 active <checkout>/.versionless/work/react-boilerplate-v4-node24/target/node_modules/babel-loader/lib/index.js!<checkout>/.versionless/work/react-boilerplate-v4-node24/target/app/utils/request.js
<s> [webpack.Progress] 47% building 310/348 modules 38 active <checkout>/.versionless/work/react-boilerplate-v4-node24/target/node_modules/babel-loader/lib/index.js!<checkout>/.versionless/work/react-boilerplate-v4-node24/target/app/utils/sagaInjectors.js
<s> [webpack.Progress] 47% building 310/349 modules 39 active <checkout>/.versionless/work/react-boilerplate-v4-node24/target/node_modules/babel-loader/lib/index.js!<checkout>/.versionless/work/react-boilerplate-v4-node24/target/app/utils/reducerInjectors.js
<s> [webpack.Progress] 47% building 311/349 modules 38 active <checkout>/.versionless/work/react-boilerplate-v4-node24/target/node_modules/babel-loader/lib/index.js!<checkout>/.versionless/work/react-boilerplate-v4-node24/target/app/utils/reducerInjectors.js
<s> [webpack.Progress] 47% building 312/349 modules 37 active <checkout>/.versionless/work/react-boilerplate-v4-node24/target/node_modules/babel-loader/lib/index.js!<checkout>/.versionless/work/react-boilerplate-v4-node24/target/app/utils/reducerInjectors.js
<s> [webpack.Progress] 47% building 313/349 modules 36 active <checkout>/.versionless/work/react-boilerplate-v4-node24/target/node_modules/babel-loader/lib/index.js!<checkout>/.versionless/work/react-boilerplate-v4-node24/target/app/utils/reducerInjectors.js
<s> [webpack.Progress] 47% building 314/349 modules 35 active <checkout>/.versionless/work/react-boilerplate-v4-node24/target/node_modules/babel-loader/lib/index.js!<checkout>/.versionless/work/react-boilerplate-v4-node24/target/app/utils/reducerInjectors.js
<s> [webpack.Progress] 47% building 314/350 modules 36 active <checkout>/.versionless/work/react-boilerplate-v4-node24/target/node_modules/intl-messageformat/src/compiler.js
<s> [webpack.Progress] 47% building 314/351 modules 37 active <checkout>/.versionless/work/react-boilerplate-v4-node24/target/node_modules/intl-messageformat/src/es5.js
<s> [webpack.Progress] 47% building 315/351 modules 36 active <checkout>/.versionless/work/react-boilerplate-v4-node24/target/node_modules/intl-messageformat/src/es5.js
<s> [webpack.Progress] 47% building 316/351 modules 35 active <checkout>/.versionless/work/react-boilerplate-v4-node24/target/node_modules/intl-messageformat/src/es5.js
<s> [webpack.Progress] 48% building 317/351 modules 34 active <checkout>/.versionless/work/react-boilerplate-v4-node24/target/node_modules/intl-messageformat/src/es5.js
<s> [webpack.Progress] 48% building 318/351 modules 33 active <checkout>/.versionless/work/react-boilerplate-v4-node24/target/node_modules/intl-messageformat/src/es5.js
<s> [webpack.Progress] 48% building 319/351 modules 32 active <checkout>/.versionless/work/react-boilerplate-v4-node24/target/node_modules/intl-messageformat/src/es5.js
<s> [webpack.Progress] 48% building 319/352 modules 33 active <checkout>/.versionless/work/react-boilerplate-v4-node24/target/node_modules/@babel/polyfill/node_modules/core-js/modules/_string-ws.js
<s> [webpack.Progress] 48% building 319/353 modules 34 active <checkout>/.versionless/work/react-boilerplate-v4-node24/target/node_modules/@babel/polyfill/node_modules/core-js/modules/_hide.js
<s> [webpack.Progress] 48% building 320/353 modules 33 active <checkout>/.versionless/work/react-boilerplate-v4-node24/target/node_modules/@babel/polyfill/node_modules/core-js/modules/_hide.js
<s> [webpack.Progress] 48% building 320/354 modules 34 active <checkout>/.versionless/work/react-boilerplate-v4-node24/target/node_modules/@babel/polyfill/node_modules/core-js/modules/_fails.js
<s> [webpack.Progress] 48% building 320/355 modules 35 active <checkout>/.versionless/work/react-boilerplate-v4-node24/target/node_modules/@babel/polyfill/node_modules/core-js/modules/_shared.js
<s> [webpack.Progress] 48% building 321/355 modules 34 active <checkout>/.versionless/work/react-boilerplate-v4-node24/target/node_modules/@babel/polyfill/node_modules/core-js/modules/_shared.js
<s> [webpack.Progress] 48% building 321/356 modules 35 active <checkout>/.versionless/work/react-boilerplate-v4-node24/target/node_modules/@babel/polyfill/node_modules/core-js/modules/_uid.js
<s> [webpack.Progress] 48% building 321/357 modules 36 active <checkout>/.versionless/work/react-boilerplate-v4-node24/target/node_modules/@babel/polyfill/node_modules/core-js/modules/_defined.js
<s> [webpack.Progress] 48% building 322/357 modules 35 active <checkout>/.versionless/work/react-boilerplate-v4-node24/target/node_modules/@babel/polyfill/node_modules/core-js/modules/_defined.js
<s> [webpack.Progress] 48% building 322/358 modules 36 active <checkout>/.versionless/work/react-boilerplate-v4-node24/target/node_modules/@babel/polyfill/node_modules/core-js/modules/_redefine.js
<s> [webpack.Progress] 48% building 322/359 modules 37 active <checkout>/.versionless/work/react-boilerplate-v4-node24/target/node_modules/@babel/polyfill/node_modules/core-js/modules/_object-keys.js
<s> [webpack.Progress] 48% building 323/359 modules 36 active <checkout>/.versionless/work/react-boilerplate-v4-node24/target/node_modules/@babel/polyfill/node_modules/core-js/modules/_object-keys.js
<s> [webpack.Progress] 48% building 324/359 modules 35 active <checkout>/.versionless/work/react-boilerplate-v4-node24/target/node_modules/@babel/polyfill/node_modules/core-js/modules/_object-keys.js
<s> [webpack.Progress] 48% building 324/360 modules 36 active <checkout>/.versionless/work/react-boilerplate-v4-node24/target/node_modules/@babel/polyfill/node_modules/core-js/modules/_object-pie.js
<s> [webpack.Progress] 48% building 324/361 modules 37 active <checkout>/.versionless/work/react-boilerplate-v4-node24/target/node_modules/@redux-saga/core/dist/chunk-2fd513a6.js
<s> [webpack.Progress] 48% building 324/362 modules 38 active <checkout>/.versionless/work/react-boilerplate-v4-node24/target/node_modules/@babel/polyfill/node_modules/core-js/modules/_string-repeat.js
<s> [webpack.Progress] 49% building 325/362 modules 37 active <checkout>/.versionless/work/react-boilerplate-v4-node24/target/node_modules/@babel/polyfill/node_modules/core-js/modules/_string-repeat.js
<s> [webpack.Progress] 49% building 325/363 modules 38 active <checkout>/.versionless/work/react-boilerplate-v4-node24/target/node_modules/intl-relativeformat/src/es5.js
<s> [webpack.Progress] 49% building 326/363 modules 37 active <checkout>/.versionless/work/react-boilerplate-v4-node24/target/node_modules/intl-relativeformat/src/es5.js
<s> [webpack.Progress] 49% building 327/363 modules 36 active <checkout>/.versionless/work/react-boilerplate-v4-node24/target/node_modules/intl-relativeformat/src/es5.js
<s> [webpack.Progress] 49% building 328/363 modules 35 active <checkout>/.versionless/work/react-boilerplate-v4-node24/target/node_modules/intl-relativeformat/src/es5.js
<s> [webpack.Progress] 49% building 329/363 modules 34 active <checkout>/.versionless/work/react-boilerplate-v4-node24/target/node_modules/intl-relativeformat/src/es5.js
<s> [webpack.Progress] 49% building 330/363 modules 33 active <checkout>/.versionless/work/react-boilerplate-v4-node24/target/node_modules/intl-relativeformat/src/es5.js
<s> [webpack.Progress] 49% building 331/363 modules 32 active <checkout>/.versionless/work/react-boilerplate-v4-node24/target/node_modules/intl-relativeformat/src/es5.js
<s> [webpack.Progress] 49% building 332/363 modules 31 active <checkout>/.versionless/work/react-boilerplate-v4-node24/target/node_modules/intl-relativeformat/src/es5.js
<s> [webpack.Progress] 49% building 332/364 modules 32 active <checkout>/.versionless/work/react-boilerplate-v4-node24/target/node_modules/intl-relativeformat/src/diff.js
<s> [webpack.Progress] 49% building 333/364 modules 31 active <checkout>/.versionless/work/react-boilerplate-v4-node24/target/node_modules/intl-relativeformat/src/diff.js
<s> [webpack.Progress] 50% building 334/364 modules 30 active <checkout>/.versionless/work/react-boilerplate-v4-node24/target/node_modules/intl-relativeformat/src/diff.js
<s> [webpack.Progress] 50% building 335/364 modules 29 active <checkout>/.versionless/work/react-boilerplate-v4-node24/target/node_modules/intl-relativeformat/src/diff.js
<s> [webpack.Progress] 50% building 335/365 modules 30 active <checkout>/.versionless/work/react-boilerplate-v4-node24/target/node_modules/babel-loader/lib/index.js!<checkout>/.versionless/work/react-boilerplate-v4-node24/target/app/containers/LocaleToggle/Wrapper.js
<s> [webpack.Progress] 50% building 335/366 modules 31 active <checkout>/.versionless/work/react-boilerplate-v4-node24/target/node_modules/@babel/polyfill/node_modules/core-js/modules/_property-desc.js
<s> [webpack.Progress] 50% building 336/366 modules 30 active <checkout>/.versionless/work/react-boilerplate-v4-node24/target/node_modules/@babel/polyfill/node_modules/core-js/modules/_property-desc.js
<s> [webpack.Progress] 50% building 337/366 modules 29 active <checkout>/.versionless/work/react-boilerplate-v4-node24/target/node_modules/@babel/polyfill/node_modules/core-js/modules/_property-desc.js
<s> [webpack.Progress] 50% building 338/366 modules 28 active <checkout>/.versionless/work/react-boilerplate-v4-node24/target/node_modules/@babel/polyfill/node_modules/core-js/modules/_property-desc.js
<s> [webpack.Progress] 50% building 339/366 modules 27 active <checkout>/.versionless/work/react-boilerplate-v4-node24/target/node_modules/@babel/polyfill/node_modules/core-js/modules/_property-desc.js
<s> [webpack.Progress] 50% building 340/366 modules 26 active <checkout>/.versionless/work/react-boilerplate-v4-node24/target/node_modules/@babel/polyfill/node_modules/core-js/modules/_property-desc.js
<s> [webpack.Progress] 50% building 340/367 modules 27 active <checkout>/.versionless/work/react-boilerplate-v4-node24/target/node_modules/@babel/polyfill/node_modules/core-js/modules/_iterators.js
<s> [webpack.Progress] 50% building 341/367 modules 26 active <checkout>/.versionless/work/react-boilerplate-v4-node24/target/node_modules/@babel/polyfill/node_modules/core-js/modules/_iterators.js
<s> [webpack.Progress] 51% building 342/367 modules 25 active <checkout>/.versionless/work/react-boilerplate-v4-node24/target/node_modules/@babel/polyfill/node_modules/core-js/modules/_iterators.js
<s> [webpack.Progress] 51% building 342/368 modules 26 active <checkout>/.versionless/work/react-boilerplate-v4-node24/target/node_modules/hoist-non-react-statics/node_modules/react-is/index.js
<s> [webpack.Progress] 51% building 342/369 modules 27 active <checkout>/.versionless/work/react-boilerplate-v4-node24/target/node_modules/@babel/polyfill/node_modules/core-js/modules/_descriptors.js
<s> [webpack.Progress] 51% building 343/369 modules 26 active <checkout>/.versionless/work/react-boilerplate-v4-node24/target/node_modules/@babel/polyfill/node_modules/core-js/modules/_descriptors.js
<s> [webpack.Progress] 51% building 343/370 modules 27 active <checkout>/.versionless/work/react-boilerplate-v4-node24/target/node_modules/@babel/polyfill/node_modules/core-js/modules/_object-gops.js
<s> [webpack.Progress] 51% building 344/370 modules 26 active <checkout>/.versionless/work/react-boilerplate-v4-node24/target/node_modules/@babel/polyfill/node_modules/core-js/modules/_object-gops.js
<s> [webpack.Progress] 51% building 345/370 modules 25 active <checkout>/.versionless/work/react-boilerplate-v4-node24/target/node_modules/@babel/polyfill/node_modules/core-js/modules/_object-gops.js
<s> [webpack.Progress] 51% building 346/370 modules 24 active <checkout>/.versionless/work/react-boilerplate-v4-node24/target/node_modules/@babel/polyfill/node_modules/core-js/modules/_object-gops.js
<s> [webpack.Progress] 51% building 347/370 modules 23 active <checkout>/.versionless/work/react-boilerplate-v4-node24/target/node_modules/@babel/polyfill/node_modules/core-js/modules/_object-gops.js
<s> [webpack.Progress] 51% building 348/370 modules 22 active <checkout>/.versionless/work/react-boilerplate-v4-node24/target/node_modules/@babel/polyfill/node_modules/core-js/modules/_object-gops.js
<s> [webpack.Progress] 51% building 349/370 modules 21 active <checkout>/.versionless/work/react-boilerplate-v4-node24/target/node_modules/@babel/polyfill/node_modules/core-js/modules/_object-gops.js
<s> [webpack.Progress] 51% building 349/371 modules 22 active <checkout>/.versionless/work/react-boilerplate-v4-node24/target/node_modules/webpack/buildin/harmony-module.js
<s> [webpack.Progress] 52% building 350/371 modules 21 active <checkout>/.versionless/work/react-boilerplate-v4-node24/target/node_modules/webpack/buildin/harmony-module.js
<s> [webpack.Progress] 52% building 351/371 modules 20 active <checkout>/.versionless/work/react-boilerplate-v4-node24/target/node_modules/webpack/buildin/harmony-module.js
<s> [webpack.Progress] 52% building 351/372 modules 21 active <checkout>/.versionless/work/react-boilerplate-v4-node24/target/node_modules/@babel/polyfill/node_modules/core-js/modules/_object-gopn.js
<s> [webpack.Progress] 52% building 352/372 modules 20 active <checkout>/.versionless/work/react-boilerplate-v4-node24/target/node_modules/@babel/polyfill/node_modules/core-js/modules/_object-gopn.js
<s> [webpack.Progress] 52% building 353/372 modules 19 active <checkout>/.versionless/work/react-boilerplate-v4-node24/target/node_modules/@babel/polyfill/node_modules/core-js/modules/_object-gopn.js
<s> [webpack.Progress] 52% building 354/372 modules 18 active <checkout>/.versionless/work/react-boilerplate-v4-node24/target/node_modules/@babel/polyfill/node_modules/core-js/modules/_object-gopn.js
<s> [webpack.Progress] 52% building 355/372 modules 17 active <checkout>/.versionless/work/react-boilerplate-v4-node24/target/node_modules/@babel/polyfill/node_modules/core-js/modules/_object-gopn.js
<s> [webpack.Progress] 52% building 356/372 modules 16 active <checkout>/.versionless/work/react-boilerplate-v4-node24/target/node_modules/@babel/polyfill/node_modules/core-js/modules/_object-gopn.js
<s> [webpack.Progress] 52% building 356/373 modules 17 active <checkout>/.versionless/work/react-boilerplate-v4-node24/target/node_modules/@babel/polyfill/node_modules/core-js/modules/_object-gopn-ext.js
<s> [webpack.Progress] 52% building 356/374 modules 18 active <checkout>/.versionless/work/react-boilerplate-v4-node24/target/node_modules/@babel/polyfill/node_modules/core-js/modules/_cof.js
<s> [webpack.Progress] 52% building 357/374 modules 17 active <checkout>/.versionless/work/react-boilerplate-v4-node24/target/node_modules/@babel/polyfill/node_modules/core-js/modules/_cof.js
<s> [webpack.Progress] 52% building 357/375 modules 18 active <checkout>/.versionless/work/react-boilerplate-v4-node24/target/node_modules/@babel/polyfill/node_modules/core-js/modules/_to-primitive.js
<s> [webpack.Progress] 52% building 358/375 modules 17 active <checkout>/.versionless/work/react-boilerplate-v4-node24/target/node_modules/@babel/polyfill/node_modules/core-js/modules/_to-primitive.js
<s> [webpack.Progress] 53% building 359/375 modules 16 active <checkout>/.versionless/work/react-boilerplate-v4-node24/target/node_modules/@babel/polyfill/node_modules/core-js/modules/_to-primitive.js
<s> [webpack.Progress] 53% building 360/375 modules 15 active <checkout>/.versionless/work/react-boilerplate-v4-node24/target/node_modules/@babel/polyfill/node_modules/core-js/modules/_to-primitive.js
<s> [webpack.Progress] 53% building 361/375 modules 14 active <checkout>/.versionless/work/react-boilerplate-v4-node24/target/node_modules/@babel/polyfill/node_modules/core-js/modules/_to-primitive.js
<s> [webpack.Progress] 53% building 362/375 modules 13 active <checkout>/.versionless/work/react-boilerplate-v4-node24/target/node_modules/@babel/polyfill/node_modules/core-js/modules/_to-primitive.js
<s> [webpack.Progress] 53% building 362/376 modules 14 active <checkout>/.versionless/work/react-boilerplate-v4-node24/target/node_modules/@babel/polyfill/node_modules/core-js/modules/_dom-create.js
<s> [webpack.Progress] 53% building 362/377 modules 15 active <checkout>/.versionless/work/react-boilerplate-v4-node24/target/node_modules/@babel/polyfill/node_modules/core-js/modules/_html.js
<s> [webpack.Progress] 53% building 362/378 modules 16 active <checkout>/.versionless/work/react-boilerplate-v4-node24/target/node_modules/@babel/polyfill/node_modules/core-js/modules/_invoke.js
<s> [webpack.Progress] 53% building 362/379 modules 17 active <checkout>/.versionless/work/react-boilerplate-v4-node24/target/node_modules/@babel/polyfill/node_modules/core-js/modules/core.get-iterator-method.js
<s> [webpack.Progress] 53% building 363/379 modules 16 active <checkout>/.versionless/work/react-boilerplate-v4-node24/target/node_modules/@babel/polyfill/node_modules/core-js/modules/core.get-iterator-method.js
<s> [webpack.Progress] 53% building 363/380 modules 17 active <checkout>/.versionless/work/react-boilerplate-v4-node24/target/node_modules/@babel/polyfill/node_modules/core-js/modules/_iter-call.js
<s> [webpack.Progress] 53% building 363/381 modules 18 active <checkout>/.versionless/work/react-boilerplate-v4-node24/target/node_modules/@babel/polyfill/node_modules/core-js/modules/_is-array-iter.js
<s> [webpack.Progress] 53% building 363/382 modules 19 active <checkout>/.versionless/work/react-boilerplate-v4-node24/target/node_modules/@babel/polyfill/node_modules/core-js/modules/_is-array.js
<s> [webpack.Progress] 53% building 364/382 modules 18 active <checkout>/.versionless/work/react-boilerplate-v4-node24/target/node_modules/@babel/polyfill/node_modules/core-js/modules/_is-array.js
<s> [webpack.Progress] 53% building 364/383 modules 19 active <checkout>/.versionless/work/react-boilerplate-v4-node24/target/node_modules/redux-saga/dist/redux-saga-effects-npm-proxy.cjs.js
<s> [webpack.Progress] 53% building 364/384 modules 20 active <checkout>/.versionless/work/react-boilerplate-v4-node24/target/node_modules/@babel/polyfill/node_modules/core-js/modules/_enum-keys.js
<s> [webpack.Progress] 53% building 364/385 modules 21 active <checkout>/.versionless/work/react-boilerplate-v4-node24/target/node_modules/@babel/polyfill/node_modules/core-js/modules/_meta.js
<s> [webpack.Progress] 53% building 364/386 modules 22 active <checkout>/.versionless/work/react-boilerplate-v4-node24/target/node_modules/@babel/polyfill/node_modules/core-js/modules/_flatten-into-array.js
<s> [webpack.Progress] 53% building 365/386 modules 21 active <checkout>/.versionless/work/react-boilerplate-v4-node24/target/node_modules/@babel/polyfill/node_modules/core-js/modules/_flatten-into-array.js
<s> [webpack.Progress] 53% building 365/387 modules 22 active <checkout>/.versionless/work/react-boilerplate-v4-node24/target/node_modules/@babel/polyfill/node_modules/core-js/modules/_ie8-dom-define.js
<s> [webpack.Progress] 53% building 365/388 modules 23 active <checkout>/.versionless/work/react-boilerplate-v4-node24/target/node_modules/@babel/polyfill/node_modules/core-js/modules/_iobject.js
<s> [webpack.Progress] 53% building 366/388 modules 22 active <checkout>/.versionless/work/react-boilerplate-v4-node24/target/node_modules/@babel/polyfill/node_modules/core-js/modules/_iobject.js
<s> [webpack.Progress] 53% building 366/389 modules 23 active <checkout>/.versionless/work/react-boilerplate-v4-node24/target/node_modules/intl-messageformat/src/en.js
<s> [webpack.Progress] 53% building 366/390 modules 24 active <checkout>/.versionless/work/react-boilerplate-v4-node24/target/node_modules/@babel/polyfill/node_modules/core-js/modules/_array-includes.js
<s> [webpack.Progress] 53% building 366/391 modules 25 active <checkout>/.versionless/work/react-boilerplate-v4-node24/target/node_modules/intl-relativeformat/src/en.js
<s> [webpack.Progress] 53% building 366/392 modules 26 active <checkout>/.versionless/work/react-boilerplate-v4-node24/target/node_modules/@babel/polyfill/node_modules/core-js/modules/_array-species-constructor.js
<s> [webpack.Progress] 54% building 367/392 modules 25 active <checkout>/.versionless/work/react-boilerplate-v4-node24/target/node_modules/@babel/polyfill/node_modules/core-js/modules/_array-species-constructor.js
<s> [webpack.Progress] 54% building 367/393 modules 26 active <checkout>/.versionless/work/react-boilerplate-v4-node24/target/node_modules/@babel/polyfill/node_modules/core-js/modules/_to-integer.js
<s> [webpack.Progress] 54% building 367/394 modules 27 active <checkout>/.versionless/work/react-boilerplate-v4-node24/target/node_modules/@babel/polyfill/node_modules/core-js/modules/_shared-key.js
<s> [webpack.Progress] 54% building 367/395 modules 28 active <checkout>/.versionless/work/react-boilerplate-v4-node24/target/node_modules/@babel/polyfill/node_modules/core-js/modules/_enum-bug-keys.js
<s> [webpack.Progress] 54% building 367/396 modules 29 active <checkout>/.versionless/work/react-boilerplate-v4-node24/target/node_modules/@babel/polyfill/node_modules/core-js/library/modules/_object-dp.js
<s> [webpack.Progress] 54% building 368/396 modules 28 active <checkout>/.versionless/work/react-boilerplate-v4-node24/target/node_modules/@babel/polyfill/node_modules/core-js/library/modules/_object-dp.js
<s> [webpack.Progress] 54% building 368/397 modules 29 active <checkout>/.versionless/work/react-boilerplate-v4-node24/target/node_modules/@babel/polyfill/node_modules/core-js/library/modules/_a-function.js
<s> [webpack.Progress] 54% building 368/398 modules 30 active <checkout>/.versionless/work/react-boilerplate-v4-node24/target/node_modules/@babel/polyfill/node_modules/core-js/library/modules/_property-desc.js
<s> [webpack.Progress] 54% building 368/399 modules 31 active <checkout>/.versionless/work/react-boilerplate-v4-node24/target/node_modules/@babel/polyfill/node_modules/core-js/library/modules/_descriptors.js
<s> [webpack.Progress] 54% building 368/400 modules 32 active <checkout>/.versionless/work/react-boilerplate-v4-node24/target/node_modules/@babel/polyfill/node_modules/core-js/modules/es6.reflect.define-property.js
<s> [webpack.Progress] 54% building 368/401 modules 33 active <checkout>/.versionless/work/react-boilerplate-v4-node24/target/node_modules/@babel/polyfill/node_modules/core-js/modules/es6.reflect.construct.js
<s> [webpack.Progress] 54% building 368/402 modules 34 active <checkout>/.versionless/work/react-boilerplate-v4-node24/target/node_modules/@babel/polyfill/node_modules/core-js/modules/es6.reflect.apply.js
<s> [webpack.Progress] 54% building 368/403 modules 35 active <checkout>/.versionless/work/react-boilerplate-v4-node24/target/node_modules/@babel/polyfill/node_modules/core-js/modules/_iter-define.js
<s> [webpack.Progress] 54% building 369/403 modules 34 active <checkout>/.versionless/work/react-boilerplate-v4-node24/target/node_modules/@babel/polyfill/node_modules/core-js/modules/_iter-define.js
<s> [webpack.Progress] 54% building 369/404 modules 35 active <checkout>/.versionless/work/react-boilerplate-v4-node24/target/node_modules/@babel/polyfill/node_modules/core-js/modules/_iter-step.js
<s> [webpack.Progress] 54% building 370/404 modules 34 active <checkout>/.versionless/work/react-boilerplate-v4-node24/target/node_modules/@babel/polyfill/node_modules/core-js/modules/_iter-step.js
<s> [webpack.Progress] 54% building 371/404 modules 33 active <checkout>/.versionless/work/react-boilerplate-v4-node24/target/node_modules/@babel/polyfill/node_modules/core-js/modules/_iter-step.js
<s> [webpack.Progress] 54% building 371/405 modules 34 active <checkout>/.versionless/work/react-boilerplate-v4-node24/target/node_modules/@babel/polyfill/node_modules/core-js/modules/es6.typed.float64-array.js
<s> [webpack.Progress] 54% building 371/406 modules 35 active <checkout>/.versionless/work/react-boilerplate-v4-node24/target/node_modules/@babel/polyfill/node_modules/core-js/modules/es6.typed.int32-array.js
<s> [webpack.Progress] 54% building 371/407 modules 36 active <checkout>/.versionless/work/react-boilerplate-v4-node24/target/node_modules/@babel/polyfill/node_modules/core-js/modules/es6.typed.float32-array.js
<s> [webpack.Progress] 54% building 371/408 modules 37 active <checkout>/.versionless/work/react-boilerplate-v4-node24/target/node_modules/@babel/polyfill/node_modules/core-js/modules/es6.typed.uint32-array.js
<s> [webpack.Progress] 54% building 371/409 modules 38 active <checkout>/.versionless/work/react-boilerplate-v4-node24/target/node_modules/@babel/polyfill/node_modules/core-js/modules/es6.typed.uint16-array.js
<s> [webpack.Progress] 54% building 371/410 modules 39 active <checkout>/.versionless/work/react-boilerplate-v4-node24/target/node_modules/@babel/polyfill/node_modules/core-js/modules/es6.typed.int16-array.js
<s> [webpack.Progress] 54% building 371/411 modules 40 active <checkout>/.versionless/work/react-boilerplate-v4-node24/target/node_modules/@babel/polyfill/node_modules/core-js/modules/es6.typed.uint8-clamped-array.js
<s> [webpack.Progress] 54% building 371/412 modules 41 active <checkout>/.versionless/work/react-boilerplate-v4-node24/target/node_modules/@babel/polyfill/node_modules/core-js/modules/es6.typed.uint8-array.js
<s> [webpack.Progress] 54% building 371/413 modules 42 active <checkout>/.versionless/work/react-boilerplate-v4-node24/target/node_modules/@babel/polyfill/node_modules/core-js/modules/es6.typed.int8-array.js
<s> [webpack.Progress] 54% building 371/414 modules 43 active <checkout>/.versionless/work/react-boilerplate-v4-node24/target/node_modules/@babel/polyfill/node_modules/core-js/modules/es6.typed.data-view.js
<s> [webpack.Progress] 54% building 371/415 modules 44 active <checkout>/.versionless/work/react-boilerplate-v4-node24/target/node_modules/@babel/polyfill/node_modules/core-js/modules/es6.typed.array-buffer.js
<s> [webpack.Progress] 54% building 372/415 modules 43 active <checkout>/.versionless/work/react-boilerplate-v4-node24/target/node_modules/@babel/polyfill/node_modules/core-js/modules/es6.typed.array-buffer.js
<s> [webpack.Progress] 54% building 372/416 modules 44 active <checkout>/.versionless/work/react-boilerplate-v4-node24/target/node_modules/@redux-saga/symbols/dist/redux-saga-symbols.cjs.js
<s> [webpack.Progress] 54% building 372/417 modules 45 active <checkout>/.versionless/work/react-boilerplate-v4-node24/target/node_modules/@babel/polyfill/node_modules/core-js/modules/es6.weak-set.js
<s> [webpack.Progress] 54% building 373/417 modules 44 active <checkout>/.versionless/work/react-boilerplate-v4-node24/target/node_modules/@babel/polyfill/node_modules/core-js/modules/es6.weak-set.js
<s> [webpack.Progress] 54% building 374/417 modules 43 active <checkout>/.versionless/work/react-boilerplate-v4-node24/target/node_modules/@babel/polyfill/node_modules/core-js/modules/es6.weak-set.js
<s> [webpack.Progress] 54% building 375/417 modules 42 active <checkout>/.versionless/work/react-boilerplate-v4-node24/target/node_modules/@babel/polyfill/node_modules/core-js/modules/es6.weak-set.js
<s> [webpack.Progress] 54% building 375/418 modules 43 active <checkout>/.versionless/work/react-boilerplate-v4-node24/target/node_modules/@babel/polyfill/node_modules/core-js/modules/es6.weak-map.js
<s> [webpack.Progress] 54% building 375/419 modules 44 active <checkout>/.versionless/work/react-boilerplate-v4-node24/target/node_modules/create-react-context/lib/index.js
<s> [webpack.Progress] 54% building 375/420 modules 45 active <checkout>/.versionless/work/react-boilerplate-v4-node24/target/node_modules/babel-loader/lib/index.js!<checkout>/.versionless/work/react-boilerplate-v4-node24/target/app/utils/checkStore.js
<s> [webpack.Progress] 55% building 376/420 modules 44 active <checkout>/.versionless/work/react-boilerplate-v4-node24/target/node_modules/babel-loader/lib/index.js!<checkout>/.versionless/work/react-boilerplate-v4-node24/target/app/utils/checkStore.js
<s> [webpack.Progress] 55% building 377/420 modules 43 active <checkout>/.versionless/work/react-boilerplate-v4-node24/target/node_modules/babel-loader/lib/index.js!<checkout>/.versionless/work/react-boilerplate-v4-node24/target/app/utils/checkStore.js
<s> [webpack.Progress] 55% building 378/420 modules 42 active <checkout>/.versionless/work/react-boilerplate-v4-node24/target/node_modules/babel-loader/lib/index.js!<checkout>/.versionless/work/react-boilerplate-v4-node24/target/app/utils/checkStore.js
<s> [webpack.Progress] 55% building 379/420 modules 41 active <checkout>/.versionless/work/react-boilerplate-v4-node24/target/node_modules/babel-loader/lib/index.js!<checkout>/.versionless/work/react-boilerplate-v4-node24/target/app/utils/checkStore.js
<s> [webpack.Progress] 55% building 380/420 modules 40 active <checkout>/.versionless/work/react-boilerplate-v4-node24/target/node_modules/babel-loader/lib/index.js!<checkout>/.versionless/work/react-boilerplate-v4-node24/target/app/utils/checkStore.js
<s> [webpack.Progress] 55% building 380/421 modules 41 active <checkout>/.versionless/work/react-boilerplate-v4-node24/target/node_modules/babel-loader/lib/index.js!<checkout>/.versionless/work/react-boilerplate-v4-node24/target/app/utils/constants.js
<s> [webpack.Progress] 55% building 381/421 modules 40 active <checkout>/.versionless/work/react-boilerplate-v4-node24/target/node_modules/babel-loader/lib/index.js!<checkout>/.versionless/work/react-boilerplate-v4-node24/target/app/utils/constants.js
<s> [webpack.Progress] 55% building 382/421 modules 39 active <checkout>/.versionless/work/react-boilerplate-v4-node24/target/node_modules/babel-loader/lib/index.js!<checkout>/.versionless/work/react-boilerplate-v4-node24/target/app/utils/constants.js
<s> [webpack.Progress] 55% building 382/422 modules 40 active <checkout>/.versionless/work/react-boilerplate-v4-node24/target/node_modules/@babel/polyfill/node_modules/core-js/modules/es6.set.js
<s> [webpack.Progress] 55% building 382/423 modules 41 active <checkout>/.versionless/work/react-boilerplate-v4-node24/target/node_modules/@babel/polyfill/node_modules/core-js/modules/es6.map.js
<s> [webpack.Progress] 55% building 382/424 modules 42 active <checkout>/.versionless/work/react-boilerplate-v4-node24/target/node_modules/@babel/polyfill/node_modules/core-js/modules/es6.regexp.split.js
<s> [webpack.Progress] 55% building 383/424 modules 41 active <checkout>/.versionless/work/react-boilerplate-v4-node24/target/node_modules/@babel/polyfill/node_modules/core-js/modules/es6.regexp.split.js
<s> [webpack.Progress] 55% building 383/425 modules 42 active <checkout>/.versionless/work/react-boilerplate-v4-node24/target/node_modules/@babel/polyfill/node_modules/core-js/modules/es6.regexp.search.js
<s> [webpack.Progress] 56% building 384/425 modules 41 active <checkout>/.versionless/work/react-boilerplate-v4-node24/target/node_modules/@babel/polyfill/node_modules/core-js/modules/es6.regexp.search.js
<s> [webpack.Progress] 56% building 384/426 modules 42 active <checkout>/.versionless/work/react-boilerplate-v4-node24/target/node_modules/@babel/polyfill/node_modules/core-js/modules/es6.regexp.replace.js
<s> [webpack.Progress] 56% building 385/426 modules 41 active <checkout>/.versionless/work/react-boilerplate-v4-node24/target/node_modules/@babel/polyfill/node_modules/core-js/modules/es6.regexp.replace.js
<s> [webpack.Progress] 56% building 386/426 modules 40 active <checkout>/.versionless/work/react-boilerplate-v4-node24/target/node_modules/@babel/polyfill/node_modules/core-js/modules/es6.regexp.replace.js
<s> [webpack.Progress] 56% building 386/427 modules 41 active <checkout>/.versionless/work/react-boilerplate-v4-node24/target/node_modules/@babel/polyfill/node_modules/core-js/modules/_function-to-string.js
<s> [webpack.Progress] 56% building 387/427 modules 40 active <checkout>/.versionless/work/react-boilerplate-v4-node24/target/node_modules/@babel/polyfill/node_modules/core-js/modules/_function-to-string.js
<s> [webpack.Progress] 56% building 387/428 modules 41 active <checkout>/.versionless/work/react-boilerplate-v4-node24/target/node_modules/@babel/polyfill/node_modules/core-js/modules/_object-keys-internal.js
<s> [webpack.Progress] 56% building 388/428 modules 40 active <checkout>/.versionless/work/react-boilerplate-v4-node24/target/node_modules/@babel/polyfill/node_modules/core-js/modules/_object-keys-internal.js
<s> [webpack.Progress] 56% building 389/428 modules 39 active <checkout>/.versionless/work/react-boilerplate-v4-node24/target/node_modules/@babel/polyfill/node_modules/core-js/modules/_object-keys-internal.js
<s> [webpack.Progress] 56% building 390/428 modules 38 active <checkout>/.versionless/work/react-boilerplate-v4-node24/target/node_modules/@babel/polyfill/node_modules/core-js/modules/_object-keys-internal.js
<s> [webpack.Progress] 56% building 391/428 modules 37 active <checkout>/.versionless/work/react-boilerplate-v4-node24/target/node_modules/@babel/polyfill/node_modules/core-js/modules/_object-keys-internal.js
<s> [webpack.Progress] 57% building 392/428 modules 36 active <checkout>/.versionless/work/react-boilerplate-v4-node24/target/node_modules/@babel/polyfill/node_modules/core-js/modules/_object-keys-internal.js
<s> [webpack.Progress] 57% building 392/429 modules 37 active <checkout>/.versionless/work/react-boilerplate-v4-node24/target/node_modules/@babel/polyfill/node_modules/core-js/modules/es6.regexp.match.js
<s> [webpack.Progress] 57% building 393/429 modules 36 active <checkout>/.versionless/work/react-boilerplate-v4-node24/target/node_modules/@babel/polyfill/node_modules/core-js/modules/es6.regexp.match.js
<s> [webpack.Progress] 57% building 394/429 modules 35 active <checkout>/.versionless/work/react-boilerplate-v4-node24/target/node_modules/@babel/polyfill/node_modules/core-js/modules/es6.regexp.match.js
<s> [webpack.Progress] 57% building 395/429 modules 34 active <checkout>/.versionless/work/react-boilerplate-v4-node24/target/node_modules/@babel/polyfill/node_modules/core-js/modules/es6.regexp.match.js
<s> [webpack.Progress] 57% building 395/430 modules 35 active <checkout>/.versionless/work/react-boilerplate-v4-node24/target/node_modules/@babel/polyfill/node_modules/core-js/modules/es6.regexp.flags.js
<s> [webpack.Progress] 57% building 396/430 modules 34 active <checkout>/.versionless/work/react-boilerplate-v4-node24/target/node_modules/@babel/polyfill/node_modules/core-js/modules/es6.regexp.flags.js
<s> [webpack.Progress] 57% building 396/431 modules 35 active <checkout>/.versionless/work/react-boilerplate-v4-node24/target/node_modules/hoist-non-react-statics/node_modules/react-is/cjs/react-is.production.min.js
<s> [webpack.Progress] 57% building 397/431 modules 34 active <checkout>/.versionless/work/react-boilerplate-v4-node24/target/node_modules/hoist-non-react-statics/node_modules/react-is/cjs/react-is.production.min.js
<s> [webpack.Progress] 57% building 397/432 modules 35 active <checkout>/.versionless/work/react-boilerplate-v4-node24/target/node_modules/intl-messageformat-parser/src/parser.js
<s> [webpack.Progress] 57% building 397/433 modules 36 active <checkout>/.versionless/work/react-boilerplate-v4-node24/target/node_modules/@babel/polyfill/node_modules/core-js/modules/es6.regexp.to-string.js
<s> [webpack.Progress] 57% building 397/434 modules 37 active <checkout>/.versionless/work/react-boilerplate-v4-node24/target/node_modules/babel-loader/lib/index.js!<checkout>/.versionless/work/react-boilerplate-v4-node24/target/app/components/Toggle/index.js
<s> [webpack.Progress] 57% building 397/435 modules 38 active <checkout>/.versionless/work/react-boilerplate-v4-node24/target/node_modules/@babel/polyfill/node_modules/core-js/modules/es6.regexp.exec.js
<s> [webpack.Progress] 57% building 397/436 modules 39 active <checkout>/.versionless/work/react-boilerplate-v4-node24/target/node_modules/@babel/polyfill/node_modules/core-js/modules/es6.regexp.constructor.js
<s> [webpack.Progress] 57% building 398/436 modules 38 active <checkout>/.versionless/work/react-boilerplate-v4-node24/target/node_modules/@babel/polyfill/node_modules/core-js/modules/es6.regexp.constructor.js
<s> [webpack.Progress] 57% building 399/436 modules 37 active <checkout>/.versionless/work/react-boilerplate-v4-node24/target/node_modules/@babel/polyfill/node_modules/core-js/modules/es6.regexp.constructor.js
<s> [webpack.Progress] 57% building 400/436 modules 36 active <checkout>/.versionless/work/react-boilerplate-v4-node24/target/node_modules/@babel/polyfill/node_modules/core-js/modules/es6.regexp.constructor.js
<s> [webpack.Progress] 58% building 401/436 modules 35 active <checkout>/.versionless/work/react-boilerplate-v4-node24/target/node_modules/@babel/polyfill/node_modules/core-js/modules/es6.regexp.constructor.js
<s> [webpack.Progress] 58% building 402/436 modules 34 active <checkout>/.versionless/work/react-boilerplate-v4-node24/target/node_modules/@babel/polyfill/node_modules/core-js/modules/es6.regexp.constructor.js
<s> [webpack.Progress] 58% building 403/436 modules 33 active <checkout>/.versionless/work/react-boilerplate-v4-node24/target/node_modules/@babel/polyfill/node_modules/core-js/modules/es6.regexp.constructor.js
<s> [webpack.Progress] 58% building 403/437 modules 34 active <checkout>/.versionless/work/react-boilerplate-v4-node24/target/node_modules/shallowequal/index.js
<s> [webpack.Progress] 58% building 403/438 modules 35 active <checkout>/.versionless/work/react-boilerplate-v4-node24/target/node_modules/@babel/polyfill/node_modules/core-js/modules/es6.array.species.js
<s> [webpack.Progress] 58% building 404/438 modules 34 active <checkout>/.versionless/work/react-boilerplate-v4-node24/target/node_modules/@babel/polyfill/node_modules/core-js/modules/es6.array.species.js
<s> [webpack.Progress] 58% building 404/439 modules 35 active <checkout>/.versionless/work/react-boilerplate-v4-node24/target/node_modules/exenv/index.js
<s> [webpack.Progress] 58% building 404/440 modules 36 active <checkout>/.versionless/work/react-boilerplate-v4-node24/target/node_modules/@babel/polyfill/node_modules/core-js/modules/es6.array.find-index.js
<s> [webpack.Progress] 58% building 404/441 modules 37 active <checkout>/.versionless/work/react-boilerplate-v4-node24/target/node_modules/@babel/polyfill/node_modules/core-js/modules/es6.array.find.js
<s> [webpack.Progress] 58% building 404/442 modules 38 active <checkout>/.versionless/work/react-boilerplate-v4-node24/target/node_modules/@babel/polyfill/node_modules/core-js/modules/es6.array.fill.js
<s> [webpack.Progress] 58% building 404/443 modules 39 active <checkout>/.versionless/work/react-boilerplate-v4-node24/target/node_modules/@babel/polyfill/node_modules/core-js/modules/es6.array.copy-within.js
<s> [webpack.Progress] 58% building 404/444 modules 40 active <checkout>/.versionless/work/react-boilerplate-v4-node24/target/node_modules/@babel/polyfill/node_modules/core-js/modules/es6.array.last-index-of.js
<s> [webpack.Progress] 58% building 404/445 modules 41 active <checkout>/.versionless/work/react-boilerplate-v4-node24/target/node_modules/@babel/polyfill/node_modules/core-js/modules/es6.array.index-of.js
<s> [webpack.Progress] 58% building 404/446 modules 42 active <checkout>/.versionless/work/react-boilerplate-v4-node24/target/node_modules/@babel/polyfill/node_modules/core-js/modules/es6.array.reduce-right.js
<s> [webpack.Progress] 58% building 404/447 modules 43 active <checkout>/.versionless/work/react-boilerplate-v4-node24/target/node_modules/@babel/polyfill/node_modules/core-js/modules/es6.array.every.js
<s> [webpack.Progress] 58% building 404/448 modules 44 active <checkout>/.versionless/work/react-boilerplate-v4-node24/target/node_modules/@babel/polyfill/node_modules/core-js/modules/es6.array.reduce.js
<s> [webpack.Progress] 58% building 404/449 modules 45 active <checkout>/.versionless/work/react-boilerplate-v4-node24/target/node_modules/@babel/polyfill/node_modules/core-js/modules/es6.array.some.js
<s> [webpack.Progress] 58% building 404/450 modules 46 active <checkout>/.versionless/work/react-boilerplate-v4-node24/target/node_modules/@babel/polyfill/node_modules/core-js/modules/es6.array.filter.js
<s> [webpack.Progress] 58% building 405/450 modules 45 active <checkout>/.versionless/work/react-boilerplate-v4-node24/target/node_modules/@babel/polyfill/node_modules/core-js/modules/es6.array.filter.js
<s> [webpack.Progress] 58% building 405/451 modules 46 active <checkout>/.versionless/work/react-boilerplate-v4-node24/target/node_modules/@emotion/memoize/dist/memoize.browser.cjs.js
<s> [webpack.Progress] 58% building 406/451 modules 45 active <checkout>/.versionless/work/react-boilerplate-v4-node24/target/node_modules/@emotion/memoize/dist/memoize.browser.cjs.js
<s> [webpack.Progress] 58% building 407/451 modules 44 active <checkout>/.versionless/work/react-boilerplate-v4-node24/target/node_modules/@emotion/memoize/dist/memoize.browser.cjs.js
<s> [webpack.Progress] 58% building 408/451 modules 43 active <checkout>/.versionless/work/react-boilerplate-v4-node24/target/node_modules/@emotion/memoize/dist/memoize.browser.cjs.js
<s> [webpack.Progress] 59% building 409/451 modules 42 active <checkout>/.versionless/work/react-boilerplate-v4-node24/target/node_modules/@emotion/memoize/dist/memoize.browser.cjs.js
<s> [webpack.Progress] 59% building 410/451 modules 41 active <checkout>/.versionless/work/react-boilerplate-v4-node24/target/node_modules/@emotion/memoize/dist/memoize.browser.cjs.js
<s> [webpack.Progress] 59% building 411/451 modules 40 active <checkout>/.versionless/work/react-boilerplate-v4-node24/target/node_modules/@emotion/memoize/dist/memoize.browser.cjs.js
<s> [webpack.Progress] 59% building 411/452 modules 41 active <checkout>/.versionless/work/react-boilerplate-v4-node24/target/node_modules/@babel/polyfill/node_modules/core-js/modules/es6.array.map.js
<s> [webpack.Progress] 59% building 412/452 modules 40 active <checkout>/.versionless/work/react-boilerplate-v4-node24/target/node_modules/@babel/polyfill/node_modules/core-js/modules/es6.array.map.js
<s> [webpack.Progress] 59% building 413/452 modules 39 active <checkout>/.versionless/work/react-boilerplate-v4-node24/target/node_modules/@babel/polyfill/node_modules/core-js/modules/es6.array.map.js
<s> [webpack.Progress] 59% building 414/452 modules 38 active <checkout>/.versionless/work/react-boilerplate-v4-node24/target/node_modules/@babel/polyfill/node_modules/core-js/modules/es6.array.map.js
<s> [webpack.Progress] 59% building 415/452 modules 37 active <checkout>/.versionless/work/react-boilerplate-v4-node24/target/node_modules/@babel/polyfill/node_modules/core-js/modules/es6.array.map.js
<s> [webpack.Progress] 59% building 416/452 modules 36 active <checkout>/.versionless/work/react-boilerplate-v4-node24/target/node_modules/@babel/polyfill/node_modules/core-js/modules/es6.array.map.js
<s> [webpack.Progress] 60% building 417/452 modules 35 active <checkout>/.versionless/work/react-boilerplate-v4-node24/target/node_modules/@babel/polyfill/node_modules/core-js/modules/es6.array.map.js
<s> [webpack.Progress] 60% building 417/453 modules 36 active <checkout>/.versionless/work/react-boilerplate-v4-node24/target/node_modules/react-router/node_modules/path-to-regexp/index.js
<s> [webpack.Progress] 60% building 417/454 modules 37 active <checkout>/.versionless/work/react-boilerplate-v4-node24/target/node_modules/lodash/isString.js
<s> [webpack.Progress] 60% building 417/455 modules 38 active <checkout>/.versionless/work/react-boilerplate-v4-node24/target/node_modules/lodash/conformsTo.js
<s> [webpack.Progress] 60% building 417/456 modules 39 active <checkout>/.versionless/work/react-boilerplate-v4-node24/target/node_modules/lodash/isEmpty.js
<s> [webpack.Progress] 60% building 417/457 modules 40 active <checkout>/.versionless/work/react-boilerplate-v4-node24/target/node_modules/lodash/isFunction.js
<s> [webpack.Progress] 60% building 418/457 modules 39 active <checkout>/.versionless/work/react-boilerplate-v4-node24/target/node_modules/lodash/isFunction.js
<s> [webpack.Progress] 60% building 419/457 modules 38 active <checkout>/.versionless/work/react-boilerplate-v4-node24/target/node_modules/lodash/isFunction.js
<s> [webpack.Progress] 60% building 419/458 modules 39 active <checkout>/.versionless/work/react-boilerplate-v4-node24/target/node_modules/@babel/polyfill/node_modules/core-js/modules/es6.array.for-each.js
<s> [webpack.Progress] 60% building 420/458 modules 38 active <checkout>/.versionless/work/react-boilerplate-v4-node24/target/node_modules/@babel/polyfill/node_modules/core-js/modules/es6.array.for-each.js
<s> [webpack.Progress] 60% building 421/458 modules 37 active <checkout>/.versionless/work/react-boilerplate-v4-node24/target/node_modules/@babel/polyfill/node_modules/core-js/modules/es6.array.for-each.js
<s> [webpack.Progress] 60% building 421/459 modules 38 active <checkout>/.versionless/work/react-boilerplate-v4-node24/target/node_modules/@babel/polyfill/node_modules/core-js/modules/es6.array.sort.js
<s> [webpack.Progress] 60% building 421/460 modules 39 active <checkout>/.versionless/work/react-boilerplate-v4-node24/target/node_modules/@babel/polyfill/node_modules/core-js/modules/es6.array.join.js
<s> [webpack.Progress] 60% building 422/460 modules 38 active <checkout>/.versionless/work/react-boilerplate-v4-node24/target/node_modules/@babel/polyfill/node_modules/core-js/modules/es6.array.join.js
<s> [webpack.Progress] 60% building 422/461 modules 39 active <checkout>/.versionless/work/react-boilerplate-v4-node24/target/node_modules/@babel/polyfill/node_modules/core-js/modules/es6.array.slice.js
<s> [webpack.Progress] 60% building 423/461 modules 38 active <checkout>/.versionless/work/react-boilerplate-v4-node24/target/node_modules/@babel/polyfill/node_modules/core-js/modules/es6.array.slice.js
<s> [webpack.Progress] 60% building 424/461 modules 37 active <checkout>/.versionless/work/react-boilerplate-v4-node24/target/node_modules/@babel/polyfill/node_modules/core-js/modules/es6.array.slice.js
<s> [webpack.Progress] 60% building 424/462 modules 38 active <checkout>/.versionless/work/react-boilerplate-v4-node24/target/node_modules/@babel/polyfill/node_modules/core-js/modules/es6.array.of.js
<s> [webpack.Progress] 61% building 425/462 modules 37 active <checkout>/.versionless/work/react-boilerplate-v4-node24/target/node_modules/@babel/polyfill/node_modules/core-js/modules/es6.array.of.js
<s> [webpack.Progress] 61% building 426/462 modules 36 active <checkout>/.versionless/work/react-boilerplate-v4-node24/target/node_modules/@babel/polyfill/node_modules/core-js/modules/es6.array.of.js
<s> [webpack.Progress] 61% building 427/462 modules 35 active <checkout>/.versionless/work/react-boilerplate-v4-node24/target/node_modules/@babel/polyfill/node_modules/core-js/modules/es6.array.of.js
<s> [webpack.Progress] 61% building 427/463 modules 36 active <checkout>/.versionless/work/react-boilerplate-v4-node24/target/node_modules/babel-loader/lib/index.js!<checkout>/.versionless/work/react-boilerplate-v4-node24/target/app/containers/RepoListItem/index.js
<s> [webpack.Progress] 61% building 428/463 modules 35 active <checkout>/.versionless/work/react-boilerplate-v4-node24/target/node_modules/babel-loader/lib/index.js!<checkout>/.versionless/work/react-boilerplate-v4-node24/target/app/containers/RepoListItem/index.js
<s> [webpack.Progress] 61% building 428/464 modules 36 active <checkout>/.versionless/work/react-boilerplate-v4-node24/target/node_modules/babel-loader/lib/index.js!<checkout>/.versionless/work/react-boilerplate-v4-node24/target/app/components/ListItem/index.js
<s> [webpack.Progress] 61% building 428/465 modules 37 active <checkout>/.versionless/work/react-boilerplate-v4-node24/target/node_modules/babel-loader/lib/index.js!<checkout>/.versionless/work/react-boilerplate-v4-node24/target/app/components/List/index.js
<s> [webpack.Progress] 61% building 428/466 modules 38 active <checkout>/.versionless/work/react-boilerplate-v4-node24/target/node_modules/@redux-saga/delay-p/dist/redux-saga-delay-p.cjs.js
<s> [webpack.Progress] 61% building 428/467 modules 39 active <checkout>/.versionless/work/react-boilerplate-v4-node24/target/node_modules/@redux-saga/deferred/dist/redux-saga-deferred.cjs.js
<s> [webpack.Progress] 61% building 428/468 modules 40 active <checkout>/.versionless/work/react-boilerplate-v4-node24/target/node_modules/@redux-saga/is/dist/redux-saga-is.cjs.js
<s> [webpack.Progress] 61% building 428/469 modules 41 active <checkout>/.versionless/work/react-boilerplate-v4-node24/target/node_modules/@babel/polyfill/node_modules/core-js/modules/es6.array.from.js
<s> [webpack.Progress] 61% building 428/470 modules 42 active <checkout>/.versionless/work/react-boilerplate-v4-node24/target/node_modules/@babel/polyfill/node_modules/core-js/modules/es6.array.is-array.js
<s> [webpack.Progress] 61% building 428/471 modules 43 active <checkout>/.versionless/work/react-boilerplate-v4-node24/target/node_modules/@babel/polyfill/node_modules/core-js/modules/es6.date.to-primitive.js
<s> [webpack.Progress] 61% building 428/472 modules 44 active <checkout>/.versionless/work/react-boilerplate-v4-node24/target/node_modules/@babel/polyfill/node_modules/core-js/modules/es6.date.to-string.js
<s> [webpack.Progress] 61% building 428/473 modules 45 active <checkout>/.versionless/work/react-boilerplate-v4-node24/target/node_modules/@babel/polyfill/node_modules/core-js/modules/es6.date.to-iso-string.js
<s> [webpack.Progress] 61% building 428/474 modules 46 active <checkout>/.versionless/work/react-boilerplate-v4-node24/target/node_modules/@babel/polyfill/node_modules/core-js/modules/es6.date.to-json.js
<s> [webpack.Progress] 61% building 428/475 modules 47 active <checkout>/.versionless/work/react-boilerplate-v4-node24/target/node_modules/@babel/polyfill/node_modules/core-js/modules/es6.date.now.js
<s> [webpack.Progress] 61% building 429/475 modules 46 active <checkout>/.versionless/work/react-boilerplate-v4-node24/target/node_modules/@babel/polyfill/node_modules/core-js/modules/es6.date.now.js
<s> [webpack.Progress] 61% building 429/476 modules 47 active <checkout>/.versionless/work/react-boilerplate-v4-node24/target/node_modules/@babel/polyfill/node_modules/core-js/modules/es6.string.sup.js
<s> [webpack.Progress] 61% building 430/476 modules 46 active <checkout>/.versionless/work/react-boilerplate-v4-node24/target/node_modules/@babel/polyfill/node_modules/core-js/modules/es6.string.sup.js
<s> [webpack.Progress] 61% building 431/476 modules 45 active <checkout>/.versionless/work/react-boilerplate-v4-node24/target/node_modules/@babel/polyfill/node_modules/core-js/modules/es6.string.sup.js
<s> [webpack.Progress] 61% building 432/476 modules 44 active <checkout>/.versionless/work/react-boilerplate-v4-node24/target/node_modules/@babel/polyfill/node_modules/core-js/modules/es6.string.sup.js
<s> [webpack.Progress] 61% building 432/477 modules 45 active <checkout>/.versionless/work/react-boilerplate-v4-node24/target/node_modules/@babel/polyfill/node_modules/core-js/modules/es6.string.sub.js
<s> [webpack.Progress] 61% building 432/478 modules 46 active <checkout>/.versionless/work/react-boilerplate-v4-node24/target/node_modules/@babel/polyfill/node_modules/core-js/modules/es6.string.strike.js
<s> [webpack.Progress] 61% building 432/479 modules 47 active <checkout>/.versionless/work/react-boilerplate-v4-node24/target/node_modules/@babel/polyfill/node_modules/core-js/modules/es6.string.small.js
<s> [webpack.Progress] 61% building 433/479 modules 46 active <checkout>/.versionless/work/react-boilerplate-v4-node24/target/node_modules/@babel/polyfill/node_modules/core-js/modules/es6.string.small.js
<s> [webpack.Progress] 61% building 433/480 modules 47 active <checkout>/.versionless/work/react-boilerplate-v4-node24/target/node_modules/@babel/polyfill/node_modules/core-js/modules/es6.string.link.js
<s> [webpack.Progress] 62% building 434/480 modules 46 active <checkout>/.versionless/work/react-boilerplate-v4-node24/target/node_modules/@babel/polyfill/node_modules/core-js/modules/es6.string.link.js
<s> [webpack.Progress] 62% building 435/480 modules 45 active <checkout>/.versionless/work/react-boilerplate-v4-node24/target/node_modules/@babel/polyfill/node_modules/core-js/modules/es6.string.link.js
<s> [webpack.Progress] 62% building 436/480 modules 44 active <checkout>/.versionless/work/react-boilerplate-v4-node24/target/node_modules/@babel/polyfill/node_modules/core-js/modules/es6.string.link.js
<s> [webpack.Progress] 62% building 436/481 modules 45 active <checkout>/.versionless/work/react-boilerplate-v4-node24/target/node_modules/@babel/polyfill/node_modules/core-js/modules/es6.string.italics.js
<s> [webpack.Progress] 62% building 436/482 modules 46 active <checkout>/.versionless/work/react-boilerplate-v4-node24/target/node_modules/@babel/polyfill/node_modules/core-js/modules/es6.string.fontsize.js
<s> [webpack.Progress] 62% building 436/483 modules 47 active <checkout>/.versionless/work/react-boilerplate-v4-node24/target/node_modules/@babel/polyfill/node_modules/core-js/modules/es6.string.fontcolor.js
<s> [webpack.Progress] 62% building 436/484 modules 48 active <checkout>/.versionless/work/react-boilerplate-v4-node24/target/node_modules/@babel/polyfill/node_modules/core-js/modules/es6.string.fixed.js
<s> [webpack.Progress] 62% building 436/485 modules 49 active <checkout>/.versionless/work/react-boilerplate-v4-node24/target/node_modules/@babel/polyfill/node_modules/core-js/modules/_to-absolute-index.js
<s> [webpack.Progress] 62% building 436/486 modules 50 active <checkout>/.versionless/work/react-boilerplate-v4-node24/target/node_modules/@babel/polyfill/node_modules/core-js/modules/es6.string.bold.js
<s> [webpack.Progress] 62% building 437/486 modules 49 active <checkout>/.versionless/work/react-boilerplate-v4-node24/target/node_modules/@babel/polyfill/node_modules/core-js/modules/es6.string.bold.js
<s> [webpack.Progress] 62% building 438/486 modules 48 active <checkout>/.versionless/work/react-boilerplate-v4-node24/target/node_modules/@babel/polyfill/node_modules/core-js/modules/es6.string.bold.js
<s> [webpack.Progress] 62% building 439/486 modules 47 active <checkout>/.versionless/work/react-boilerplate-v4-node24/target/node_modules/@babel/polyfill/node_modules/core-js/modules/es6.string.bold.js
<s> [webpack.Progress] 62% building 439/487 modules 48 active <checkout>/.versionless/work/react-boilerplate-v4-node24/target/node_modules/@babel/polyfill/node_modules/core-js/modules/es6.string.blink.js
<s> [webpack.Progress] 62% building 440/487 modules 47 active <checkout>/.versionless/work/react-boilerplate-v4-node24/target/node_modules/@babel/polyfill/node_modules/core-js/modules/es6.string.blink.js
<s> [webpack.Progress] 62% building 441/487 modules 46 active <checkout>/.versionless/work/react-boilerplate-v4-node24/target/node_modules/@babel/polyfill/node_modules/core-js/modules/es6.string.blink.js
<s> [webpack.Progress] 63% building 442/487 modules 45 active <checkout>/.versionless/work/react-boilerplate-v4-node24/target/node_modules/@babel/polyfill/node_modules/core-js/modules/es6.string.blink.js
<s> [webpack.Progress] 63% building 442/488 modules 46 active <checkout>/.versionless/work/react-boilerplate-v4-node24/target/node_modules/@babel/polyfill/node_modules/core-js/modules/es6.string.big.js
<s> [webpack.Progress] 63% building 443/488 modules 45 active <checkout>/.versionless/work/react-boilerplate-v4-node24/target/node_modules/@babel/polyfill/node_modules/core-js/modules/es6.string.big.js
<s> [webpack.Progress] 63% building 443/489 modules 46 active <checkout>/.versionless/work/react-boilerplate-v4-node24/target/node_modules/@babel/polyfill/node_modules/core-js/modules/es6.string.anchor.js
<s> [webpack.Progress] 63% building 443/490 modules 47 active <checkout>/.versionless/work/react-boilerplate-v4-node24/target/node_modules/@babel/polyfill/node_modules/core-js/library/modules/_an-object.js
<s> [webpack.Progress] 63% building 443/491 modules 48 active <checkout>/.versionless/work/react-boilerplate-v4-node24/target/node_modules/@babel/polyfill/node_modules/core-js/library/modules/_to-primitive.js
<s> [webpack.Progress] 63% building 444/491 modules 47 active <checkout>/.versionless/work/react-boilerplate-v4-node24/target/node_modules/@babel/polyfill/node_modules/core-js/library/modules/_to-primitive.js
<s> [webpack.Progress] 63% building 445/491 modules 46 active <checkout>/.versionless/work/react-boilerplate-v4-node24/target/node_modules/@babel/polyfill/node_modules/core-js/library/modules/_to-primitive.js
<s> [webpack.Progress] 63% building 446/491 modules 45 active <checkout>/.versionless/work/react-boilerplate-v4-node24/target/node_modules/@babel/polyfill/node_modules/core-js/library/modules/_to-primitive.js
<s> [webpack.Progress] 63% building 446/492 modules 46 active <checkout>/.versionless/work/react-boilerplate-v4-node24/target/node_modules/@babel/polyfill/node_modules/core-js/library/modules/_fails.js
<s> [webpack.Progress] 63% building 446/493 modules 47 active <checkout>/.versionless/work/react-boilerplate-v4-node24/target/node_modules/@babel/polyfill/node_modules/core-js/library/modules/_ie8-dom-define.js
<s> [webpack.Progress] 63% building 447/493 modules 46 active <checkout>/.versionless/work/react-boilerplate-v4-node24/target/node_modules/@babel/polyfill/node_modules/core-js/library/modules/_ie8-dom-define.js
<s> [webpack.Progress] 63% building 448/493 modules 45 active <checkout>/.versionless/work/react-boilerplate-v4-node24/target/node_modules/@babel/polyfill/node_modules/core-js/library/modules/_ie8-dom-define.js
<s> [webpack.Progress] 63% building 449/493 modules 44 active <checkout>/.versionless/work/react-boilerplate-v4-node24/target/node_modules/@babel/polyfill/node_modules/core-js/library/modules/_ie8-dom-define.js
<s> [webpack.Progress] 63% building 449/494 modules 45 active <checkout>/.versionless/work/react-boilerplate-v4-node24/target/node_modules/@babel/polyfill/node_modules/core-js/modules/es6.string.starts-with.js
<s> [webpack.Progress] 63% building 449/495 modules 46 active <checkout>/.versionless/work/react-boilerplate-v4-node24/target/node_modules/@babel/polyfill/node_modules/core-js/modules/_bind.js
<s> [webpack.Progress] 63% building 449/496 modules 47 active <checkout>/.versionless/work/react-boilerplate-v4-node24/target/node_modules/@babel/polyfill/node_modules/core-js/modules/es6.string.repeat.js
<s> [webpack.Progress] 63% building 449/497 modules 48 active <checkout>/.versionless/work/react-boilerplate-v4-node24/target/node_modules/@babel/polyfill/node_modules/core-js/modules/es6.string.includes.js
<s> [webpack.Progress] 64% building 450/497 modules 47 active <checkout>/.versionless/work/react-boilerplate-v4-node24/target/node_modules/@babel/polyfill/node_modules/core-js/modules/es6.string.includes.js
<s> [webpack.Progress] 64% building 451/497 modules 46 active <checkout>/.versionless/work/react-boilerplate-v4-node24/target/node_modules/@babel/polyfill/node_modules/core-js/modules/es6.string.includes.js
<s> [webpack.Progress] 64% building 451/498 modules 47 active <checkout>/.versionless/work/react-boilerplate-v4-node24/target/node_modules/@babel/polyfill/node_modules/core-js/modules/es6.string.ends-with.js
<s> [webpack.Progress] 64% building 452/498 modules 46 active <checkout>/.versionless/work/react-boilerplate-v4-node24/target/node_modules/@babel/polyfill/node_modules/core-js/modules/es6.string.ends-with.js
<s> [webpack.Progress] 64% building 453/498 modules 45 active <checkout>/.versionless/work/react-boilerplate-v4-node24/target/node_modules/@babel/polyfill/node_modules/core-js/modules/es6.string.ends-with.js
<s> [webpack.Progress] 64% building 454/498 modules 44 active <checkout>/.versionless/work/react-boilerplate-v4-node24/target/node_modules/@babel/polyfill/node_modules/core-js/modules/es6.string.ends-with.js
<s> [webpack.Progress] 64% building 455/498 modules 43 active <checkout>/.versionless/work/react-boilerplate-v4-node24/target/node_modules/@babel/polyfill/node_modules/core-js/modules/es6.string.ends-with.js
<s> [webpack.Progress] 64% building 456/498 modules 42 active <checkout>/.versionless/work/react-boilerplate-v4-node24/target/node_modules/@babel/polyfill/node_modules/core-js/modules/es6.string.ends-with.js
<s> [webpack.Progress] 64% building 457/498 modules 41 active <checkout>/.versionless/work/react-boilerplate-v4-node24/target/node_modules/@babel/polyfill/node_modules/core-js/modules/es6.string.ends-with.js
<s> [webpack.Progress] 64% building 458/498 modules 40 active <checkout>/.versionless/work/react-boilerplate-v4-node24/target/node_modules/@babel/polyfill/node_modules/core-js/modules/es6.string.ends-with.js
<s> [webpack.Progress] 64% building 458/499 modules 41 active <checkout>/.versionless/work/react-boilerplate-v4-node24/target/node_modules/@babel/polyfill/node_modules/core-js/modules/_typed-array.js
<s> [webpack.Progress] 64% building 458/500 modules 42 active <checkout>/.versionless/work/react-boilerplate-v4-node24/target/node_modules/@babel/polyfill/node_modules/core-js/modules/_typed-buffer.js
<s> [webpack.Progress] 65% building 459/500 modules 41 active <checkout>/.versionless/work/react-boilerplate-v4-node24/target/node_modules/@babel/polyfill/node_modules/core-js/modules/_typed-buffer.js
<s> [webpack.Progress] 64% building 459/501 modules 42 active <checkout>/.versionless/work/react-boilerplate-v4-node24/target/node_modules/@babel/polyfill/node_modules/core-js/modules/_collection-weak.js
<s> [webpack.Progress] 65% building 460/501 modules 41 active <checkout>/.versionless/work/react-boilerplate-v4-node24/target/node_modules/@babel/polyfill/node_modules/core-js/modules/_collection-weak.js
<s> [webpack.Progress] 65% building 461/501 modules 40 active <checkout>/.versionless/work/react-boilerplate-v4-node24/target/node_modules/@babel/polyfill/node_modules/core-js/modules/_collection-weak.js
<s> [webpack.Progress] 65% building 462/501 modules 39 active <checkout>/.versionless/work/react-boilerplate-v4-node24/target/node_modules/@babel/polyfill/node_modules/core-js/modules/_collection-weak.js
<s> [webpack.Progress] 65% building 462/502 modules 40 active <checkout>/.versionless/work/react-boilerplate-v4-node24/target/node_modules/@babel/polyfill/node_modules/core-js/modules/_collection.js
<s> [webpack.Progress] 65% building 462/503 modules 41 active <checkout>/.versionless/work/react-boilerplate-v4-node24/target/node_modules/@babel/polyfill/node_modules/core-js/modules/_validate-collection.js
<s> [webpack.Progress] 64% building 462/504 modules 42 active <checkout>/.versionless/work/react-boilerplate-v4-node24/target/node_modules/@babel/polyfill/node_modules/core-js/modules/_typed.js
<s> [webpack.Progress] 65% building 463/504 modules 41 active <checkout>/.versionless/work/react-boilerplate-v4-node24/target/node_modules/@babel/polyfill/node_modules/core-js/modules/_typed.js
<s> [webpack.Progress] 65% building 464/504 modules 40 active <checkout>/.versionless/work/react-boilerplate-v4-node24/target/node_modules/@babel/polyfill/node_modules/core-js/modules/_typed.js
<s> [webpack.Progress] 65% building 465/504 modules 39 active <checkout>/.versionless/work/react-boilerplate-v4-node24/target/node_modules/@babel/polyfill/node_modules/core-js/modules/_typed.js
<s> [webpack.Progress] 65% building 466/504 modules 38 active <checkout>/.versionless/work/react-boilerplate-v4-node24/target/node_modules/@babel/polyfill/node_modules/core-js/modules/_typed.js
<s> [webpack.Progress] 65% building 467/504 modules 37 active <checkout>/.versionless/work/react-boilerplate-v4-node24/target/node_modules/@babel/polyfill/node_modules/core-js/modules/_typed.js
<s> [webpack.Progress] 65% building 468/504 modules 36 active <checkout>/.versionless/work/react-boilerplate-v4-node24/target/node_modules/@babel/polyfill/node_modules/core-js/modules/_typed.js
<s> [webpack.Progress] 65% building 468/505 modules 37 active <checkout>/.versionless/work/react-boilerplate-v4-node24/target/node_modules/lodash/isObject.js
<s> [webpack.Progress] 65% building 469/505 modules 36 active <checkout>/.versionless/work/react-boilerplate-v4-node24/target/node_modules/lodash/isObject.js
<s> [webpack.Progress] 65% building 470/505 modules 35 active <checkout>/.versionless/work/react-boilerplate-v4-node24/target/node_modules/lodash/isObject.js
<s> [webpack.Progress] 65% building 471/505 modules 34 active <checkout>/.versionless/work/react-boilerplate-v4-node24/target/node_modules/lodash/isObject.js
<s> [webpack.Progress] 66% building 472/505 modules 33 active <checkout>/.versionless/work/react-boilerplate-v4-node24/target/node_modules/lodash/isObject.js
<s> [webpack.Progress] 66% building 473/505 modules 32 active <checkout>/.versionless/work/react-boilerplate-v4-node24/target/node_modules/lodash/isObject.js
<s> [webpack.Progress] 66% building 474/505 modules 31 active <checkout>/.versionless/work/react-boilerplate-v4-node24/target/node_modules/lodash/isObject.js
<s> [webpack.Progress] 66% building 475/505 modules 30 active <checkout>/.versionless/work/react-boilerplate-v4-node24/target/node_modules/lodash/isObject.js
<s> [webpack.Progress] 66% building 475/506 modules 31 active <checkout>/.versionless/work/react-boilerplate-v4-node24/target/node_modules/create-react-context/lib/implementation.js
<s> [webpack.Progress] 66% building 476/506 modules 30 active <checkout>/.versionless/work/react-boilerplate-v4-node24/target/node_modules/create-react-context/lib/implementation.js
<s> [webpack.Progress] 66% building 476/507 modules 31 active <checkout>/.versionless/work/react-boilerplate-v4-node24/target/node_modules/@babel/polyfill/node_modules/core-js/modules/_collection-strong.js
<s> [webpack.Progress] 66% building 476/508 modules 32 active <checkout>/.versionless/work/react-boilerplate-v4-node24/target/node_modules/@babel/polyfill/node_modules/core-js/modules/_is-regexp.js
<s> [webpack.Progress] 66% building 476/509 modules 33 active <checkout>/.versionless/work/react-boilerplate-v4-node24/target/node_modules/@babel/polyfill/node_modules/core-js/modules/_fix-re-wks.js
<s> [webpack.Progress] 66% building 477/509 modules 32 active <checkout>/.versionless/work/react-boilerplate-v4-node24/target/node_modules/@babel/polyfill/node_modules/core-js/modules/_fix-re-wks.js
<s> [webpack.Progress] 66% building 478/509 modules 31 active <checkout>/.versionless/work/react-boilerplate-v4-node24/target/node_modules/@babel/polyfill/node_modules/core-js/modules/_fix-re-wks.js
<s> [webpack.Progress] 66% building 479/509 modules 30 active <checkout>/.versionless/work/react-boilerplate-v4-node24/target/node_modules/@babel/polyfill/node_modules/core-js/modules/_fix-re-wks.js
<s> [webpack.Progress] 66% building 479/510 modules 31 active <checkout>/.versionless/work/react-boilerplate-v4-node24/target/node_modules/@babel/polyfill/node_modules/core-js/modules/_regexp-exec-abstract.js
<s> [webpack.Progress] 66% building 480/510 modules 30 active <checkout>/.versionless/work/react-boilerplate-v4-node24/target/node_modules/@babel/polyfill/node_modules/core-js/modules/_regexp-exec-abstract.js
<s> [webpack.Progress] 66% building 480/511 modules 31 active <checkout>/.versionless/work/react-boilerplate-v4-node24/target/node_modules/@babel/polyfill/node_modules/core-js/modules/_advance-string-index.js
<s> [webpack.Progress] 66% building 481/511 modules 30 active <checkout>/.versionless/work/react-boilerplate-v4-node24/target/node_modules/@babel/polyfill/node_modules/core-js/modules/_advance-string-index.js
<s> [webpack.Progress] 66% building 482/511 modules 29 active <checkout>/.versionless/work/react-boilerplate-v4-node24/target/node_modules/@babel/polyfill/node_modules/core-js/modules/_advance-string-index.js
<s> [webpack.Progress] 66% building 483/511 modules 28 active <checkout>/.versionless/work/react-boilerplate-v4-node24/target/node_modules/@babel/polyfill/node_modules/core-js/modules/_advance-string-index.js
<s> [webpack.Progress] 66% building 484/511 modules 27 active <checkout>/.versionless/work/react-boilerplate-v4-node24/target/node_modules/@babel/polyfill/node_modules/core-js/modules/_advance-string-index.js
<s> [webpack.Progress] 66% building 484/512 modules 28 active <checkout>/.versionless/work/react-boilerplate-v4-node24/target/node_modules/@babel/polyfill/node_modules/core-js/modules/_same-value.js
<s> [webpack.Progress] 66% building 485/512 modules 27 active <checkout>/.versionless/work/react-boilerplate-v4-node24/target/node_modules/@babel/polyfill/node_modules/core-js/modules/_same-value.js
<s> [webpack.Progress] 66% building 486/512 modules 26 active <checkout>/.versionless/work/react-boilerplate-v4-node24/target/node_modules/@babel/polyfill/node_modules/core-js/modules/_same-value.js
<s> [webpack.Progress] 67% building 487/512 modules 25 active <checkout>/.versionless/work/react-boilerplate-v4-node24/target/node_modules/@babel/polyfill/node_modules/core-js/modules/_same-value.js
<s> [webpack.Progress] 67% building 488/512 modules 24 active <checkout>/.versionless/work/react-boilerplate-v4-node24/target/node_modules/@babel/polyfill/node_modules/core-js/modules/_same-value.js
<s> [webpack.Progress] 67% building 489/512 modules 23 active <checkout>/.versionless/work/react-boilerplate-v4-node24/target/node_modules/@babel/polyfill/node_modules/core-js/modules/_same-value.js
<s> [webpack.Progress] 67% building 490/512 modules 22 active <checkout>/.versionless/work/react-boilerplate-v4-node24/target/node_modules/@babel/polyfill/node_modules/core-js/modules/_same-value.js
<s> [webpack.Progress] 67% building 491/512 modules 21 active <checkout>/.versionless/work/react-boilerplate-v4-node24/target/node_modules/@babel/polyfill/node_modules/core-js/modules/_same-value.js
<s> [webpack.Progress] 67% building 491/513 modules 22 active <checkout>/.versionless/work/react-boilerplate-v4-node24/target/node_modules/@babel/polyfill/node_modules/core-js/modules/_flags.js
<s> [webpack.Progress] 67% building 491/514 modules 23 active <checkout>/.versionless/work/react-boilerplate-v4-node24/target/node_modules/@babel/polyfill/node_modules/core-js/modules/_regexp-exec.js
<s> [webpack.Progress] 67% building 492/514 modules 22 active <checkout>/.versionless/work/react-boilerplate-v4-node24/target/node_modules/@babel/polyfill/node_modules/core-js/modules/_regexp-exec.js
<s> [webpack.Progress] 67% building 493/514 modules 21 active <checkout>/.versionless/work/react-boilerplate-v4-node24/target/node_modules/@babel/polyfill/node_modules/core-js/modules/_regexp-exec.js
<s> [webpack.Progress] 67% building 494/514 modules 20 active <checkout>/.versionless/work/react-boilerplate-v4-node24/target/node_modules/@babel/polyfill/node_modules/core-js/modules/_regexp-exec.js
<s> [webpack.Progress] 67% building 495/514 modules 19 active <checkout>/.versionless/work/react-boilerplate-v4-node24/target/node_modules/@babel/polyfill/node_modules/core-js/modules/_regexp-exec.js
<s> [webpack.Progress] 67% building 496/514 modules 18 active <checkout>/.versionless/work/react-boilerplate-v4-node24/target/node_modules/@babel/polyfill/node_modules/core-js/modules/_regexp-exec.js
<s> [webpack.Progress] 68% building 497/514 modules 17 active <checkout>/.versionless/work/react-boilerplate-v4-node24/target/node_modules/@babel/polyfill/node_modules/core-js/modules/_regexp-exec.js
<s> [webpack.Progress] 67% building 497/515 modules 18 active <checkout>/.versionless/work/react-boilerplate-v4-node24/target/node_modules/@babel/polyfill/node_modules/core-js/modules/_inherit-if-required.js
<s> [webpack.Progress] 68% building 498/515 modules 17 active <checkout>/.versionless/work/react-boilerplate-v4-node24/target/node_modules/@babel/polyfill/node_modules/core-js/modules/_inherit-if-required.js
<s> [webpack.Progress] 67% building 498/516 modules 18 active <checkout>/.versionless/work/react-boilerplate-v4-node24/target/node_modules/babel-loader/lib/index.js!<checkout>/.versionless/work/react-boilerplate-v4-node24/target/app/components/Toggle/Select.js
<s> [webpack.Progress] 67% building 498/517 modules 19 active <checkout>/.versionless/work/react-boilerplate-v4-node24/target/node_modules/@babel/polyfill/node_modules/core-js/modules/_array-methods.js
<s> [webpack.Progress] 67% building 498/518 modules 20 active <checkout>/.versionless/work/react-boilerplate-v4-node24/target/node_modules/@babel/polyfill/node_modules/core-js/modules/_array-fill.js
<s> [webpack.Progress] 67% building 498/519 modules 21 active <checkout>/.versionless/work/react-boilerplate-v4-node24/target/node_modules/@babel/polyfill/node_modules/core-js/modules/_array-copy-within.js
<s> [webpack.Progress] 67% building 498/520 modules 22 active <checkout>/.versionless/work/react-boilerplate-v4-node24/target/node_modules/@babel/polyfill/node_modules/core-js/modules/_strict-method.js
<s> [webpack.Progress] 67% building 498/521 modules 23 active <checkout>/.versionless/work/react-boilerplate-v4-node24/target/node_modules/@babel/polyfill/node_modules/core-js/modules/_array-reduce.js
<s> [webpack.Progress] 67% building 499/521 modules 22 active <checkout>/.versionless/work/react-boilerplate-v4-node24/target/node_modules/@babel/polyfill/node_modules/core-js/modules/_array-reduce.js
<s> [webpack.Progress] 67% building 500/521 modules 21 active <checkout>/.versionless/work/react-boilerplate-v4-node24/target/node_modules/@babel/polyfill/node_modules/core-js/modules/_array-reduce.js
<s> [webpack.Progress] 67% building 501/521 modules 20 active <checkout>/.versionless/work/react-boilerplate-v4-node24/target/node_modules/@babel/polyfill/node_modules/core-js/modules/_array-reduce.js
<s> [webpack.Progress] 67% building 501/522 modules 21 active <checkout>/.versionless/work/react-boilerplate-v4-node24/target/node_modules/lodash/_baseGetTag.js
<s> [webpack.Progress] 67% building 502/522 modules 20 active <checkout>/.versionless/work/react-boilerplate-v4-node24/target/node_modules/lodash/_baseGetTag.js
<s> [webpack.Progress] 67% building 503/522 modules 19 active <checkout>/.versionless/work/react-boilerplate-v4-node24/target/node_modules/lodash/_baseGetTag.js
<s> [webpack.Progress] 67% building 503/523 modules 20 active <checkout>/.versionless/work/react-boilerplate-v4-node24/target/node_modules/lodash/_baseKeys.js
<s> [webpack.Progress] 67% building 503/524 modules 21 active <checkout>/.versionless/work/react-boilerplate-v4-node24/target/node_modules/lodash/_baseConformsTo.js
<s> [webpack.Progress] 67% building 504/524 modules 20 active <checkout>/.versionless/work/react-boilerplate-v4-node24/target/node_modules/lodash/_baseConformsTo.js
<s> [webpack.Progress] 67% building 505/524 modules 19 active <checkout>/.versionless/work/react-boilerplate-v4-node24/target/node_modules/lodash/_baseConformsTo.js
<s> [webpack.Progress] 67% building 505/525 modules 20 active <checkout>/.versionless/work/react-boilerplate-v4-node24/target/node_modules/lodash/isTypedArray.js
<s> [webpack.Progress] 67% building 505/526 modules 21 active <checkout>/.versionless/work/react-boilerplate-v4-node24/target/node_modules/lodash/_isPrototype.js
<s> [webpack.Progress] 67% building 505/527 modules 22 active <checkout>/.versionless/work/react-boilerplate-v4-node24/target/node_modules/lodash/isBuffer.js
<s> [webpack.Progress] 67% building 505/528 modules 23 active <checkout>/.versionless/work/react-boilerplate-v4-node24/target/node_modules/lodash/isArrayLike.js
<s> [webpack.Progress] 67% building 505/529 modules 24 active <checkout>/.versionless/work/react-boilerplate-v4-node24/target/node_modules/lodash/isArguments.js
<s> [webpack.Progress] 67% building 505/530 modules 25 active <checkout>/.versionless/work/react-boilerplate-v4-node24/target/node_modules/lodash/isArray.js
<s> [webpack.Progress] 67% building 505/531 modules 26 active <checkout>/.versionless/work/react-boilerplate-v4-node24/target/node_modules/lodash/_getTag.js
<s> [webpack.Progress] 67% building 506/531 modules 25 active <checkout>/.versionless/work/react-boilerplate-v4-node24/target/node_modules/lodash/_getTag.js
<s> [webpack.Progress] 67% building 506/532 modules 26 active <checkout>/.versionless/work/react-boilerplate-v4-node24/target/node_modules/lodash/keys.js
<s> [webpack.Progress] 67% building 507/532 modules 25 active <checkout>/.versionless/work/react-boilerplate-v4-node24/target/node_modules/lodash/keys.js
<s> [webpack.Progress] 67% building 508/532 modules 24 active <checkout>/.versionless/work/react-boilerplate-v4-node24/target/node_modules/lodash/keys.js
<s> [webpack.Progress] 67% building 508/533 modules 25 active <checkout>/.versionless/work/react-boilerplate-v4-node24/target/node_modules/lodash/isObjectLike.js
<s> [webpack.Progress] 67% building 509/533 modules 24 active <checkout>/.versionless/work/react-boilerplate-v4-node24/target/node_modules/lodash/isObjectLike.js
<s> [webpack.Progress] 67% building 510/533 modules 23 active <checkout>/.versionless/work/react-boilerplate-v4-node24/target/node_modules/lodash/isObjectLike.js
<s> [webpack.Progress] 67% building 511/533 modules 22 active <checkout>/.versionless/work/react-boilerplate-v4-node24/target/node_modules/lodash/isObjectLike.js
<s> [webpack.Progress] 67% building 512/533 modules 21 active <checkout>/.versionless/work/react-boilerplate-v4-node24/target/node_modules/lodash/isObjectLike.js
<s> [webpack.Progress] 67% building 512/534 modules 22 active <checkout>/.versionless/work/react-boilerplate-v4-node24/target/node_modules/babel-loader/lib/index.js!<checkout>/.versionless/work/react-boilerplate-v4-node24/target/app/components/List/Wrapper.js
<s> [webpack.Progress] 67% building 512/535 modules 23 active <checkout>/.versionless/work/react-boilerplate-v4-node24/target/node_modules/babel-loader/lib/index.js!<checkout>/.versionless/work/react-boilerplate-v4-node24/target/app/components/List/Ul.js
<s> [webpack.Progress] 67% building 512/536 modules 24 active <checkout>/.versionless/work/react-boilerplate-v4-node24/target/node_modules/babel-loader/lib/index.js!<checkout>/.versionless/work/react-boilerplate-v4-node24/target/app/components/ListItem/Wrapper.js
<s> [webpack.Progress] 67% building 512/537 modules 25 active <checkout>/.versionless/work/react-boilerplate-v4-node24/target/node_modules/babel-loader/lib/index.js!<checkout>/.versionless/work/react-boilerplate-v4-node24/target/app/components/ListItem/Item.js
<s> [webpack.Progress] 67% building 512/538 modules 26 active <checkout>/.versionless/work/react-boilerplate-v4-node24/target/node_modules/@babel/polyfill/node_modules/core-js/modules/_date-to-primitive.js
<s> [webpack.Progress] 66% building 512/539 modules 27 active <checkout>/.versionless/work/react-boilerplate-v4-node24/target/node_modules/babel-loader/lib/index.js!<checkout>/.versionless/work/react-boilerplate-v4-node24/target/app/containers/RepoListItem/Wrapper.js
<s> [webpack.Progress] 66% building 512/540 modules 28 active <checkout>/.versionless/work/react-boilerplate-v4-node24/target/node_modules/@babel/polyfill/node_modules/core-js/modules/_date-to-iso-string.js
<s> [webpack.Progress] 66% building 512/541 modules 29 active <checkout>/.versionless/work/react-boilerplate-v4-node24/target/node_modules/@babel/polyfill/node_modules/core-js/modules/_string-html.js
<s> [webpack.Progress] 66% building 513/541 modules 28 active <checkout>/.versionless/work/react-boilerplate-v4-node24/target/node_modules/@babel/polyfill/node_modules/core-js/modules/_string-html.js
<s> [webpack.Progress] 66% building 513/542 modules 29 active <checkout>/.versionless/work/react-boilerplate-v4-node24/target/node_modules/babel-loader/lib/index.js!<checkout>/.versionless/work/react-boilerplate-v4-node24/target/app/containers/RepoListItem/RepoLink.js
<s> [webpack.Progress] 66% building 513/543 modules 30 active <checkout>/.versionless/work/react-boilerplate-v4-node24/target/node_modules/babel-loader/lib/index.js!<checkout>/.versionless/work/react-boilerplate-v4-node24/target/app/containers/RepoListItem/IssueLink.js
<s> [webpack.Progress] 66% building 513/544 modules 31 active <checkout>/.versionless/work/react-boilerplate-v4-node24/target/node_modules/babel-loader/lib/index.js!<checkout>/.versionless/work/react-boilerplate-v4-node24/target/app/containers/RepoListItem/IssueIcon.js
<s> [webpack.Progress] 66% building 514/544 modules 30 active <checkout>/.versionless/work/react-boilerplate-v4-node24/target/node_modules/babel-loader/lib/index.js!<checkout>/.versionless/work/react-boilerplate-v4-node24/target/app/containers/RepoListItem/IssueIcon.js
<s> [webpack.Progress] 66% building 514/545 modules 31 active <checkout>/.versionless/work/react-boilerplate-v4-node24/target/node_modules/@babel/polyfill/node_modules/core-js/modules/_object-assign.js
<s> [webpack.Progress] 66% building 514/546 modules 32 active <checkout>/.versionless/work/react-boilerplate-v4-node24/target/node_modules/@babel/polyfill/node_modules/core-js/modules/es6.string.code-point-at.js
<s> [webpack.Progress] 66% building 514/547 modules 33 active <checkout>/.versionless/work/react-boilerplate-v4-node24/target/node_modules/@babel/polyfill/node_modules/core-js/modules/es6.string.iterator.js
<s> [webpack.Progress] 66% building 514/548 modules 34 active <checkout>/.versionless/work/react-boilerplate-v4-node24/target/node_modules/@babel/polyfill/node_modules/core-js/modules/es6.string.trim.js
<s> [webpack.Progress] 66% building 514/549 modules 35 active <checkout>/.versionless/work/react-boilerplate-v4-node24/target/node_modules/@babel/polyfill/node_modules/core-js/modules/es6.string.raw.js
<s> [webpack.Progress] 66% building 514/550 modules 36 active <checkout>/.versionless/work/react-boilerplate-v4-node24/target/node_modules/@babel/polyfill/node_modules/core-js/modules/es6.string.from-code-point.js
<s> [webpack.Progress] 66% building 515/550 modules 35 active <checkout>/.versionless/work/react-boilerplate-v4-node24/target/node_modules/@babel/polyfill/node_modules/core-js/modules/es6.string.from-code-point.js
<s> [webpack.Progress] 66% building 516/550 modules 34 active <checkout>/.versionless/work/react-boilerplate-v4-node24/target/node_modules/@babel/polyfill/node_modules/core-js/modules/es6.string.from-code-point.js
<s> [webpack.Progress] 66% building 517/550 modules 33 active <checkout>/.versionless/work/react-boilerplate-v4-node24/target/node_modules/@babel/polyfill/node_modules/core-js/modules/es6.string.from-code-point.js
<s> [webpack.Progress] 66% building 518/550 modules 32 active <checkout>/.versionless/work/react-boilerplate-v4-node24/target/node_modules/@babel/polyfill/node_modules/core-js/modules/es6.string.from-code-point.js
<s> [webpack.Progress] 66% building 519/550 modules 31 active <checkout>/.versionless/work/react-boilerplate-v4-node24/target/node_modules/@babel/polyfill/node_modules/core-js/modules/es6.string.from-code-point.js
<s> [webpack.Progress] 66% building 519/551 modules 32 active <checkout>/.versionless/work/react-boilerplate-v4-node24/target/node_modules/@babel/polyfill/node_modules/core-js/library/modules/_is-object.js
<s> [webpack.Progress] 66% building 520/551 modules 31 active <checkout>/.versionless/work/react-boilerplate-v4-node24/target/node_modules/@babel/polyfill/node_modules/core-js/library/modules/_is-object.js
<s> [webpack.Progress] 66% building 520/552 modules 32 active <checkout>/.versionless/work/react-boilerplate-v4-node24/target/node_modules/@babel/polyfill/node_modules/core-js/modules/es6.math.trunc.js
<s> [webpack.Progress] 66% building 520/553 modules 33 active <checkout>/.versionless/work/react-boilerplate-v4-node24/target/node_modules/@babel/polyfill/node_modules/core-js/modules/es6.math.tanh.js
<s> [webpack.Progress] 66% building 520/554 modules 34 active <checkout>/.versionless/work/react-boilerplate-v4-node24/target/node_modules/@redux-saga/core/dist/redux-saga-effects.cjs.js
<s> [webpack.Progress] 66% building 521/554 modules 33 active <checkout>/.versionless/work/react-boilerplate-v4-node24/target/node_modules/@redux-saga/core/dist/redux-saga-effects.cjs.js
<s> [webpack.Progress] 66% building 521/555 modules 34 active <checkout>/.versionless/work/react-boilerplate-v4-node24/target/node_modules/@babel/polyfill/node_modules/core-js/modules/es6.math.sinh.js
<s> [webpack.Progress] 66% building 521/556 modules 35 active <checkout>/.versionless/work/react-boilerplate-v4-node24/target/node_modules/@babel/polyfill/node_modules/core-js/modules/es6.math.sign.js
<s> [webpack.Progress] 66% building 521/557 modules 36 active <checkout>/.versionless/work/react-boilerplate-v4-node24/target/node_modules/@babel/polyfill/node_modules/core-js/library/modules/_dom-create.js
<s> [webpack.Progress] 66% building 521/558 modules 37 active <checkout>/.versionless/work/react-boilerplate-v4-node24/target/node_modules/@babel/polyfill/node_modules/core-js/modules/es6.math.log2.js
<s> [webpack.Progress] 65% building 521/559 modules 38 active <checkout>/.versionless/work/react-boilerplate-v4-node24/target/node_modules/@babel/polyfill/node_modules/core-js/modules/_string-context.js
<s> [webpack.Progress] 65% building 521/560 modules 39 active <checkout>/.versionless/work/react-boilerplate-v4-node24/target/node_modules/@babel/polyfill/node_modules/core-js/modules/_fails-is-regexp.js
<s> [webpack.Progress] 65% building 521/561 modules 40 active <checkout>/.versionless/work/react-boilerplate-v4-node24/target/node_modules/@babel/polyfill/node_modules/core-js/modules/es6.math.log1p.js
<s> [webpack.Progress] 65% building 521/562 modules 41 active <checkout>/.versionless/work/react-boilerplate-v4-node24/target/node_modules/@babel/polyfill/node_modules/core-js/modules/es6.math.imul.js
<s> [webpack.Progress] 65% building 521/563 modules 42 active <checkout>/.versionless/work/react-boilerplate-v4-node24/target/node_modules/@babel/polyfill/node_modules/core-js/modules/es6.math.log10.js
<s> [webpack.Progress] 65% building 521/564 modules 43 active <checkout>/.versionless/work/react-boilerplate-v4-node24/target/node_modules/@babel/polyfill/node_modules/core-js/modules/es6.math.hypot.js
<s> [webpack.Progress] 65% building 521/565 modules 44 active <checkout>/.versionless/work/react-boilerplate-v4-node24/target/node_modules/@babel/polyfill/node_modules/core-js/modules/es6.math.fround.js
<s> [webpack.Progress] 65% building 521/566 modules 45 active <checkout>/.versionless/work/react-boilerplate-v4-node24/target/node_modules/@babel/polyfill/node_modules/core-js/modules/es6.math.expm1.js
<s> [webpack.Progress] 65% building 521/567 modules 46 active <checkout>/.versionless/work/react-boilerplate-v4-node24/target/node_modules/@babel/polyfill/node_modules/core-js/modules/es6.math.cosh.js
<s> [webpack.Progress] 65% building 521/568 modules 47 active <checkout>/.versionless/work/react-boilerplate-v4-node24/target/node_modules/@babel/polyfill/node_modules/core-js/modules/es6.math.cbrt.js
<s> [webpack.Progress] 64% building 521/569 modules 48 active <checkout>/.versionless/work/react-boilerplate-v4-node24/target/node_modules/@babel/polyfill/node_modules/core-js/modules/es6.math.clz32.js
<s> [webpack.Progress] 64% building 521/570 modules 49 active <checkout>/.versionless/work/react-boilerplate-v4-node24/target/node_modules/@babel/polyfill/node_modules/core-js/modules/es6.math.atanh.js
<s> [webpack.Progress] 64% building 521/571 modules 50 active <checkout>/.versionless/work/react-boilerplate-v4-node24/target/node_modules/@babel/polyfill/node_modules/core-js/modules/es6.math.asinh.js
<s> [webpack.Progress] 64% building 521/572 modules 51 active <checkout>/.versionless/work/react-boilerplate-v4-node24/target/node_modules/@babel/polyfill/node_modules/core-js/modules/es6.number.parse-int.js
<s> [webpack.Progress] 64% building 521/573 modules 52 active <checkout>/.versionless/work/react-boilerplate-v4-node24/target/node_modules/@babel/polyfill/node_modules/core-js/modules/es6.math.acosh.js
<s> [webpack.Progress] 64% building 521/574 modules 53 active <checkout>/.versionless/work/react-boilerplate-v4-node24/target/node_modules/@babel/polyfill/node_modules/core-js/modules/es6.number.parse-float.js
<s> [webpack.Progress] 64% building 521/575 modules 54 active <checkout>/.versionless/work/react-boilerplate-v4-node24/target/node_modules/@babel/polyfill/node_modules/core-js/modules/es6.number.min-safe-integer.js
<s> [webpack.Progress] 64% building 522/575 modules 53 active <checkout>/.versionless/work/react-boilerplate-v4-node24/target/node_modules/@babel/polyfill/node_modules/core-js/modules/es6.number.min-safe-integer.js
<s> [webpack.Progress] 64% building 523/575 modules 52 active <checkout>/.versionless/work/react-boilerplate-v4-node24/target/node_modules/@babel/polyfill/node_modules/core-js/modules/es6.number.min-safe-integer.js
<s> [webpack.Progress] 64% building 524/575 modules 51 active <checkout>/.versionless/work/react-boilerplate-v4-node24/target/node_modules/@babel/polyfill/node_modules/core-js/modules/es6.number.min-safe-integer.js
<s> [webpack.Progress] 64% building 524/576 modules 52 active <checkout>/.versionless/work/react-boilerplate-v4-node24/target/node_modules/@babel/polyfill/node_modules/core-js/modules/es6.number.max-safe-integer.js
<s> [webpack.Progress] 64% building 525/576 modules 51 active <checkout>/.versionless/work/react-boilerplate-v4-node24/target/node_modules/@babel/polyfill/node_modules/core-js/modules/es6.number.max-safe-integer.js
<s> [webpack.Progress] 64% building 525/577 modules 52 active <checkout>/.versionless/work/react-boilerplate-v4-node24/target/node_modules/@babel/polyfill/node_modules/core-js/modules/_to-index.js
<s> [webpack.Progress] 64% building 526/577 modules 51 active <checkout>/.versionless/work/react-boilerplate-v4-node24/target/node_modules/@babel/polyfill/node_modules/core-js/modules/_to-index.js
<s> [webpack.Progress] 64% building 527/577 modules 50 active <checkout>/.versionless/work/react-boilerplate-v4-node24/target/node_modules/@babel/polyfill/node_modules/core-js/modules/_to-index.js
<s> [webpack.Progress] 64% building 528/577 modules 49 active <checkout>/.versionless/work/react-boilerplate-v4-node24/target/node_modules/@babel/polyfill/node_modules/core-js/modules/_to-index.js
<s> [webpack.Progress] 65% building 529/577 modules 48 active <checkout>/.versionless/work/react-boilerplate-v4-node24/target/node_modules/@babel/polyfill/node_modules/core-js/modules/_to-index.js
<s> [webpack.Progress] 65% building 530/577 modules 47 active <checkout>/.versionless/work/react-boilerplate-v4-node24/target/node_modules/@babel/polyfill/node_modules/core-js/modules/_to-index.js
<s> [webpack.Progress] 65% building 531/577 modules 46 active <checkout>/.versionless/work/react-boilerplate-v4-node24/target/node_modules/@babel/polyfill/node_modules/core-js/modules/_to-index.js
<s> [webpack.Progress] 65% building 531/578 modules 47 active <checkout>/.versionless/work/react-boilerplate-v4-node24/target/node_modules/@babel/polyfill/node_modules/core-js/modules/es6.number.is-safe-integer.js
<s> [webpack.Progress] 65% building 532/578 modules 46 active <checkout>/.versionless/work/react-boilerplate-v4-node24/target/node_modules/@babel/polyfill/node_modules/core-js/modules/es6.number.is-safe-integer.js
<s> [webpack.Progress] 65% building 533/578 modules 45 active <checkout>/.versionless/work/react-boilerplate-v4-node24/target/node_modules/@babel/polyfill/node_modules/core-js/modules/es6.number.is-safe-integer.js
<s> [webpack.Progress] 65% building 533/579 modules 46 active <checkout>/.versionless/work/react-boilerplate-v4-node24/target/node_modules/@babel/polyfill/node_modules/core-js/modules/es6.number.is-nan.js
<s> [webpack.Progress] 65% building 533/580 modules 47 active <checkout>/.versionless/work/react-boilerplate-v4-node24/target/node_modules/@babel/polyfill/node_modules/core-js/modules/es6.number.is-integer.js
<s> [webpack.Progress] 65% building 533/581 modules 48 active <checkout>/.versionless/work/react-boilerplate-v4-node24/target/node_modules/@babel/polyfill/node_modules/core-js/modules/es6.number.is-finite.js
<s> [webpack.Progress] 64% building 533/582 modules 49 active <checkout>/.versionless/work/react-boilerplate-v4-node24/target/node_modules/@babel/polyfill/node_modules/core-js/modules/es6.number.epsilon.js
<s> [webpack.Progress] 65% building 534/582 modules 48 active <checkout>/.versionless/work/react-boilerplate-v4-node24/target/node_modules/@babel/polyfill/node_modules/core-js/modules/es6.number.epsilon.js
<s> [webpack.Progress] 64% building 534/583 modules 49 active <checkout>/.versionless/work/react-boilerplate-v4-node24/target/node_modules/@babel/polyfill/node_modules/core-js/modules/es6.number.to-precision.js
<s> [webpack.Progress] 65% building 535/583 modules 48 active <checkout>/.versionless/work/react-boilerplate-v4-node24/target/node_modules/@babel/polyfill/node_modules/core-js/modules/es6.number.to-precision.js
<s> [webpack.Progress] 65% building 536/583 modules 47 active <checkout>/.versionless/work/react-boilerplate-v4-node24/target/node_modules/@babel/polyfill/node_modules/core-js/modules/es6.number.to-precision.js
<s> [webpack.Progress] 65% building 536/584 modules 48 active <checkout>/.versionless/work/react-boilerplate-v4-node24/target/node_modules/@babel/polyfill/node_modules/core-js/modules/es6.number.to-fixed.js
<s> [webpack.Progress] 65% building 537/584 modules 47 active <checkout>/.versionless/work/react-boilerplate-v4-node24/target/node_modules/@babel/polyfill/node_modules/core-js/modules/es6.number.to-fixed.js
<s> [webpack.Progress] 65% building 538/584 modules 46 active <checkout>/.versionless/work/react-boilerplate-v4-node24/target/node_modules/@babel/polyfill/node_modules/core-js/modules/es6.number.to-fixed.js
<s> [webpack.Progress] 65% building 539/584 modules 45 active <checkout>/.versionless/work/react-boilerplate-v4-node24/target/node_modules/@babel/polyfill/node_modules/core-js/modules/es6.number.to-fixed.js
<s> [webpack.Progress] 65% building 540/584 modules 44 active <checkout>/.versionless/work/react-boilerplate-v4-node24/target/node_modules/@babel/polyfill/node_modules/core-js/modules/es6.number.to-fixed.js
<s> [webpack.Progress] 65% building 541/584 modules 43 active <checkout>/.versionless/work/react-boilerplate-v4-node24/target/node_modules/@babel/polyfill/node_modules/core-js/modules/es6.number.to-fixed.js
<s> [webpack.Progress] 65% building 542/584 modules 42 active <checkout>/.versionless/work/react-boilerplate-v4-node24/target/node_modules/@babel/polyfill/node_modules/core-js/modules/es6.number.to-fixed.js
<s> [webpack.Progress] 65% building 542/585 modules 43 active <checkout>/.versionless/work/react-boilerplate-v4-node24/target/node_modules/@babel/polyfill/node_modules/core-js/modules/es6.number.constructor.js
<s> [webpack.Progress] 65% building 543/585 modules 42 active <checkout>/.versionless/work/react-boilerplate-v4-node24/target/node_modules/@babel/polyfill/node_modules/core-js/modules/es6.number.constructor.js
<s> [webpack.Progress] 65% building 543/586 modules 43 active <checkout>/.versionless/work/react-boilerplate-v4-node24/target/node_modules/@babel/polyfill/node_modules/core-js/modules/es6.parse-float.js
<s> [webpack.Progress] 65% building 544/586 modules 42 active <checkout>/.versionless/work/react-boilerplate-v4-node24/target/node_modules/@babel/polyfill/node_modules/core-js/modules/es6.parse-float.js
<s> [webpack.Progress] 65% building 544/587 modules 43 active <checkout>/.versionless/work/react-boilerplate-v4-node24/target/node_modules/@babel/polyfill/node_modules/core-js/modules/es6.parse-int.js
<s> [webpack.Progress] 65% building 544/588 modules 44 active <checkout>/.versionless/work/react-boilerplate-v4-node24/target/node_modules/@babel/polyfill/node_modules/core-js/modules/_string-at.js
<s> [webpack.Progress] 65% building 545/588 modules 43 active <checkout>/.versionless/work/react-boilerplate-v4-node24/target/node_modules/@babel/polyfill/node_modules/core-js/modules/_string-at.js
<s> [webpack.Progress] 65% building 546/588 modules 42 active <checkout>/.versionless/work/react-boilerplate-v4-node24/target/node_modules/@babel/polyfill/node_modules/core-js/modules/_string-at.js
<s> [webpack.Progress] 65% building 547/588 modules 41 active <checkout>/.versionless/work/react-boilerplate-v4-node24/target/node_modules/@babel/polyfill/node_modules/core-js/modules/_string-at.js
<s> [webpack.Progress] 65% building 547/589 modules 42 active <checkout>/.versionless/work/react-boilerplate-v4-node24/target/node_modules/@babel/polyfill/node_modules/core-js/modules/es6.function.has-instance.js
<s> [webpack.Progress] 65% building 548/589 modules 41 active <checkout>/.versionless/work/react-boilerplate-v4-node24/target/node_modules/@babel/polyfill/node_modules/core-js/modules/es6.function.has-instance.js
<s> [webpack.Progress] 65% building 549/589 modules 40 active <checkout>/.versionless/work/react-boilerplate-v4-node24/target/node_modules/@babel/polyfill/node_modules/core-js/modules/es6.function.has-instance.js
<s> [webpack.Progress] 66% building 550/589 modules 39 active <checkout>/.versionless/work/react-boilerplate-v4-node24/target/node_modules/@babel/polyfill/node_modules/core-js/modules/es6.function.has-instance.js
<s> [webpack.Progress] 65% building 550/590 modules 40 active <checkout>/.versionless/work/react-boilerplate-v4-node24/target/node_modules/@babel/polyfill/node_modules/core-js/modules/es6.function.name.js
<s> [webpack.Progress] 65% building 550/591 modules 41 active <checkout>/.versionless/work/react-boilerplate-v4-node24/target/node_modules/@babel/polyfill/node_modules/core-js/modules/es6.object.to-string.js
<s> [webpack.Progress] 65% building 550/592 modules 42 active <checkout>/.versionless/work/react-boilerplate-v4-node24/target/node_modules/@babel/polyfill/node_modules/core-js/modules/es6.object.set-prototype-of.js
<s> [webpack.Progress] 65% building 550/593 modules 43 active <checkout>/.versionless/work/react-boilerplate-v4-node24/target/node_modules/@babel/polyfill/node_modules/core-js/modules/es6.object.is.js
<s> [webpack.Progress] 65% building 550/594 modules 44 active <checkout>/.versionless/work/react-boilerplate-v4-node24/target/node_modules/@babel/polyfill/node_modules/core-js/modules/es6.function.bind.js
<s> [webpack.Progress] 65% building 550/595 modules 45 active <checkout>/.versionless/work/react-boilerplate-v4-node24/target/node_modules/@babel/polyfill/node_modules/core-js/modules/es6.object.assign.js
<s> [webpack.Progress] 65% building 550/596 modules 46 active <checkout>/.versionless/work/react-boilerplate-v4-node24/target/node_modules/@babel/polyfill/node_modules/core-js/modules/es6.object.is-frozen.js
<s> [webpack.Progress] 65% building 550/597 modules 47 active <checkout>/.versionless/work/react-boilerplate-v4-node24/target/node_modules/@babel/polyfill/node_modules/core-js/modules/es6.object.is-sealed.js
<s> [webpack.Progress] 65% building 550/598 modules 48 active <checkout>/.versionless/work/react-boilerplate-v4-node24/target/node_modules/@babel/polyfill/node_modules/core-js/modules/es6.object.is-extensible.js
<s> [webpack.Progress] 65% building 550/599 modules 49 active <checkout>/.versionless/work/react-boilerplate-v4-node24/target/node_modules/@babel/polyfill/node_modules/core-js/modules/es6.object.prevent-extensions.js
<s> [webpack.Progress] 64% building 550/600 modules 50 active <checkout>/.versionless/work/react-boilerplate-v4-node24/target/node_modules/@babel/polyfill/node_modules/core-js/modules/es6.object.freeze.js
<s> [webpack.Progress] 64% building 550/601 modules 51 active <checkout>/.versionless/work/react-boilerplate-v4-node24/target/node_modules/@babel/polyfill/node_modules/core-js/modules/es6.object.get-own-property-names.js
<s> [webpack.Progress] 65% building 551/601 modules 50 active <checkout>/.versionless/work/react-boilerplate-v4-node24/target/node_modules/@babel/polyfill/node_modules/core-js/modules/es6.object.get-own-property-names.js
<s> [webpack.Progress] 64% building 551/602 modules 51 active <checkout>/.versionless/work/react-boilerplate-v4-node24/target/node_modules/@babel/polyfill/node_modules/core-js/modules/es6.object.seal.js
<s> [webpack.Progress] 65% building 552/602 modules 50 active <checkout>/.versionless/work/react-boilerplate-v4-node24/target/node_modules/@babel/polyfill/node_modules/core-js/modules/es6.object.seal.js
<s> [webpack.Progress] 65% building 553/602 modules 49 active <checkout>/.versionless/work/react-boilerplate-v4-node24/target/node_modules/@babel/polyfill/node_modules/core-js/modules/es6.object.seal.js
<s> [webpack.Progress] 65% building 554/602 modules 48 active <checkout>/.versionless/work/react-boilerplate-v4-node24/target/node_modules/@babel/polyfill/node_modules/core-js/modules/es6.object.seal.js
<s> [webpack.Progress] 65% building 555/602 modules 47 active <checkout>/.versionless/work/react-boilerplate-v4-node24/target/node_modules/@babel/polyfill/node_modules/core-js/modules/es6.object.seal.js
<s> [webpack.Progress] 65% building 556/602 modules 46 active <checkout>/.versionless/work/react-boilerplate-v4-node24/target/node_modules/@babel/polyfill/node_modules/core-js/modules/es6.object.seal.js
<s> [webpack.Progress] 65% building 557/602 modules 45 active <checkout>/.versionless/work/react-boilerplate-v4-node24/target/node_modules/@babel/polyfill/node_modules/core-js/modules/es6.object.seal.js
<s> [webpack.Progress] 65% building 558/602 modules 44 active <checkout>/.versionless/work/react-boilerplate-v4-node24/target/node_modules/@babel/polyfill/node_modules/core-js/modules/es6.object.seal.js
<s> [webpack.Progress] 65% building 559/602 modules 43 active <checkout>/.versionless/work/react-boilerplate-v4-node24/target/node_modules/@babel/polyfill/node_modules/core-js/modules/es6.object.seal.js
<s> [webpack.Progress] 65% building 560/602 modules 42 active <checkout>/.versionless/work/react-boilerplate-v4-node24/target/node_modules/@babel/polyfill/node_modules/core-js/modules/es6.object.seal.js
<s> [webpack.Progress] 65% building 560/603 modules 43 active <checkout>/.versionless/work/react-boilerplate-v4-node24/target/node_modules/webpack/buildin/module.js
<s> [webpack.Progress] 65% building 560/604 modules 44 active <checkout>/.versionless/work/react-boilerplate-v4-node24/target/node_modules/babel-loader/lib/index.js!<checkout>/.versionless/work/react-boilerplate-v4-node24/target/app/components/ToggleOption/index.js
<s> [webpack.Progress] 65% building 561/604 modules 43 active <checkout>/.versionless/work/react-boilerplate-v4-node24/target/node_modules/babel-loader/lib/index.js!<checkout>/.versionless/work/react-boilerplate-v4-node24/target/app/components/ToggleOption/index.js
<s> [webpack.Progress] 65% building 562/604 modules 42 active <checkout>/.versionless/work/react-boilerplate-v4-node24/target/node_modules/babel-loader/lib/index.js!<checkout>/.versionless/work/react-boilerplate-v4-node24/target/app/components/ToggleOption/index.js
<s> [webpack.Progress] 65% building 563/604 modules 41 active <checkout>/.versionless/work/react-boilerplate-v4-node24/target/node_modules/babel-loader/lib/index.js!<checkout>/.versionless/work/react-boilerplate-v4-node24/target/app/components/ToggleOption/index.js
<s> [webpack.Progress] 66% building 564/604 modules 40 active <checkout>/.versionless/work/react-boilerplate-v4-node24/target/node_modules/babel-loader/lib/index.js!<checkout>/.versionless/work/react-boilerplate-v4-node24/target/app/components/ToggleOption/index.js
<s> [webpack.Progress] 66% building 565/604 modules 39 active <checkout>/.versionless/work/react-boilerplate-v4-node24/target/node_modules/babel-loader/lib/index.js!<checkout>/.versionless/work/react-boilerplate-v4-node24/target/app/components/ToggleOption/index.js
<s> [webpack.Progress] 66% building 566/604 modules 38 active <checkout>/.versionless/work/react-boilerplate-v4-node24/target/node_modules/babel-loader/lib/index.js!<checkout>/.versionless/work/react-boilerplate-v4-node24/target/app/components/ToggleOption/index.js
<s> [webpack.Progress] 66% building 567/604 modules 37 active <checkout>/.versionless/work/react-boilerplate-v4-node24/target/node_modules/babel-loader/lib/index.js!<checkout>/.versionless/work/react-boilerplate-v4-node24/target/app/components/ToggleOption/index.js
<s> [webpack.Progress] 66% building 568/604 modules 36 active <checkout>/.versionless/work/react-boilerplate-v4-node24/target/node_modules/babel-loader/lib/index.js!<checkout>/.versionless/work/react-boilerplate-v4-node24/target/app/components/ToggleOption/index.js
<s> [webpack.Progress] 66% building 569/604 modules 35 active <checkout>/.versionless/work/react-boilerplate-v4-node24/target/node_modules/babel-loader/lib/index.js!<checkout>/.versionless/work/react-boilerplate-v4-node24/target/app/components/ToggleOption/index.js
<s> [webpack.Progress] 66% building 570/604 modules 34 active <checkout>/.versionless/work/react-boilerplate-v4-node24/target/node_modules/babel-loader/lib/index.js!<checkout>/.versionless/work/react-boilerplate-v4-node24/target/app/components/ToggleOption/index.js
<s> [webpack.Progress] 66% building 571/604 modules 33 active <checkout>/.versionless/work/react-boilerplate-v4-node24/target/node_modules/babel-loader/lib/index.js!<checkout>/.versionless/work/react-boilerplate-v4-node24/target/app/components/ToggleOption/index.js
<s> [webpack.Progress] 66% building 572/604 modules 32 active <checkout>/.versionless/work/react-boilerplate-v4-node24/target/node_modules/babel-loader/lib/index.js!<checkout>/.versionless/work/react-boilerplate-v4-node24/target/app/components/ToggleOption/index.js
<s> [webpack.Progress] 66% building 573/604 modules 31 active <checkout>/.versionless/work/react-boilerplate-v4-node24/target/node_modules/babel-loader/lib/index.js!<checkout>/.versionless/work/react-boilerplate-v4-node24/target/app/components/ToggleOption/index.js
<s> [webpack.Progress] 67% building 574/604 modules 30 active <checkout>/.versionless/work/react-boilerplate-v4-node24/target/node_modules/babel-loader/lib/index.js!<checkout>/.versionless/work/react-boilerplate-v4-node24/target/app/components/ToggleOption/index.js
<s> [webpack.Progress] 67% building 575/604 modules 29 active <checkout>/.versionless/work/react-boilerplate-v4-node24/target/node_modules/babel-loader/lib/index.js!<checkout>/.versionless/work/react-boilerplate-v4-node24/target/app/components/ToggleOption/index.js
<s> [webpack.Progress] 67% building 576/604 modules 28 active <checkout>/.versionless/work/react-boilerplate-v4-node24/target/node_modules/babel-loader/lib/index.js!<checkout>/.versionless/work/react-boilerplate-v4-node24/target/app/components/ToggleOption/index.js
<s> [webpack.Progress] 67% building 577/604 modules 27 active <checkout>/.versionless/work/react-boilerplate-v4-node24/target/node_modules/babel-loader/lib/index.js!<checkout>/.versionless/work/react-boilerplate-v4-node24/target/app/components/ToggleOption/index.js
<s> [webpack.Progress] 67% building 578/604 modules 26 active <checkout>/.versionless/work/react-boilerplate-v4-node24/target/node_modules/babel-loader/lib/index.js!<checkout>/.versionless/work/react-boilerplate-v4-node24/target/app/components/ToggleOption/index.js
<s> [webpack.Progress] 67% building 578/605 modules 27 active <checkout>/.versionless/work/react-boilerplate-v4-node24/target/node_modules/lodash/_Symbol.js
<s> [webpack.Progress] 67% building 578/606 modules 28 active <checkout>/.versionless/work/react-boilerplate-v4-node24/target/node_modules/lodash/_getRawTag.js
<s> [webpack.Progress] 67% building 579/606 modules 27 active <checkout>/.versionless/work/react-boilerplate-v4-node24/target/node_modules/lodash/_getRawTag.js
<s> [webpack.Progress] 67% building 580/606 modules 26 active <checkout>/.versionless/work/react-boilerplate-v4-node24/target/node_modules/lodash/_getRawTag.js
<s> [webpack.Progress] 67% building 580/607 modules 27 active <checkout>/.versionless/work/react-boilerplate-v4-node24/target/node_modules/lodash/_objectToString.js
<s> [webpack.Progress] 67% building 581/607 modules 26 active <checkout>/.versionless/work/react-boilerplate-v4-node24/target/node_modules/lodash/_objectToString.js
<s> [webpack.Progress] 67% building 581/608 modules 27 active <checkout>/.versionless/work/react-boilerplate-v4-node24/target/node_modules/lodash/_nativeKeys.js
<s> [webpack.Progress] 67% building 582/608 modules 26 active <checkout>/.versionless/work/react-boilerplate-v4-node24/target/node_modules/lodash/_nativeKeys.js
<s> [webpack.Progress] 67% building 583/608 modules 25 active <checkout>/.versionless/work/react-boilerplate-v4-node24/target/node_modules/lodash/_nativeKeys.js
<s> [webpack.Progress] 67% building 583/609 modules 26 active <checkout>/.versionless/work/react-boilerplate-v4-node24/target/node_modules/lodash/_baseIsTypedArray.js
<s> [webpack.Progress] 67% building 583/610 modules 27 active <checkout>/.versionless/work/react-boilerplate-v4-node24/target/node_modules/lodash/_baseUnary.js
<s> [webpack.Progress] 67% building 583/611 modules 28 active <checkout>/.versionless/work/react-boilerplate-v4-node24/target/node_modules/lodash/_nodeUtil.js
<s> [webpack.Progress] 67% building 583/612 modules 29 active <checkout>/.versionless/work/react-boilerplate-v4-node24/target/node_modules/lodash/_root.js
<s> [webpack.Progress] 67% building 583/613 modules 30 active <checkout>/.versionless/work/react-boilerplate-v4-node24/target/node_modules/lodash/_baseIsArguments.js
<s> [webpack.Progress] 66% building 583/614 modules 31 active <checkout>/.versionless/work/react-boilerplate-v4-node24/target/node_modules/lodash/stubFalse.js
<s> [webpack.Progress] 66% building 583/615 modules 32 active <checkout>/.versionless/work/react-boilerplate-v4-node24/target/node_modules/lodash/isLength.js
<s> [webpack.Progress] 66% building 584/615 modules 31 active <checkout>/.versionless/work/react-boilerplate-v4-node24/target/node_modules/lodash/isLength.js
<s> [webpack.Progress] 66% building 584/616 modules 32 active <checkout>/.versionless/work/react-boilerplate-v4-node24/target/node_modules/lodash/_DataView.js
<s> [webpack.Progress] 66% building 584/617 modules 33 active <checkout>/.versionless/work/react-boilerplate-v4-node24/target/node_modules/lodash/_Map.js
<s> [webpack.Progress] 66% building 584/618 modules 34 active <checkout>/.versionless/work/react-boilerplate-v4-node24/target/node_modules/lodash/_Promise.js
<s> [webpack.Progress] 66% building 584/619 modules 35 active <checkout>/.versionless/work/react-boilerplate-v4-node24/target/node_modules/lodash/_WeakMap.js
<s> [webpack.Progress] 66% building 584/620 modules 36 active <checkout>/.versionless/work/react-boilerplate-v4-node24/target/node_modules/lodash/_toSource.js
<s> [webpack.Progress] 66% building 584/621 modules 37 active <checkout>/.versionless/work/react-boilerplate-v4-node24/target/node_modules/lodash/_Set.js
<s> [webpack.Progress] 66% building 584/622 modules 38 active <checkout>/.versionless/work/react-boilerplate-v4-node24/target/node_modules/isarray/index.js
<s> [webpack.Progress] 66% building 584/623 modules 39 active <checkout>/.versionless/work/react-boilerplate-v4-node24/target/node_modules/lodash/_arrayLikeKeys.js
<s> [webpack.Progress] 66% building 585/623 modules 38 active <checkout>/.versionless/work/react-boilerplate-v4-node24/target/node_modules/lodash/_arrayLikeKeys.js
<s> [webpack.Progress] 66% building 586/623 modules 37 active <checkout>/.versionless/work/react-boilerplate-v4-node24/target/node_modules/lodash/_arrayLikeKeys.js
<s> [webpack.Progress] 66% building 586/624 modules 38 active <checkout>/.versionless/work/react-boilerplate-v4-node24/target/node_modules/@redux-saga/core/dist/redux-saga-effects.prod.cjs.js
<s> [webpack.Progress] 66% building 587/624 modules 37 active <checkout>/.versionless/work/react-boilerplate-v4-node24/target/node_modules/@redux-saga/core/dist/redux-saga-effects.prod.cjs.js
<s> [webpack.Progress] 66% building 588/624 modules 36 active <checkout>/.versionless/work/react-boilerplate-v4-node24/target/node_modules/@redux-saga/core/dist/redux-saga-effects.prod.cjs.js
<s> [webpack.Progress] 66% building 589/624 modules 35 active <checkout>/.versionless/work/react-boilerplate-v4-node24/target/node_modules/@redux-saga/core/dist/redux-saga-effects.prod.cjs.js
<s> [webpack.Progress] 66% building 590/624 modules 34 active <checkout>/.versionless/work/react-boilerplate-v4-node24/target/node_modules/@redux-saga/core/dist/redux-saga-effects.prod.cjs.js
<s> [webpack.Progress] 66% building 591/624 modules 33 active <checkout>/.versionless/work/react-boilerplate-v4-node24/target/node_modules/@redux-saga/core/dist/redux-saga-effects.prod.cjs.js
<s> [webpack.Progress] 66% building 591/625 modules 34 active <checkout>/.versionless/work/react-boilerplate-v4-node24/target/node_modules/fbjs/lib/warning.js
<s> [webpack.Progress] 66% building 592/625 modules 33 active <checkout>/.versionless/work/react-boilerplate-v4-node24/target/node_modules/fbjs/lib/warning.js
<s> [webpack.Progress] 66% building 593/625 modules 32 active <checkout>/.versionless/work/react-boilerplate-v4-node24/target/node_modules/fbjs/lib/warning.js
<s> [webpack.Progress] 67% building 594/625 modules 31 active <checkout>/.versionless/work/react-boilerplate-v4-node24/target/node_modules/fbjs/lib/warning.js
<s> [webpack.Progress] 67% building 595/625 modules 30 active <checkout>/.versionless/work/react-boilerplate-v4-node24/target/node_modules/fbjs/lib/warning.js
<s> [webpack.Progress] 67% building 596/625 modules 29 active <checkout>/.versionless/work/react-boilerplate-v4-node24/target/node_modules/fbjs/lib/warning.js
<s> [webpack.Progress] 67% building 597/625 modules 28 active <checkout>/.versionless/work/react-boilerplate-v4-node24/target/node_modules/fbjs/lib/warning.js
<s> [webpack.Progress] 67% building 598/625 modules 27 active <checkout>/.versionless/work/react-boilerplate-v4-node24/target/node_modules/fbjs/lib/warning.js
<s> [webpack.Progress] 67% building 599/625 modules 26 active <checkout>/.versionless/work/react-boilerplate-v4-node24/target/node_modules/fbjs/lib/warning.js
<s> [webpack.Progress] 67% building 600/625 modules 25 active <checkout>/.versionless/work/react-boilerplate-v4-node24/target/node_modules/fbjs/lib/warning.js
<s> [webpack.Progress] 67% building 601/625 modules 24 active <checkout>/.versionless/work/react-boilerplate-v4-node24/target/node_modules/fbjs/lib/warning.js
<s> [webpack.Progress] 67% building 602/625 modules 23 active <checkout>/.versionless/work/react-boilerplate-v4-node24/target/node_modules/fbjs/lib/warning.js
<s> [webpack.Progress] 67% building 603/625 modules 22 active <checkout>/.versionless/work/react-boilerplate-v4-node24/target/node_modules/fbjs/lib/warning.js
<s> [webpack.Progress] 67% building 604/625 modules 21 active <checkout>/.versionless/work/react-boilerplate-v4-node24/target/node_modules/fbjs/lib/warning.js
<s> [webpack.Progress] 67% building 604/626 modules 22 active <checkout>/.versionless/work/react-boilerplate-v4-node24/target/node_modules/@babel/polyfill/node_modules/core-js/modules/_math-expm1.js
<s> [webpack.Progress] 67% building 604/627 modules 23 active <checkout>/.versionless/work/react-boilerplate-v4-node24/target/node_modules/@babel/polyfill/node_modules/core-js/modules/_math-sign.js
<s> [webpack.Progress] 67% building 604/628 modules 24 active <checkout>/.versionless/work/react-boilerplate-v4-node24/target/node_modules/@babel/polyfill/node_modules/core-js/modules/_math-log1p.js
<s> [webpack.Progress] 67% building 604/629 modules 25 active <checkout>/.versionless/work/react-boilerplate-v4-node24/target/node_modules/@babel/polyfill/node_modules/core-js/modules/_math-fround.js
<s> [webpack.Progress] 67% building 604/630 modules 26 active <checkout>/.versionless/work/react-boilerplate-v4-node24/target/node_modules/@babel/polyfill/node_modules/core-js/modules/_parse-int.js
<s> [webpack.Progress] 67% building 604/631 modules 27 active <checkout>/.versionless/work/react-boilerplate-v4-node24/target/node_modules/@babel/polyfill/node_modules/core-js/modules/_parse-float.js
<s> [webpack.Progress] 67% building 605/631 modules 26 active <checkout>/.versionless/work/react-boilerplate-v4-node24/target/node_modules/@babel/polyfill/node_modules/core-js/modules/_parse-float.js
<s> [webpack.Progress] 67% building 606/631 modules 25 active <checkout>/.versionless/work/react-boilerplate-v4-node24/target/node_modules/@babel/polyfill/node_modules/core-js/modules/_parse-float.js
<s> [webpack.Progress] 67% building 607/631 modules 24 active <checkout>/.versionless/work/react-boilerplate-v4-node24/target/node_modules/@babel/polyfill/node_modules/core-js/modules/_parse-float.js
<s> [webpack.Progress] 67% building 608/631 modules 23 active <checkout>/.versionless/work/react-boilerplate-v4-node24/target/node_modules/@babel/polyfill/node_modules/core-js/modules/_parse-float.js
<s> [webpack.Progress] 67% building 609/631 modules 22 active <checkout>/.versionless/work/react-boilerplate-v4-node24/target/node_modules/@babel/polyfill/node_modules/core-js/modules/_parse-float.js
<s> [webpack.Progress] 68% building 610/631 modules 21 active <checkout>/.versionless/work/react-boilerplate-v4-node24/target/node_modules/@babel/polyfill/node_modules/core-js/modules/_parse-float.js
<s> [webpack.Progress] 68% building 611/631 modules 20 active <checkout>/.versionless/work/react-boilerplate-v4-node24/target/node_modules/@babel/polyfill/node_modules/core-js/modules/_parse-float.js
<s> [webpack.Progress] 68% building 612/631 modules 19 active <checkout>/.versionless/work/react-boilerplate-v4-node24/target/node_modules/@babel/polyfill/node_modules/core-js/modules/_parse-float.js
<s> [webpack.Progress] 68% building 613/631 modules 18 active <checkout>/.versionless/work/react-boilerplate-v4-node24/target/node_modules/@babel/polyfill/node_modules/core-js/modules/_parse-float.js
<s> [webpack.Progress] 68% building 614/631 modules 17 active <checkout>/.versionless/work/react-boilerplate-v4-node24/target/node_modules/@babel/polyfill/node_modules/core-js/modules/_parse-float.js
<s> [webpack.Progress] 68% building 615/631 modules 16 active <checkout>/.versionless/work/react-boilerplate-v4-node24/target/node_modules/@babel/polyfill/node_modules/core-js/modules/_parse-float.js
<s> [webpack.Progress] 68% building 616/631 modules 15 active <checkout>/.versionless/work/react-boilerplate-v4-node24/target/node_modules/@babel/polyfill/node_modules/core-js/modules/_parse-float.js
<s> [webpack.Progress] 68% building 617/631 modules 14 active <checkout>/.versionless/work/react-boilerplate-v4-node24/target/node_modules/@babel/polyfill/node_modules/core-js/modules/_parse-float.js
<s> [webpack.Progress] 68% building 618/631 modules 13 active <checkout>/.versionless/work/react-boilerplate-v4-node24/target/node_modules/@babel/polyfill/node_modules/core-js/modules/_parse-float.js
<s> [webpack.Progress] 68% building 619/631 modules 12 active <checkout>/.versionless/work/react-boilerplate-v4-node24/target/node_modules/@babel/polyfill/node_modules/core-js/modules/_parse-float.js
<s> [webpack.Progress] 68% building 620/631 modules 11 active <checkout>/.versionless/work/react-boilerplate-v4-node24/target/node_modules/@babel/polyfill/node_modules/core-js/modules/_parse-float.js
<s> [webpack.Progress] 69% building 621/631 modules 10 active <checkout>/.versionless/work/react-boilerplate-v4-node24/target/node_modules/@babel/polyfill/node_modules/core-js/modules/_parse-float.js
<s> [webpack.Progress] 68% building 621/632 modules 11 active <checkout>/.versionless/work/react-boilerplate-v4-node24/target/node_modules/@babel/polyfill/node_modules/core-js/modules/_is-integer.js
<s> [webpack.Progress] 69% building 622/632 modules 10 active <checkout>/.versionless/work/react-boilerplate-v4-node24/target/node_modules/@babel/polyfill/node_modules/core-js/modules/_is-integer.js
<s> [webpack.Progress] 69% building 623/632 modules 9 active <checkout>/.versionless/work/react-boilerplate-v4-node24/target/node_modules/@babel/polyfill/node_modules/core-js/modules/_is-integer.js
<s> [webpack.Progress] 69% building 624/632 modules 8 active <checkout>/.versionless/work/react-boilerplate-v4-node24/target/node_modules/@babel/polyfill/node_modules/core-js/modules/_is-integer.js
<s> [webpack.Progress] 69% building 624/633 modules 9 active <checkout>/.versionless/work/react-boilerplate-v4-node24/target/node_modules/@babel/polyfill/node_modules/core-js/modules/_a-number-value.js
<s> [webpack.Progress] 69% building 625/633 modules 8 active <checkout>/.versionless/work/react-boilerplate-v4-node24/target/node_modules/@babel/polyfill/node_modules/core-js/modules/_a-number-value.js
<s> [webpack.Progress] 69% building 625/634 modules 9 active <checkout>/.versionless/work/react-boilerplate-v4-node24/target/node_modules/gud/index.js
<s> [webpack.Progress] 69% building 626/634 modules 8 active <checkout>/.versionless/work/react-boilerplate-v4-node24/target/node_modules/gud/index.js
<s> [webpack.Progress] 69% building 627/634 modules 7 active <checkout>/.versionless/work/react-boilerplate-v4-node24/target/node_modules/gud/index.js
<s> [webpack.Progress] 69% building 628/634 modules 6 active <checkout>/.versionless/work/react-boilerplate-v4-node24/target/node_modules/gud/index.js
<s> [webpack.Progress] 69% building 629/634 modules 5 active <checkout>/.versionless/work/react-boilerplate-v4-node24/target/node_modules/gud/index.js
<s> [webpack.Progress] 69% building 630/634 modules 4 active <checkout>/.versionless/work/react-boilerplate-v4-node24/target/node_modules/gud/index.js
<s> [webpack.Progress] 69% building 631/634 modules 3 active <checkout>/.versionless/work/react-boilerplate-v4-node24/target/node_modules/gud/index.js
<s> [webpack.Progress] 69% building 632/634 modules 2 active <checkout>/.versionless/work/react-boilerplate-v4-node24/target/node_modules/gud/index.js
<s> [webpack.Progress] 69% building 632/635 modules 3 active <checkout>/.versionless/work/react-boilerplate-v4-node24/target/node_modules/lodash/_overArg.js
<s> [webpack.Progress] 69% building 632/636 modules 4 active <checkout>/.versionless/work/react-boilerplate-v4-node24/target/node_modules/lodash/_freeGlobal.js
<s> [webpack.Progress] 69% building 633/636 modules 3 active <checkout>/.versionless/work/react-boilerplate-v4-node24/target/node_modules/lodash/_freeGlobal.js
<s> [webpack.Progress] 69% building 633/637 modules 4 active <checkout>/.versionless/work/react-boilerplate-v4-node24/target/node_modules/lodash/_getNative.js
<s> [webpack.Progress] 69% building 633/638 modules 5 active <checkout>/.versionless/work/react-boilerplate-v4-node24/target/node_modules/lodash/_baseTimes.js
<s> [webpack.Progress] 69% building 633/639 modules 6 active <checkout>/.versionless/work/react-boilerplate-v4-node24/target/node_modules/lodash/_isIndex.js
<s> [webpack.Progress] 69% building 633/640 modules 7 active <checkout>/.versionless/work/react-boilerplate-v4-node24/target/node_modules/fbjs/lib/emptyFunction.js
<s> [webpack.Progress] 69% building 634/640 modules 6 active <checkout>/.versionless/work/react-boilerplate-v4-node24/target/node_modules/fbjs/lib/emptyFunction.js
<s> [webpack.Progress] 69% building 634/641 modules 7 active <checkout>/.versionless/work/react-boilerplate-v4-node24/target/node_modules/babel-loader/lib/index.js!<checkout>/.versionless/work/react-boilerplate-v4-node24/target/app/components/IssueIcon/index.js
<s> [webpack.Progress] 69% building 635/641 modules 6 active <checkout>/.versionless/work/react-boilerplate-v4-node24/target/node_modules/babel-loader/lib/index.js!<checkout>/.versionless/work/react-boilerplate-v4-node24/target/app/components/IssueIcon/index.js
<s> [webpack.Progress] 69% building 636/641 modules 5 active <checkout>/.versionless/work/react-boilerplate-v4-node24/target/node_modules/babel-loader/lib/index.js!<checkout>/.versionless/work/react-boilerplate-v4-node24/target/app/components/IssueIcon/index.js
<s> [webpack.Progress] 69% building 637/641 modules 4 active <checkout>/.versionless/work/react-boilerplate-v4-node24/target/node_modules/babel-loader/lib/index.js!<checkout>/.versionless/work/react-boilerplate-v4-node24/target/app/components/IssueIcon/index.js
<s> [webpack.Progress] 69% building 638/641 modules 3 active <checkout>/.versionless/work/react-boilerplate-v4-node24/target/node_modules/babel-loader/lib/index.js!<checkout>/.versionless/work/react-boilerplate-v4-node24/target/app/components/IssueIcon/index.js
<s> [webpack.Progress] 69% building 639/641 modules 2 active <checkout>/.versionless/work/react-boilerplate-v4-node24/target/node_modules/babel-loader/lib/index.js!<checkout>/.versionless/work/react-boilerplate-v4-node24/target/app/components/IssueIcon/index.js
<s> [webpack.Progress] 69% building 640/641 modules 1 active <checkout>/.versionless/work/react-boilerplate-v4-node24/target/node_modules/babel-loader/lib/index.js!<checkout>/.versionless/work/react-boilerplate-v4-node24/target/app/components/IssueIcon/index.js
<s> [webpack.Progress] 70% building 641/641 modules 0 active 
<s> [webpack.Progress] 69% building 641/642 modules 1 active <checkout>/.versionless/work/react-boilerplate-v4-node24/target/node_modules/lodash/_baseIsNative.js
<s> [webpack.Progress] 69% building 641/643 modules 2 active <checkout>/.versionless/work/react-boilerplate-v4-node24/target/node_modules/lodash/_getValue.js
<s> [webpack.Progress] 69% building 642/643 modules 1 active <checkout>/.versionless/work/react-boilerplate-v4-node24/target/node_modules/lodash/_getValue.js
<s> [webpack.Progress] 70% building 643/643 modules 0 active 
<s> [webpack.Progress] 69% building 643/644 modules 1 active <checkout>/.versionless/work/react-boilerplate-v4-node24/target/node_modules/lodash/_isMasked.js
<s> [webpack.Progress] 70% building 644/644 modules 0 active 
<s> [webpack.Progress] 69% building 644/645 modules 1 active <checkout>/.versionless/work/react-boilerplate-v4-node24/target/node_modules/lodash/_coreJsData.js
<s> [webpack.Progress] 70% building 645/645 modules 0 active 
<s> [webpack.Progress] 70% building 645/645 modules 0 active 
<s> [webpack.Progress] 70% finish module graph
<s> [webpack.Progress] 70% finish module graph FlagDependencyExportsPlugin
<s> [webpack.Progress] 70% finish module graph WasmFinalizeExportsPlugin
<s> [webpack.Progress] 70% sealing
<s> [webpack.Progress] 70% sealing WarnCaseSensitiveModulesPlugin
<s> [webpack.Progress] 72% basic dependencies optimization
<s> [webpack.Progress] 72% dependencies optimization
<s> [webpack.Progress] 72% dependencies optimization SideEffectsFlagPlugin
<s> [webpack.Progress] 72% dependencies optimization FlagDependencyUsagePlugin
<s> [webpack.Progress] 73% advanced dependencies optimization
<s> [webpack.Progress] 73% after dependencies optimization
<s> [webpack.Progress] 71% chunk graph
<s> [webpack.Progress] 71% after chunk graph
<s> [webpack.Progress] 71% after chunk graph WebAssemblyModulesPlugin
<s> [webpack.Progress] 74% optimizing
<s> [webpack.Progress] 74% basic module optimization
<s> [webpack.Progress] 75% module optimization
<s> [webpack.Progress] 75% advanced module optimization
<s> [webpack.Progress] 76% after module optimization
<s> [webpack.Progress] 76% basic chunk optimization
<s> [webpack.Progress] 76% basic chunk optimization EnsureChunkConditionsPlugin
<s> [webpack.Progress] 76% basic chunk optimization RemoveParentModulesPlugin
<s> [webpack.Progress] 76% basic chunk optimization RemoveEmptyChunksPlugin
<s> [webpack.Progress] 76% basic chunk optimization MergeDuplicateChunksPlugin
<s> [webpack.Progress] 77% chunk optimization
<s> [webpack.Progress] 77% advanced chunk optimization
<s> [webpack.Progress] 77% advanced chunk optimization SplitChunksPlugin
<s> [webpack.Progress] 77% advanced chunk optimization RuntimeChunkPlugin
<s> [webpack.Progress] 77% advanced chunk optimization RemoveEmptyChunksPlugin
<s> [webpack.Progress] 77% after chunk optimization
<s> [webpack.Progress] 78% module and chunk tree optimization
<s> [webpack.Progress] 78% after module and chunk tree optimization
<s> [webpack.Progress] 79% basic chunk modules optimization
<s> [webpack.Progress] 80% chunk modules optimization
<s> [webpack.Progress] 80% chunk modules optimization ModuleConcatenationPlugin
<s> [webpack.Progress] 80% advanced chunk modules optimization
<s> [webpack.Progress] 81% after chunk modules optimization
<s> [webpack.Progress] 81% module reviving
<s> [webpack.Progress] 81% module reviving RecordIdsPlugin
<s> [webpack.Progress] 82% module order optimization
<s> [webpack.Progress] 82% module order optimization OccurrenceOrderModuleIdsPlugin
<s> [webpack.Progress] 82% advanced module order optimization
<s> [webpack.Progress] 83% before module ids
<s> [webpack.Progress] 83% before module ids HashedModuleIdsPlugin
<s> [webpack.Progress] 83% module ids
<s> [webpack.Progress] 84% module id optimization
<s> [webpack.Progress] 84% module id optimization
<s> [webpack.Progress] 85% chunk reviving
<s> [webpack.Progress] 85% chunk reviving RecordIdsPlugin
<s> [webpack.Progress] 85% chunk order optimization
<s> [webpack.Progress] 85% chunk order optimization OccurrenceOrderChunkIdsPlugin
<s> [webpack.Progress] 86% before chunk ids
<s> [webpack.Progress] 86% chunk id optimization
<s> [webpack.Progress] 86% chunk id optimization FlagIncludedChunksPlugin
<s> [webpack.Progress] 87% after chunk id optimization
<s> [webpack.Progress] 87% record modules
<s> [webpack.Progress] 87% record modules RecordIdsPlugin
<s> [webpack.Progress] 87% record chunks
<s> [webpack.Progress] 87% record chunks RecordIdsPlugin
<s> [webpack.Progress] 88% hashing
<s> [webpack.Progress] 88% after hashing
<s> [webpack.Progress] 89% record hash
<s> [webpack.Progress] 89% module assets processing
<s> [webpack.Progress] 90% chunk assets processing
<s> [webpack.Progress] 90% additional chunk assets processing
<s> [webpack.Progress] 91% recording
<s> [webpack.Progress] 92% additional asset processing
<s> [webpack.Progress] 92% chunk asset optimization
<s> [webpack.Progress] 92% chunk asset optimization TerserPlugin
<s> [webpack.Progress] 93% after chunk asset optimization
<s> [webpack.Progress] 93% asset optimization
<s> [webpack.Progress] 94% after asset optimization
<s> [webpack.Progress] 94% after seal
<s> [webpack.Progress] 95% emitting
<s> [webpack.Progress] 95% emitting HtmlWebpackPlugin
<s> [webpack.Progress] 95% emitting OfflinePlugin
<s> [webpack.Progress] 95% emitting CompressionPlugin
<s> [webpack.Progress] 95% emitting webpack-pwa-manifest
<s> [webpack.Progress] 98% after emitting
<s> [webpack.Progress] 98% after emitting SizeLimitsPlugin
<s> [webpack.Progress] 100% 

